run_accession	study_accession	sample_accession	experiment_accession	tax_id	scientific_name	fastq_ftp	submitted_ftp	bam_ftp
ERR5311106	PRJEB30134	SAMEA6450919	ERX5100509	562	Escherichia coli	ftp.sra.ebi.ac.uk/vol1/fastq/ERR531/006/ERR5311106/ERR5311106_1.fastq.gz;ftp.sra.ebi.ac.uk/vol1/fastq/ERR531/006/ERR5311106/ERR5311106_2.fastq.gz	ftp.sra.ebi.ac.uk/vol1/run/ERR531/ERR5311106/33226_5#2.cram;ftp.sra.ebi.ac.uk/vol1/run/ERR531/ERR5311106/33226_5#2.cram.crai	
ERR5311110	PRJEB30134	SAMEA6450666	ERX5100513	562	Escherichia coli	ftp.sra.ebi.ac.uk/vol1/fastq/ERR531/000/ERR5311110/ERR5311110_1.fastq.gz;ftp.sra.ebi.ac.uk/vol1/fastq/ERR531/000/ERR5311110/ERR5311110_2.fastq.gz	ftp.sra.ebi.ac.uk/vol1/run/ERR531/ERR5311110/33226_5#6.cram;ftp.sra.ebi.ac.uk/vol1/run/ERR531/ERR5311110/33226_5#6.cram.crai	
ERR5311111	PRJEB30134	SAMEA6450926	ERX5100514	562	Escherichia coli	ftp.sra.ebi.ac.uk/vol1/fastq/ERR531/001/ERR5311111/ERR5311111_1.fastq.gz;ftp.sra.ebi.ac.uk/vol1/fastq/ERR531/001/ERR5311111/ERR5311111_2.fastq.gz	ftp.sra.ebi.ac.uk/vol1/run/ERR531/ERR5311111/33226_5#7.cram;ftp.sra.ebi.ac.uk/vol1/run/ERR531/ERR5311111/33226_5#7.cram.crai	
ERR5311112	PRJEB30134	SAMEA6450671	ERX5100515	562	Escherichia coli	ftp.sra.ebi.ac.uk/vol1/fastq/ERR531/002/ERR5311112/ERR5311112_1.fastq.gz;ftp.sra.ebi.ac.uk/vol1/fastq/ERR531/002/ERR5311112/ERR5311112_2.fastq.gz	ftp.sra.ebi.ac.uk/vol1/run/ERR531/ERR5311112/33226_5#8.cram;ftp.sra.ebi.ac.uk/vol1/run/ERR531/ERR5311112/33226_5#8.cram.crai	
ERR5311122	PRJEB30134	SAMEA6450717	ERX5100525	562	Escherichia coli	ftp.sra.ebi.ac.uk/vol1/fastq/ERR531/002/ERR5311122/ERR5311122_1.fastq.gz;ftp.sra.ebi.ac.uk/vol1/fastq/ERR531/002/ERR5311122/ERR5311122_2.fastq.gz	ftp.sra.ebi.ac.uk/vol1/run/ERR531/ERR5311122/33226_5#18.cram;ftp.sra.ebi.ac.uk/vol1/run/ERR531/ERR5311122/33226_5#18.cram.crai	
ERR5311129	PRJEB30134	SAMEA6450698	ERX5100532	562	Escherichia coli	ftp.sra.ebi.ac.uk/vol1/fastq/ERR531/009/ERR5311129/ERR5311129_1.fastq.gz;ftp.sra.ebi.ac.uk/vol1/fastq/ERR531/009/ERR5311129/ERR5311129_2.fastq.gz	ftp.sra.ebi.ac.uk/vol1/run/ERR531/ERR5311129/33226_5#25.cram;ftp.sra.ebi.ac.uk/vol1/run/ERR531/ERR5311129/33226_5#25.cram.crai	
ERR5311133	PRJEB30134	SAMEA6450730	ERX5100536	562	Escherichia coli	ftp.sra.ebi.ac.uk/vol1/fastq/ERR531/003/ERR5311133/ERR5311133_1.fastq.gz;ftp.sra.ebi.ac.uk/vol1/fastq/ERR531/003/ERR5311133/ERR5311133_2.fastq.gz	ftp.sra.ebi.ac.uk/vol1/run/ERR531/ERR5311133/33226_5#29.cram;ftp.sra.ebi.ac.uk/vol1/run/ERR531/ERR5311133/33226_5#29.cram.crai	
ERR5311136	PRJEB30134	SAMEA6450942	ERX5100539	562	Escherichia coli	ftp.sra.ebi.ac.uk/vol1/fastq/ERR531/006/ERR5311136/ERR5311136_1.fastq.gz;ftp.sra.ebi.ac.uk/vol1/fastq/ERR531/006/ERR5311136/ERR5311136_2.fastq.gz	ftp.sra.ebi.ac.uk/vol1/run/ERR531/ERR5311136/33226_5#32.cram;ftp.sra.ebi.ac.uk/vol1/run/ERR531/ERR5311136/33226_5#32.cram.crai	
ERR5311137	PRJEB30134	SAMEA6450751	ERX5100540	562	Escherichia coli	ftp.sra.ebi.ac.uk/vol1/fastq/ERR531/007/ERR5311137/ERR5311137_1.fastq.gz;ftp.sra.ebi.ac.uk/vol1/fastq/ERR531/007/ERR5311137/ERR5311137_2.fastq.gz	ftp.sra.ebi.ac.uk/vol1/run/ERR531/ERR5311137/33226_5#33.cram;ftp.sra.ebi.ac.uk/vol1/run/ERR531/ERR5311137/33226_5#33.cram.crai	
ERR5311138	PRJEB30134	SAMEA6450944	ERX5100541	562	Escherichia coli	ftp.sra.ebi.ac.uk/vol1/fastq/ERR531/008/ERR5311138/ERR5311138_1.fastq.gz;ftp.sra.ebi.ac.uk/vol1/fastq/ERR531/008/ERR5311138/ERR5311138_2.fastq.gz	ftp.sra.ebi.ac.uk/vol1/run/ERR531/ERR5311138/33226_5#34.cram;ftp.sra.ebi.ac.uk/vol1/run/ERR531/ERR5311138/33226_5#34.cram.crai	
ERR5311143	PRJEB30134	SAMEA6450775	ERX5100546	562	Escherichia coli	ftp.sra.ebi.ac.uk/vol1/fastq/ERR531/003/ERR5311143/ERR5311143_1.fastq.gz;ftp.sra.ebi.ac.uk/vol1/fastq/ERR531/003/ERR5311143/ERR5311143_2.fastq.gz	ftp.sra.ebi.ac.uk/vol1/run/ERR531/ERR5311143/33226_5#39.cram;ftp.sra.ebi.ac.uk/vol1/run/ERR531/ERR5311143/33226_5#39.cram.crai	
ERR5311144	PRJEB30134	SAMEA6450965	ERX5100547	562	Escherichia coli	ftp.sra.ebi.ac.uk/vol1/fastq/ERR531/004/ERR5311144/ERR5311144_1.fastq.gz;ftp.sra.ebi.ac.uk/vol1/fastq/ERR531/004/ERR5311144/ERR5311144_2.fastq.gz	ftp.sra.ebi.ac.uk/vol1/run/ERR531/ERR5311144/33226_5#40.cram;ftp.sra.ebi.ac.uk/vol1/run/ERR531/ERR5311144/33226_5#40.cram.crai	
ERR5311147	PRJEB30134	SAMEA6450779	ERX5100550	562	Escherichia coli	ftp.sra.ebi.ac.uk/vol1/fastq/ERR531/007/ERR5311147/ERR5311147_1.fastq.gz;ftp.sra.ebi.ac.uk/vol1/fastq/ERR531/007/ERR5311147/ERR5311147_2.fastq.gz	ftp.sra.ebi.ac.uk/vol1/run/ERR531/ERR5311147/33226_5#43.cram;ftp.sra.ebi.ac.uk/vol1/run/ERR531/ERR5311147/33226_5#43.cram.crai	
ERR5311154	PRJEB30134	SAMEA6450783	ERX5100557	562	Escherichia coli	ftp.sra.ebi.ac.uk/vol1/fastq/ERR531/004/ERR5311154/ERR5311154_1.fastq.gz;ftp.sra.ebi.ac.uk/vol1/fastq/ERR531/004/ERR5311154/ERR5311154_2.fastq.gz	ftp.sra.ebi.ac.uk/vol1/run/ERR531/ERR5311154/33226_5#50.cram;ftp.sra.ebi.ac.uk/vol1/run/ERR531/ERR5311154/33226_5#50.cram.crai	
ERR5311156	PRJEB30134	SAMEA6450784	ERX5100559	562	Escherichia coli	ftp.sra.ebi.ac.uk/vol1/fastq/ERR531/006/ERR5311156/ERR5311156_1.fastq.gz;ftp.sra.ebi.ac.uk/vol1/fastq/ERR531/006/ERR5311156/ERR5311156_2.fastq.gz	ftp.sra.ebi.ac.uk/vol1/run/ERR531/ERR5311156/33226_5#52.cram;ftp.sra.ebi.ac.uk/vol1/run/ERR531/ERR5311156/33226_5#52.cram.crai	
ERR5311157	PRJEB30134	SAMEA6450976	ERX5100560	562	Escherichia coli	ftp.sra.ebi.ac.uk/vol1/fastq/ERR531/007/ERR5311157/ERR5311157_1.fastq.gz;ftp.sra.ebi.ac.uk/vol1/fastq/ERR531/007/ERR5311157/ERR5311157_2.fastq.gz	ftp.sra.ebi.ac.uk/vol1/run/ERR531/ERR5311157/33226_5#53.cram;ftp.sra.ebi.ac.uk/vol1/run/ERR531/ERR5311157/33226_5#53.cram.crai	
ERR5311160	PRJEB30134	SAMEA6450790	ERX5100563	562	Escherichia coli	ftp.sra.ebi.ac.uk/vol1/fastq/ERR531/000/ERR5311160/ERR5311160_1.fastq.gz;ftp.sra.ebi.ac.uk/vol1/fastq/ERR531/000/ERR5311160/ERR5311160_2.fastq.gz	ftp.sra.ebi.ac.uk/vol1/run/ERR531/ERR5311160/33226_5#56.cram;ftp.sra.ebi.ac.uk/vol1/run/ERR531/ERR5311160/33226_5#56.cram.crai	
ERR5311171	PRJEB30134	SAMEA6450805	ERX5100574	562	Escherichia coli	ftp.sra.ebi.ac.uk/vol1/fastq/ERR531/001/ERR5311171/ERR5311171_1.fastq.gz;ftp.sra.ebi.ac.uk/vol1/fastq/ERR531/001/ERR5311171/ERR5311171_2.fastq.gz	ftp.sra.ebi.ac.uk/vol1/run/ERR531/ERR5311171/33226_5#67.cram;ftp.sra.ebi.ac.uk/vol1/run/ERR531/ERR5311171/33226_5#67.cram.crai	
ERR5311173	PRJEB30134	SAMEA6450807	ERX5100576	562	Escherichia coli	ftp.sra.ebi.ac.uk/vol1/fastq/ERR531/003/ERR5311173/ERR5311173_1.fastq.gz;ftp.sra.ebi.ac.uk/vol1/fastq/ERR531/003/ERR5311173/ERR5311173_2.fastq.gz	ftp.sra.ebi.ac.uk/vol1/run/ERR531/ERR5311173/33226_5#69.cram;ftp.sra.ebi.ac.uk/vol1/run/ERR531/ERR5311173/33226_5#69.cram.crai	
ERR5311174	PRJEB30134	SAMEA6450981	ERX5100577	562	Escherichia coli	ftp.sra.ebi.ac.uk/vol1/fastq/ERR531/004/ERR5311174/ERR5311174_1.fastq.gz;ftp.sra.ebi.ac.uk/vol1/fastq/ERR531/004/ERR5311174/ERR5311174_2.fastq.gz	ftp.sra.ebi.ac.uk/vol1/run/ERR531/ERR5311174/33226_5#70.cram;ftp.sra.ebi.ac.uk/vol1/run/ERR531/ERR5311174/33226_5#70.cram.crai	
ERR5311179	PRJEB30134	SAMEA6450812	ERX5100582	562	Escherichia coli	ftp.sra.ebi.ac.uk/vol1/fastq/ERR531/009/ERR5311179/ERR5311179_1.fastq.gz;ftp.sra.ebi.ac.uk/vol1/fastq/ERR531/009/ERR5311179/ERR5311179_2.fastq.gz	ftp.sra.ebi.ac.uk/vol1/run/ERR531/ERR5311179/33226_5#75.cram;ftp.sra.ebi.ac.uk/vol1/run/ERR531/ERR5311179/33226_5#75.cram.crai	
ERR5311183	PRJEB30134	SAMEA6450816	ERX5100586	562	Escherichia coli	ftp.sra.ebi.ac.uk/vol1/fastq/ERR531/003/ERR5311183/ERR5311183_1.fastq.gz;ftp.sra.ebi.ac.uk/vol1/fastq/ERR531/003/ERR5311183/ERR5311183_2.fastq.gz	ftp.sra.ebi.ac.uk/vol1/run/ERR531/ERR5311183/33226_5#79.cram;ftp.sra.ebi.ac.uk/vol1/run/ERR531/ERR5311183/33226_5#79.cram.crai	
ERR5311188	PRJEB30134	SAMEA6450950	ERX5100591	562	Escherichia coli	ftp.sra.ebi.ac.uk/vol1/fastq/ERR531/008/ERR5311188/ERR5311188_1.fastq.gz;ftp.sra.ebi.ac.uk/vol1/fastq/ERR531/008/ERR5311188/ERR5311188_2.fastq.gz	ftp.sra.ebi.ac.uk/vol1/run/ERR531/ERR5311188/33226_5#84.cram;ftp.sra.ebi.ac.uk/vol1/run/ERR531/ERR5311188/33226_5#84.cram.crai	
ERR5311191	PRJEB30134	SAMEA6450952	ERX5100594	562	Escherichia coli	ftp.sra.ebi.ac.uk/vol1/fastq/ERR531/001/ERR5311191/ERR5311191_1.fastq.gz;ftp.sra.ebi.ac.uk/vol1/fastq/ERR531/001/ERR5311191/ERR5311191_2.fastq.gz	ftp.sra.ebi.ac.uk/vol1/run/ERR531/ERR5311191/33226_5#87.cram;ftp.sra.ebi.ac.uk/vol1/run/ERR531/ERR5311191/33226_5#87.cram.crai	
ERR5311192	PRJEB30134	SAMEA6450826	ERX5100595	562	Escherichia coli	ftp.sra.ebi.ac.uk/vol1/fastq/ERR531/002/ERR5311192/ERR5311192_1.fastq.gz;ftp.sra.ebi.ac.uk/vol1/fastq/ERR531/002/ERR5311192/ERR5311192_2.fastq.gz	ftp.sra.ebi.ac.uk/vol1/run/ERR531/ERR5311192/33226_5#88.cram;ftp.sra.ebi.ac.uk/vol1/run/ERR531/ERR5311192/33226_5#88.cram.crai	
ERR5311193	PRJEB30134	SAMEA6450955	ERX5100596	562	Escherichia coli	ftp.sra.ebi.ac.uk/vol1/fastq/ERR531/003/ERR5311193/ERR5311193_1.fastq.gz;ftp.sra.ebi.ac.uk/vol1/fastq/ERR531/003/ERR5311193/ERR5311193_2.fastq.gz	ftp.sra.ebi.ac.uk/vol1/run/ERR531/ERR5311193/33226_5#89.cram;ftp.sra.ebi.ac.uk/vol1/run/ERR531/ERR5311193/33226_5#89.cram.crai	
ERR5311194	PRJEB30134	SAMEA6450830	ERX5100597	562	Escherichia coli	ftp.sra.ebi.ac.uk/vol1/fastq/ERR531/004/ERR5311194/ERR5311194_1.fastq.gz;ftp.sra.ebi.ac.uk/vol1/fastq/ERR531/004/ERR5311194/ERR5311194_2.fastq.gz	ftp.sra.ebi.ac.uk/vol1/run/ERR531/ERR5311194/33226_5#90.cram;ftp.sra.ebi.ac.uk/vol1/run/ERR531/ERR5311194/33226_5#90.cram.crai	
ERR5311210	PRJEB30134	SAMEA6450982	ERX5100613	562	Escherichia coli	ftp.sra.ebi.ac.uk/vol1/fastq/ERR531/000/ERR5311210/ERR5311210_1.fastq.gz;ftp.sra.ebi.ac.uk/vol1/fastq/ERR531/000/ERR5311210/ERR5311210_2.fastq.gz	ftp.sra.ebi.ac.uk/vol1/run/ERR531/ERR5311210/33226_5#106.cram;ftp.sra.ebi.ac.uk/vol1/run/ERR531/ERR5311210/33226_5#106.cram.crai	
ERR5311211	PRJEB30134	SAMEA6450850	ERX5100614	562	Escherichia coli	ftp.sra.ebi.ac.uk/vol1/fastq/ERR531/001/ERR5311211/ERR5311211_1.fastq.gz;ftp.sra.ebi.ac.uk/vol1/fastq/ERR531/001/ERR5311211/ERR5311211_2.fastq.gz	ftp.sra.ebi.ac.uk/vol1/run/ERR531/ERR5311211/33226_5#107.cram;ftp.sra.ebi.ac.uk/vol1/run/ERR531/ERR5311211/33226_5#107.cram.crai	
ERR5311215	PRJEB30134	SAMEA6450855	ERX5100618	562	Escherichia coli	ftp.sra.ebi.ac.uk/vol1/fastq/ERR531/005/ERR5311215/ERR5311215_1.fastq.gz;ftp.sra.ebi.ac.uk/vol1/fastq/ERR531/005/ERR5311215/ERR5311215_2.fastq.gz	ftp.sra.ebi.ac.uk/vol1/run/ERR531/ERR5311215/33226_5#111.cram;ftp.sra.ebi.ac.uk/vol1/run/ERR531/ERR5311215/33226_5#111.cram.crai	
ERR5311220	PRJEB30134	SAMEA6450989	ERX5100623	562	Escherichia coli	ftp.sra.ebi.ac.uk/vol1/fastq/ERR531/000/ERR5311220/ERR5311220_1.fastq.gz;ftp.sra.ebi.ac.uk/vol1/fastq/ERR531/000/ERR5311220/ERR5311220_2.fastq.gz	ftp.sra.ebi.ac.uk/vol1/run/ERR531/ERR5311220/33226_5#116.cram;ftp.sra.ebi.ac.uk/vol1/run/ERR531/ERR5311220/33226_5#116.cram.crai	
ERR5311223	PRJEB30134	SAMEA6450863	ERX5100626	562	Escherichia coli	ftp.sra.ebi.ac.uk/vol1/fastq/ERR531/003/ERR5311223/ERR5311223_1.fastq.gz;ftp.sra.ebi.ac.uk/vol1/fastq/ERR531/003/ERR5311223/ERR5311223_2.fastq.gz	ftp.sra.ebi.ac.uk/vol1/run/ERR531/ERR5311223/33226_5#119.cram;ftp.sra.ebi.ac.uk/vol1/run/ERR531/ERR5311223/33226_5#119.cram.crai	
ERR5311226	PRJEB30134	SAMEA6450992	ERX5100629	562	Escherichia coli	ftp.sra.ebi.ac.uk/vol1/fastq/ERR531/006/ERR5311226/ERR5311226_1.fastq.gz;ftp.sra.ebi.ac.uk/vol1/fastq/ERR531/006/ERR5311226/ERR5311226_2.fastq.gz	ftp.sra.ebi.ac.uk/vol1/run/ERR531/ERR5311226/33226_5#122.cram;ftp.sra.ebi.ac.uk/vol1/run/ERR531/ERR5311226/33226_5#122.cram.crai	
ERR5311227	PRJEB30134	SAMEA6450866	ERX5100630	562	Escherichia coli	ftp.sra.ebi.ac.uk/vol1/fastq/ERR531/007/ERR5311227/ERR5311227_1.fastq.gz;ftp.sra.ebi.ac.uk/vol1/fastq/ERR531/007/ERR5311227/ERR5311227_2.fastq.gz	ftp.sra.ebi.ac.uk/vol1/run/ERR531/ERR5311227/33226_5#123.cram;ftp.sra.ebi.ac.uk/vol1/run/ERR531/ERR5311227/33226_5#123.cram.crai	
ERR5311228	PRJEB30134	SAMEA6450994	ERX5100631	562	Escherichia coli	ftp.sra.ebi.ac.uk/vol1/fastq/ERR531/008/ERR5311228/ERR5311228_1.fastq.gz;ftp.sra.ebi.ac.uk/vol1/fastq/ERR531/008/ERR5311228/ERR5311228_2.fastq.gz	ftp.sra.ebi.ac.uk/vol1/run/ERR531/ERR5311228/33226_5#124.cram;ftp.sra.ebi.ac.uk/vol1/run/ERR531/ERR5311228/33226_5#124.cram.crai	
ERR5311231	PRJEB30134	SAMEA6450870	ERX5100634	562	Escherichia coli	ftp.sra.ebi.ac.uk/vol1/fastq/ERR531/001/ERR5311231/ERR5311231_1.fastq.gz;ftp.sra.ebi.ac.uk/vol1/fastq/ERR531/001/ERR5311231/ERR5311231_2.fastq.gz	ftp.sra.ebi.ac.uk/vol1/run/ERR531/ERR5311231/33226_5#127.cram;ftp.sra.ebi.ac.uk/vol1/run/ERR531/ERR5311231/33226_5#127.cram.crai	
ERR5311234	PRJEB30134	SAMEA6450871	ERX5100637	562	Escherichia coli	ftp.sra.ebi.ac.uk/vol1/fastq/ERR531/004/ERR5311234/ERR5311234_1.fastq.gz;ftp.sra.ebi.ac.uk/vol1/fastq/ERR531/004/ERR5311234/ERR5311234_2.fastq.gz	ftp.sra.ebi.ac.uk/vol1/run/ERR531/ERR5311234/33226_5#130.cram;ftp.sra.ebi.ac.uk/vol1/run/ERR531/ERR5311234/33226_5#130.cram.crai	
ERR5311235	PRJEB30134	SAMEA6450998	ERX5100638	562	Escherichia coli	ftp.sra.ebi.ac.uk/vol1/fastq/ERR531/005/ERR5311235/ERR5311235_1.fastq.gz;ftp.sra.ebi.ac.uk/vol1/fastq/ERR531/005/ERR5311235/ERR5311235_2.fastq.gz	ftp.sra.ebi.ac.uk/vol1/run/ERR531/ERR5311235/33226_5#131.cram;ftp.sra.ebi.ac.uk/vol1/run/ERR531/ERR5311235/33226_5#131.cram.crai	
ERR5311238	PRJEB30134	SAMEA6450876	ERX5100641	562	Escherichia coli	ftp.sra.ebi.ac.uk/vol1/fastq/ERR531/008/ERR5311238/ERR5311238_1.fastq.gz;ftp.sra.ebi.ac.uk/vol1/fastq/ERR531/008/ERR5311238/ERR5311238_2.fastq.gz	ftp.sra.ebi.ac.uk/vol1/run/ERR531/ERR5311238/33226_5#134.cram;ftp.sra.ebi.ac.uk/vol1/run/ERR531/ERR5311238/33226_5#134.cram.crai	
ERR5311239	PRJEB30134	SAMEA6451000	ERX5100642	562	Escherichia coli	ftp.sra.ebi.ac.uk/vol1/fastq/ERR531/009/ERR5311239/ERR5311239_1.fastq.gz;ftp.sra.ebi.ac.uk/vol1/fastq/ERR531/009/ERR5311239/ERR5311239_2.fastq.gz	ftp.sra.ebi.ac.uk/vol1/run/ERR531/ERR5311239/33226_5#135.cram;ftp.sra.ebi.ac.uk/vol1/run/ERR531/ERR5311239/33226_5#135.cram.crai	
ERR5311241	PRJEB30134	SAMEA6451003	ERX5100644	562	Escherichia coli	ftp.sra.ebi.ac.uk/vol1/fastq/ERR531/001/ERR5311241/ERR5311241_1.fastq.gz;ftp.sra.ebi.ac.uk/vol1/fastq/ERR531/001/ERR5311241/ERR5311241_2.fastq.gz	ftp.sra.ebi.ac.uk/vol1/run/ERR531/ERR5311241/33226_5#137.cram;ftp.sra.ebi.ac.uk/vol1/run/ERR531/ERR5311241/33226_5#137.cram.crai	
ERR5311246	PRJEB30134	SAMEA6450880	ERX5100649	562	Escherichia coli	ftp.sra.ebi.ac.uk/vol1/fastq/ERR531/006/ERR5311246/ERR5311246_1.fastq.gz;ftp.sra.ebi.ac.uk/vol1/fastq/ERR531/006/ERR5311246/ERR5311246_2.fastq.gz	ftp.sra.ebi.ac.uk/vol1/run/ERR531/ERR5311246/33226_5#142.cram;ftp.sra.ebi.ac.uk/vol1/run/ERR531/ERR5311246/33226_5#142.cram.crai	
ERR5311247	PRJEB30134	SAMEA6450882	ERX5100650	562	Escherichia coli	ftp.sra.ebi.ac.uk/vol1/fastq/ERR531/007/ERR5311247/ERR5311247_1.fastq.gz;ftp.sra.ebi.ac.uk/vol1/fastq/ERR531/007/ERR5311247/ERR5311247_2.fastq.gz	ftp.sra.ebi.ac.uk/vol1/run/ERR531/ERR5311247/33226_5#143.cram;ftp.sra.ebi.ac.uk/vol1/run/ERR531/ERR5311247/33226_5#143.cram.crai	
ERR5311249	PRJEB30134	SAMEA6450881	ERX5100652	562	Escherichia coli	ftp.sra.ebi.ac.uk/vol1/fastq/ERR531/009/ERR5311249/ERR5311249_1.fastq.gz;ftp.sra.ebi.ac.uk/vol1/fastq/ERR531/009/ERR5311249/ERR5311249_2.fastq.gz	ftp.sra.ebi.ac.uk/vol1/run/ERR531/ERR5311249/33226_5#145.cram;ftp.sra.ebi.ac.uk/vol1/run/ERR531/ERR5311249/33226_5#145.cram.crai	
ERR5311250	PRJEB30134	SAMEA6451006	ERX5100653	562	Escherichia coli	ftp.sra.ebi.ac.uk/vol1/fastq/ERR531/000/ERR5311250/ERR5311250_1.fastq.gz;ftp.sra.ebi.ac.uk/vol1/fastq/ERR531/000/ERR5311250/ERR5311250_2.fastq.gz	ftp.sra.ebi.ac.uk/vol1/run/ERR531/ERR5311250/33226_5#146.cram;ftp.sra.ebi.ac.uk/vol1/run/ERR531/ERR5311250/33226_5#146.cram.crai	
ERR5311252	PRJEB30134	SAMEA6451005	ERX5100655	562	Escherichia coli	ftp.sra.ebi.ac.uk/vol1/fastq/ERR531/002/ERR5311252/ERR5311252_1.fastq.gz;ftp.sra.ebi.ac.uk/vol1/fastq/ERR531/002/ERR5311252/ERR5311252_2.fastq.gz	ftp.sra.ebi.ac.uk/vol1/run/ERR531/ERR5311252/33226_5#148.cram;ftp.sra.ebi.ac.uk/vol1/run/ERR531/ERR5311252/33226_5#148.cram.crai	
ERR5311253	PRJEB30134	SAMEA6450885	ERX5100656	562	Escherichia coli	ftp.sra.ebi.ac.uk/vol1/fastq/ERR531/003/ERR5311253/ERR5311253_1.fastq.gz;ftp.sra.ebi.ac.uk/vol1/fastq/ERR531/003/ERR5311253/ERR5311253_2.fastq.gz	ftp.sra.ebi.ac.uk/vol1/run/ERR531/ERR5311253/33226_5#149.cram;ftp.sra.ebi.ac.uk/vol1/run/ERR531/ERR5311253/33226_5#149.cram.crai	
ERR5311256	PRJEB30134	SAMEA6451009	ERX5100659	562	Escherichia coli	ftp.sra.ebi.ac.uk/vol1/fastq/ERR531/006/ERR5311256/ERR5311256_1.fastq.gz;ftp.sra.ebi.ac.uk/vol1/fastq/ERR531/006/ERR5311256/ERR5311256_2.fastq.gz	ftp.sra.ebi.ac.uk/vol1/run/ERR531/ERR5311256/33226_5#152.cram;ftp.sra.ebi.ac.uk/vol1/run/ERR531/ERR5311256/33226_5#152.cram.crai	
ERR5311257	PRJEB30134	SAMEA6450890	ERX5100660	562	Escherichia coli	ftp.sra.ebi.ac.uk/vol1/fastq/ERR531/007/ERR5311257/ERR5311257_1.fastq.gz;ftp.sra.ebi.ac.uk/vol1/fastq/ERR531/007/ERR5311257/ERR5311257_2.fastq.gz	ftp.sra.ebi.ac.uk/vol1/run/ERR531/ERR5311257/33226_5#153.cram;ftp.sra.ebi.ac.uk/vol1/run/ERR531/ERR5311257/33226_5#153.cram.crai	
ERR5311258	PRJEB30134	SAMEA6451007	ERX5100661	562	Escherichia coli	ftp.sra.ebi.ac.uk/vol1/fastq/ERR531/008/ERR5311258/ERR5311258_1.fastq.gz;ftp.sra.ebi.ac.uk/vol1/fastq/ERR531/008/ERR5311258/ERR5311258_2.fastq.gz	ftp.sra.ebi.ac.uk/vol1/run/ERR531/ERR5311258/33226_5#154.cram;ftp.sra.ebi.ac.uk/vol1/run/ERR531/ERR5311258/33226_5#154.cram.crai	
ERR5311260	PRJEB30134	SAMEA6451011	ERX5100663	562	Escherichia coli	ftp.sra.ebi.ac.uk/vol1/fastq/ERR531/000/ERR5311260/ERR5311260_1.fastq.gz;ftp.sra.ebi.ac.uk/vol1/fastq/ERR531/000/ERR5311260/ERR5311260_2.fastq.gz	ftp.sra.ebi.ac.uk/vol1/run/ERR531/ERR5311260/33226_5#156.cram;ftp.sra.ebi.ac.uk/vol1/run/ERR531/ERR5311260/33226_5#156.cram.crai	
ERR5311262	PRJEB30134	SAMEA6451014	ERX5100665	562	Escherichia coli	ftp.sra.ebi.ac.uk/vol1/fastq/ERR531/002/ERR5311262/ERR5311262_1.fastq.gz;ftp.sra.ebi.ac.uk/vol1/fastq/ERR531/002/ERR5311262/ERR5311262_2.fastq.gz	ftp.sra.ebi.ac.uk/vol1/run/ERR531/ERR5311262/33226_5#158.cram;ftp.sra.ebi.ac.uk/vol1/run/ERR531/ERR5311262/33226_5#158.cram.crai	
ERR5311265	PRJEB30134	SAMEA6450893	ERX5100668	562	Escherichia coli	ftp.sra.ebi.ac.uk/vol1/fastq/ERR531/005/ERR5311265/ERR5311265_1.fastq.gz;ftp.sra.ebi.ac.uk/vol1/fastq/ERR531/005/ERR5311265/ERR5311265_2.fastq.gz	ftp.sra.ebi.ac.uk/vol1/run/ERR531/ERR5311265/33226_5#161.cram;ftp.sra.ebi.ac.uk/vol1/run/ERR531/ERR5311265/33226_5#161.cram.crai	
ERR5311268	PRJEB30134	SAMEA6451016	ERX5100671	562	Escherichia coli	ftp.sra.ebi.ac.uk/vol1/fastq/ERR531/008/ERR5311268/ERR5311268_1.fastq.gz;ftp.sra.ebi.ac.uk/vol1/fastq/ERR531/008/ERR5311268/ERR5311268_2.fastq.gz	ftp.sra.ebi.ac.uk/vol1/run/ERR531/ERR5311268/33226_5#164.cram;ftp.sra.ebi.ac.uk/vol1/run/ERR531/ERR5311268/33226_5#164.cram.crai	
ERR5311271	PRJEB30134	SAMEA6450896	ERX5100674	562	Escherichia coli	ftp.sra.ebi.ac.uk/vol1/fastq/ERR531/001/ERR5311271/ERR5311271_1.fastq.gz;ftp.sra.ebi.ac.uk/vol1/fastq/ERR531/001/ERR5311271/ERR5311271_2.fastq.gz	ftp.sra.ebi.ac.uk/vol1/run/ERR531/ERR5311271/33226_5#167.cram;ftp.sra.ebi.ac.uk/vol1/run/ERR531/ERR5311271/33226_5#167.cram.crai	
ERR5311273	PRJEB30134	SAMEA6451018	ERX5100676	562	Escherichia coli	ftp.sra.ebi.ac.uk/vol1/fastq/ERR531/003/ERR5311273/ERR5311273_1.fastq.gz;ftp.sra.ebi.ac.uk/vol1/fastq/ERR531/003/ERR5311273/ERR5311273_2.fastq.gz	ftp.sra.ebi.ac.uk/vol1/run/ERR531/ERR5311273/33226_5#169.cram;ftp.sra.ebi.ac.uk/vol1/run/ERR531/ERR5311273/33226_5#169.cram.crai	
ERR5311274	PRJEB30134	SAMEA6450899	ERX5100677	562	Escherichia coli	ftp.sra.ebi.ac.uk/vol1/fastq/ERR531/004/ERR5311274/ERR5311274_1.fastq.gz;ftp.sra.ebi.ac.uk/vol1/fastq/ERR531/004/ERR5311274/ERR5311274_2.fastq.gz	ftp.sra.ebi.ac.uk/vol1/run/ERR531/ERR5311274/33226_5#170.cram;ftp.sra.ebi.ac.uk/vol1/run/ERR531/ERR5311274/33226_5#170.cram.crai	
ERR5311275	PRJEB30134	SAMEA6451022	ERX5100678	562	Escherichia coli	ftp.sra.ebi.ac.uk/vol1/fastq/ERR531/005/ERR5311275/ERR5311275_1.fastq.gz;ftp.sra.ebi.ac.uk/vol1/fastq/ERR531/005/ERR5311275/ERR5311275_2.fastq.gz	ftp.sra.ebi.ac.uk/vol1/run/ERR531/ERR5311275/33226_5#171.cram;ftp.sra.ebi.ac.uk/vol1/run/ERR531/ERR5311275/33226_5#171.cram.crai	
ERR5311277	PRJEB30134	SAMEA6451023	ERX5100680	562	Escherichia coli	ftp.sra.ebi.ac.uk/vol1/fastq/ERR531/007/ERR5311277/ERR5311277_1.fastq.gz;ftp.sra.ebi.ac.uk/vol1/fastq/ERR531/007/ERR5311277/ERR5311277_2.fastq.gz	ftp.sra.ebi.ac.uk/vol1/run/ERR531/ERR5311277/33226_5#173.cram;ftp.sra.ebi.ac.uk/vol1/run/ERR531/ERR5311277/33226_5#173.cram.crai	
ERR5311278	PRJEB30134	SAMEA6450900	ERX5100681	562	Escherichia coli	ftp.sra.ebi.ac.uk/vol1/fastq/ERR531/008/ERR5311278/ERR5311278_1.fastq.gz;ftp.sra.ebi.ac.uk/vol1/fastq/ERR531/008/ERR5311278/ERR5311278_2.fastq.gz	ftp.sra.ebi.ac.uk/vol1/run/ERR531/ERR5311278/33226_5#174.cram;ftp.sra.ebi.ac.uk/vol1/run/ERR531/ERR5311278/33226_5#174.cram.crai	
ERR5311280	PRJEB30134	SAMEA6450902	ERX5100683	562	Escherichia coli	ftp.sra.ebi.ac.uk/vol1/fastq/ERR531/000/ERR5311280/ERR5311280_1.fastq.gz;ftp.sra.ebi.ac.uk/vol1/fastq/ERR531/000/ERR5311280/ERR5311280_2.fastq.gz	ftp.sra.ebi.ac.uk/vol1/run/ERR531/ERR5311280/33226_5#176.cram;ftp.sra.ebi.ac.uk/vol1/run/ERR531/ERR5311280/33226_5#176.cram.crai	
ERR5311288	PRJEB30134	SAMEA6451027	ERX5100691	562	Escherichia coli	ftp.sra.ebi.ac.uk/vol1/fastq/ERR531/008/ERR5311288/ERR5311288_1.fastq.gz;ftp.sra.ebi.ac.uk/vol1/fastq/ERR531/008/ERR5311288/ERR5311288_2.fastq.gz	ftp.sra.ebi.ac.uk/vol1/run/ERR531/ERR5311288/33226_5#184.cram;ftp.sra.ebi.ac.uk/vol1/run/ERR531/ERR5311288/33226_5#184.cram.crai	
ERR5311289	PRJEB30134	SAMEA6450910	ERX5100692	562	Escherichia coli	ftp.sra.ebi.ac.uk/vol1/fastq/ERR531/009/ERR5311289/ERR5311289_1.fastq.gz;ftp.sra.ebi.ac.uk/vol1/fastq/ERR531/009/ERR5311289/ERR5311289_2.fastq.gz	ftp.sra.ebi.ac.uk/vol1/run/ERR531/ERR5311289/33226_5#185.cram;ftp.sra.ebi.ac.uk/vol1/run/ERR531/ERR5311289/33226_5#185.cram.crai	
ERR5386277	PRJEB30134	SAMEA6451031	ERX5171203	562	Escherichia coli	ftp.sra.ebi.ac.uk/vol1/fastq/ERR538/007/ERR5386277/ERR5386277_1.fastq.gz;ftp.sra.ebi.ac.uk/vol1/fastq/ERR538/007/ERR5386277/ERR5386277_2.fastq.gz	ftp.sra.ebi.ac.uk/vol1/run/ERR538/ERR5386277/33431_1#1.cram;ftp.sra.ebi.ac.uk/vol1/run/ERR538/ERR5386277/33431_1#1.cram.crai	
ERR5386280	PRJEB30134	SAMEA6451146	ERX5171206	550	Enterobacter cloacae	ftp.sra.ebi.ac.uk/vol1/fastq/ERR538/000/ERR5386280/ERR5386280_1.fastq.gz;ftp.sra.ebi.ac.uk/vol1/fastq/ERR538/000/ERR5386280/ERR5386280_2.fastq.gz	ftp.sra.ebi.ac.uk/vol1/run/ERR538/ERR5386280/33431_1#4.cram	
ERR5386281	PRJEB30134	SAMEA6451037	ERX5171207	562	Escherichia coli	ftp.sra.ebi.ac.uk/vol1/fastq/ERR538/001/ERR5386281/ERR5386281_1.fastq.gz;ftp.sra.ebi.ac.uk/vol1/fastq/ERR538/001/ERR5386281/ERR5386281_2.fastq.gz	ftp.sra.ebi.ac.uk/vol1/run/ERR538/ERR5386281/33431_1#5.cram;ftp.sra.ebi.ac.uk/vol1/run/ERR538/ERR5386281/33431_1#5.cram.crai	
ERR5386286	PRJEB30134	SAMEA6451150	ERX5171212	573	Klebsiella pneumoniae	ftp.sra.ebi.ac.uk/vol1/fastq/ERR538/006/ERR5386286/ERR5386286_1.fastq.gz;ftp.sra.ebi.ac.uk/vol1/fastq/ERR538/006/ERR5386286/ERR5386286_2.fastq.gz	ftp.sra.ebi.ac.uk/vol1/run/ERR538/ERR5386286/33431_1#10.cram;ftp.sra.ebi.ac.uk/vol1/run/ERR538/ERR5386286/33431_1#10.cram.crai	
ERR5386287	PRJEB30134	SAMEA6451034	ERX5171213	562	Escherichia coli	ftp.sra.ebi.ac.uk/vol1/fastq/ERR538/007/ERR5386287/ERR5386287_1.fastq.gz;ftp.sra.ebi.ac.uk/vol1/fastq/ERR538/007/ERR5386287/ERR5386287_2.fastq.gz	ftp.sra.ebi.ac.uk/vol1/run/ERR538/ERR5386287/33431_1#11.cram;ftp.sra.ebi.ac.uk/vol1/run/ERR538/ERR5386287/33431_1#11.cram.crai	
ERR5386288	PRJEB30134	SAMEA6451152	ERX5171214	470	Acinetobacter baumannii	ftp.sra.ebi.ac.uk/vol1/fastq/ERR538/008/ERR5386288/ERR5386288_1.fastq.gz;ftp.sra.ebi.ac.uk/vol1/fastq/ERR538/008/ERR5386288/ERR5386288_2.fastq.gz	ftp.sra.ebi.ac.uk/vol1/run/ERR538/ERR5386288/33431_1#12.cram;ftp.sra.ebi.ac.uk/vol1/run/ERR538/ERR5386288/33431_1#12.cram.crai	
ERR5386289	PRJEB30134	SAMEA6451038	ERX5171215	562	Escherichia coli	ftp.sra.ebi.ac.uk/vol1/fastq/ERR538/009/ERR5386289/ERR5386289_1.fastq.gz;ftp.sra.ebi.ac.uk/vol1/fastq/ERR538/009/ERR5386289/ERR5386289_2.fastq.gz	ftp.sra.ebi.ac.uk/vol1/run/ERR538/ERR5386289/33431_1#13.cram;ftp.sra.ebi.ac.uk/vol1/run/ERR538/ERR5386289/33431_1#13.cram.crai	
ERR5386291	PRJEB30134	SAMEA6451148	ERX5171217	546	Citrobacter freundii	ftp.sra.ebi.ac.uk/vol1/fastq/ERR538/001/ERR5386291/ERR5386291_1.fastq.gz;ftp.sra.ebi.ac.uk/vol1/fastq/ERR538/001/ERR5386291/ERR5386291_2.fastq.gz	ftp.sra.ebi.ac.uk/vol1/run/ERR538/ERR5386291/33431_1#15.cram	
ERR5386293	PRJEB30134	SAMEA6451151	ERX5171219	470	Acinetobacter baumannii	ftp.sra.ebi.ac.uk/vol1/fastq/ERR538/003/ERR5386293/ERR5386293_1.fastq.gz;ftp.sra.ebi.ac.uk/vol1/fastq/ERR538/003/ERR5386293/ERR5386293_2.fastq.gz	ftp.sra.ebi.ac.uk/vol1/run/ERR538/ERR5386293/33431_1#17.cram;ftp.sra.ebi.ac.uk/vol1/run/ERR538/ERR5386293/33431_1#17.cram.crai	
ERR5386295	PRJEB30134	SAMEA6451153	ERX5171221	550	Enterobacter cloacae	ftp.sra.ebi.ac.uk/vol1/fastq/ERR538/005/ERR5386295/ERR5386295_1.fastq.gz;ftp.sra.ebi.ac.uk/vol1/fastq/ERR538/005/ERR5386295/ERR5386295_2.fastq.gz	ftp.sra.ebi.ac.uk/vol1/run/ERR538/ERR5386295/33431_1#19.cram	
ERR5386299	PRJEB30134	SAMEA6451160	ERX5171225	573	Klebsiella pneumoniae	ftp.sra.ebi.ac.uk/vol1/fastq/ERR538/009/ERR5386299/ERR5386299_1.fastq.gz;ftp.sra.ebi.ac.uk/vol1/fastq/ERR538/009/ERR5386299/ERR5386299_2.fastq.gz	ftp.sra.ebi.ac.uk/vol1/run/ERR538/ERR5386299/33431_1#23.cram;ftp.sra.ebi.ac.uk/vol1/run/ERR538/ERR5386299/33431_1#23.cram.crai	
ERR5386300	PRJEB30134	SAMEA6451042	ERX5171226	562	Escherichia coli	ftp.sra.ebi.ac.uk/vol1/fastq/ERR538/000/ERR5386300/ERR5386300_1.fastq.gz;ftp.sra.ebi.ac.uk/vol1/fastq/ERR538/000/ERR5386300/ERR5386300_2.fastq.gz	ftp.sra.ebi.ac.uk/vol1/run/ERR538/ERR5386300/33431_1#24.cram;ftp.sra.ebi.ac.uk/vol1/run/ERR538/ERR5386300/33431_1#24.cram.crai	
ERR5386302	PRJEB30134	SAMEA6451046	ERX5171228	562	Escherichia coli	ftp.sra.ebi.ac.uk/vol1/fastq/ERR538/002/ERR5386302/ERR5386302_1.fastq.gz;ftp.sra.ebi.ac.uk/vol1/fastq/ERR538/002/ERR5386302/ERR5386302_2.fastq.gz	ftp.sra.ebi.ac.uk/vol1/run/ERR538/ERR5386302/33431_1#26.cram;ftp.sra.ebi.ac.uk/vol1/run/ERR538/ERR5386302/33431_1#26.cram.crai	
ERR5386304	PRJEB30134	SAMEA6451050	ERX5171230	562	Escherichia coli	ftp.sra.ebi.ac.uk/vol1/fastq/ERR538/004/ERR5386304/ERR5386304_1.fastq.gz;ftp.sra.ebi.ac.uk/vol1/fastq/ERR538/004/ERR5386304/ERR5386304_2.fastq.gz	ftp.sra.ebi.ac.uk/vol1/run/ERR538/ERR5386304/33431_1#28.cram;ftp.sra.ebi.ac.uk/vol1/run/ERR538/ERR5386304/33431_1#28.cram.crai	
ERR5386305	PRJEB30134	SAMEA6451048	ERX5171231	562	Escherichia coli	ftp.sra.ebi.ac.uk/vol1/fastq/ERR538/005/ERR5386305/ERR5386305_1.fastq.gz;ftp.sra.ebi.ac.uk/vol1/fastq/ERR538/005/ERR5386305/ERR5386305_2.fastq.gz	ftp.sra.ebi.ac.uk/vol1/run/ERR538/ERR5386305/33431_1#29.cram;ftp.sra.ebi.ac.uk/vol1/run/ERR538/ERR5386305/33431_1#29.cram.crai	
ERR5386309	PRJEB30134	SAMEA6451051	ERX5171235	562	Escherichia coli	ftp.sra.ebi.ac.uk/vol1/fastq/ERR538/009/ERR5386309/ERR5386309_1.fastq.gz;ftp.sra.ebi.ac.uk/vol1/fastq/ERR538/009/ERR5386309/ERR5386309_2.fastq.gz	ftp.sra.ebi.ac.uk/vol1/run/ERR538/ERR5386309/33431_1#33.cram;ftp.sra.ebi.ac.uk/vol1/run/ERR538/ERR5386309/33431_1#33.cram.crai	
ERR5386315	PRJEB30134	SAMEA6451054	ERX5171241	562	Escherichia coli	ftp.sra.ebi.ac.uk/vol1/fastq/ERR538/005/ERR5386315/ERR5386315_1.fastq.gz;ftp.sra.ebi.ac.uk/vol1/fastq/ERR538/005/ERR5386315/ERR5386315_2.fastq.gz	ftp.sra.ebi.ac.uk/vol1/run/ERR538/ERR5386315/33431_1#39.cram;ftp.sra.ebi.ac.uk/vol1/run/ERR538/ERR5386315/33431_1#39.cram.crai	
ERR5386323	PRJEB30134	SAMEA6451058	ERX5171249	562	Escherichia coli	ftp.sra.ebi.ac.uk/vol1/fastq/ERR538/003/ERR5386323/ERR5386323_1.fastq.gz;ftp.sra.ebi.ac.uk/vol1/fastq/ERR538/003/ERR5386323/ERR5386323_2.fastq.gz	ftp.sra.ebi.ac.uk/vol1/run/ERR538/ERR5386323/33431_1#47.cram;ftp.sra.ebi.ac.uk/vol1/run/ERR538/ERR5386323/33431_1#47.cram.crai	
ERR5386325	PRJEB30134	SAMEA6451065	ERX5171251	562	Escherichia coli	ftp.sra.ebi.ac.uk/vol1/fastq/ERR538/005/ERR5386325/ERR5386325_1.fastq.gz;ftp.sra.ebi.ac.uk/vol1/fastq/ERR538/005/ERR5386325/ERR5386325_2.fastq.gz	ftp.sra.ebi.ac.uk/vol1/run/ERR538/ERR5386325/33431_1#49.cram;ftp.sra.ebi.ac.uk/vol1/run/ERR538/ERR5386325/33431_1#49.cram.crai	
ERR5386328	PRJEB30134	SAMEA6451170	ERX5171254	573	Klebsiella pneumoniae	ftp.sra.ebi.ac.uk/vol1/fastq/ERR538/008/ERR5386328/ERR5386328_1.fastq.gz;ftp.sra.ebi.ac.uk/vol1/fastq/ERR538/008/ERR5386328/ERR5386328_2.fastq.gz	ftp.sra.ebi.ac.uk/vol1/run/ERR538/ERR5386328/33431_1#52.cram;ftp.sra.ebi.ac.uk/vol1/run/ERR538/ERR5386328/33431_1#52.cram.crai	
ERR5386330	PRJEB30134	SAMEA6451171	ERX5171256	573	Klebsiella pneumoniae	ftp.sra.ebi.ac.uk/vol1/fastq/ERR538/000/ERR5386330/ERR5386330_1.fastq.gz;ftp.sra.ebi.ac.uk/vol1/fastq/ERR538/000/ERR5386330/ERR5386330_2.fastq.gz	ftp.sra.ebi.ac.uk/vol1/run/ERR538/ERR5386330/33431_1#54.cram;ftp.sra.ebi.ac.uk/vol1/run/ERR538/ERR5386330/33431_1#54.cram.crai	
ERR5386335	PRJEB30134	SAMEA6451176	ERX5171261	573	Klebsiella pneumoniae	ftp.sra.ebi.ac.uk/vol1/fastq/ERR538/005/ERR5386335/ERR5386335_1.fastq.gz;ftp.sra.ebi.ac.uk/vol1/fastq/ERR538/005/ERR5386335/ERR5386335_2.fastq.gz	ftp.sra.ebi.ac.uk/vol1/run/ERR538/ERR5386335/33431_1#59.cram;ftp.sra.ebi.ac.uk/vol1/run/ERR538/ERR5386335/33431_1#59.cram.crai	
ERR5386342	PRJEB30134	SAMEA6451074	ERX5171268	562	Escherichia coli	ftp.sra.ebi.ac.uk/vol1/fastq/ERR538/002/ERR5386342/ERR5386342_1.fastq.gz;ftp.sra.ebi.ac.uk/vol1/fastq/ERR538/002/ERR5386342/ERR5386342_2.fastq.gz	ftp.sra.ebi.ac.uk/vol1/run/ERR538/ERR5386342/33431_1#66.cram;ftp.sra.ebi.ac.uk/vol1/run/ERR538/ERR5386342/33431_1#66.cram.crai	
ERR5386344	PRJEB30134	SAMEA6451075	ERX5171270	562	Escherichia coli	ftp.sra.ebi.ac.uk/vol1/fastq/ERR538/004/ERR5386344/ERR5386344_1.fastq.gz;ftp.sra.ebi.ac.uk/vol1/fastq/ERR538/004/ERR5386344/ERR5386344_2.fastq.gz	ftp.sra.ebi.ac.uk/vol1/run/ERR538/ERR5386344/33431_1#68.cram;ftp.sra.ebi.ac.uk/vol1/run/ERR538/ERR5386344/33431_1#68.cram.crai	
ERR5386347	PRJEB30134	SAMEA6451076	ERX5171273	562	Escherichia coli	ftp.sra.ebi.ac.uk/vol1/fastq/ERR538/007/ERR5386347/ERR5386347_1.fastq.gz;ftp.sra.ebi.ac.uk/vol1/fastq/ERR538/007/ERR5386347/ERR5386347_2.fastq.gz	ftp.sra.ebi.ac.uk/vol1/run/ERR538/ERR5386347/33431_1#71.cram;ftp.sra.ebi.ac.uk/vol1/run/ERR538/ERR5386347/33431_1#71.cram.crai	
ERR5386348	PRJEB30134	SAMEA6451180	ERX5171274	573	Klebsiella pneumoniae	ftp.sra.ebi.ac.uk/vol1/fastq/ERR538/008/ERR5386348/ERR5386348_1.fastq.gz;ftp.sra.ebi.ac.uk/vol1/fastq/ERR538/008/ERR5386348/ERR5386348_2.fastq.gz	ftp.sra.ebi.ac.uk/vol1/run/ERR538/ERR5386348/33431_1#72.cram;ftp.sra.ebi.ac.uk/vol1/run/ERR538/ERR5386348/33431_1#72.cram.crai	
ERR5386353	PRJEB30134	SAMEA6451080	ERX5171279	562	Escherichia coli	ftp.sra.ebi.ac.uk/vol1/fastq/ERR538/003/ERR5386353/ERR5386353_1.fastq.gz;ftp.sra.ebi.ac.uk/vol1/fastq/ERR538/003/ERR5386353/ERR5386353_2.fastq.gz	ftp.sra.ebi.ac.uk/vol1/run/ERR538/ERR5386353/33431_1#77.cram;ftp.sra.ebi.ac.uk/vol1/run/ERR538/ERR5386353/33431_1#77.cram.crai	
ERR5386354	PRJEB30134	SAMEA6451182	ERX5171280	573	Klebsiella pneumoniae	ftp.sra.ebi.ac.uk/vol1/fastq/ERR538/004/ERR5386354/ERR5386354_1.fastq.gz;ftp.sra.ebi.ac.uk/vol1/fastq/ERR538/004/ERR5386354/ERR5386354_2.fastq.gz	ftp.sra.ebi.ac.uk/vol1/run/ERR538/ERR5386354/33431_1#78.cram;ftp.sra.ebi.ac.uk/vol1/run/ERR538/ERR5386354/33431_1#78.cram.crai	
ERR5386357	PRJEB30134	SAMEA6451083	ERX5171283	562	Escherichia coli	ftp.sra.ebi.ac.uk/vol1/fastq/ERR538/007/ERR5386357/ERR5386357_1.fastq.gz;ftp.sra.ebi.ac.uk/vol1/fastq/ERR538/007/ERR5386357/ERR5386357_2.fastq.gz	ftp.sra.ebi.ac.uk/vol1/run/ERR538/ERR5386357/33431_1#81.cram;ftp.sra.ebi.ac.uk/vol1/run/ERR538/ERR5386357/33431_1#81.cram.crai	
ERR5386359	PRJEB30134	SAMEA6451084	ERX5171285	562	Escherichia coli	ftp.sra.ebi.ac.uk/vol1/fastq/ERR538/009/ERR5386359/ERR5386359_1.fastq.gz;ftp.sra.ebi.ac.uk/vol1/fastq/ERR538/009/ERR5386359/ERR5386359_2.fastq.gz	ftp.sra.ebi.ac.uk/vol1/run/ERR538/ERR5386359/33431_1#83.cram;ftp.sra.ebi.ac.uk/vol1/run/ERR538/ERR5386359/33431_1#83.cram.crai	
ERR5386362	PRJEB30134	SAMEA6451187	ERX5171288	573	Klebsiella pneumoniae	ftp.sra.ebi.ac.uk/vol1/fastq/ERR538/002/ERR5386362/ERR5386362_1.fastq.gz;ftp.sra.ebi.ac.uk/vol1/fastq/ERR538/002/ERR5386362/ERR5386362_2.fastq.gz	ftp.sra.ebi.ac.uk/vol1/run/ERR538/ERR5386362/33431_1#86.cram;ftp.sra.ebi.ac.uk/vol1/run/ERR538/ERR5386362/33431_1#86.cram.crai	
ERR5386365	PRJEB30134	SAMEA6451082	ERX5171291	562	Escherichia coli	ftp.sra.ebi.ac.uk/vol1/fastq/ERR538/005/ERR5386365/ERR5386365_1.fastq.gz;ftp.sra.ebi.ac.uk/vol1/fastq/ERR538/005/ERR5386365/ERR5386365_2.fastq.gz	ftp.sra.ebi.ac.uk/vol1/run/ERR538/ERR5386365/33431_1#89.cram;ftp.sra.ebi.ac.uk/vol1/run/ERR538/ERR5386365/33431_1#89.cram.crai	
ERR5386369	PRJEB30134	SAMEA6451087	ERX5171295	562	Escherichia coli	ftp.sra.ebi.ac.uk/vol1/fastq/ERR538/009/ERR5386369/ERR5386369_1.fastq.gz;ftp.sra.ebi.ac.uk/vol1/fastq/ERR538/009/ERR5386369/ERR5386369_2.fastq.gz	ftp.sra.ebi.ac.uk/vol1/run/ERR538/ERR5386369/33431_1#93.cram;ftp.sra.ebi.ac.uk/vol1/run/ERR538/ERR5386369/33431_1#93.cram.crai	
ERR5386373	PRJEB30134	SAMEA6451192	ERX5171299	573	Klebsiella pneumoniae	ftp.sra.ebi.ac.uk/vol1/fastq/ERR538/003/ERR5386373/ERR5386373_1.fastq.gz;ftp.sra.ebi.ac.uk/vol1/fastq/ERR538/003/ERR5386373/ERR5386373_2.fastq.gz	ftp.sra.ebi.ac.uk/vol1/run/ERR538/ERR5386373/33431_1#97.cram;ftp.sra.ebi.ac.uk/vol1/run/ERR538/ERR5386373/33431_1#97.cram.crai	
ERR5386374	PRJEB30134	SAMEA6451094	ERX5171300	573	Klebsiella pneumoniae	ftp.sra.ebi.ac.uk/vol1/fastq/ERR538/004/ERR5386374/ERR5386374_1.fastq.gz;ftp.sra.ebi.ac.uk/vol1/fastq/ERR538/004/ERR5386374/ERR5386374_2.fastq.gz	ftp.sra.ebi.ac.uk/vol1/run/ERR538/ERR5386374/33431_1#98.cram;ftp.sra.ebi.ac.uk/vol1/run/ERR538/ERR5386374/33431_1#98.cram.crai	
ERR5386380	PRJEB30134	SAMEA6451098	ERX5171306	287	Pseudomonas aeruginosa	ftp.sra.ebi.ac.uk/vol1/fastq/ERR538/000/ERR5386380/ERR5386380_1.fastq.gz;ftp.sra.ebi.ac.uk/vol1/fastq/ERR538/000/ERR5386380/ERR5386380_2.fastq.gz	ftp.sra.ebi.ac.uk/vol1/run/ERR538/ERR5386380/33431_1#104.cram;ftp.sra.ebi.ac.uk/vol1/run/ERR538/ERR5386380/33431_1#104.cram.crai	
ERR5386388	PRJEB30134	SAMEA6451198	ERX5171314	571	Klebsiella oxytoca	ftp.sra.ebi.ac.uk/vol1/fastq/ERR538/008/ERR5386388/ERR5386388_1.fastq.gz;ftp.sra.ebi.ac.uk/vol1/fastq/ERR538/008/ERR5386388/ERR5386388_2.fastq.gz	ftp.sra.ebi.ac.uk/vol1/run/ERR538/ERR5386388/33431_1#112.cram	
ERR5386393	PRJEB30134	SAMEA6451103	ERX5171319	573	Klebsiella pneumoniae	ftp.sra.ebi.ac.uk/vol1/fastq/ERR538/003/ERR5386393/ERR5386393_1.fastq.gz;ftp.sra.ebi.ac.uk/vol1/fastq/ERR538/003/ERR5386393/ERR5386393_2.fastq.gz	ftp.sra.ebi.ac.uk/vol1/run/ERR538/ERR5386393/33431_1#117.cram;ftp.sra.ebi.ac.uk/vol1/run/ERR538/ERR5386393/33431_1#117.cram.crai	
ERR5386395	PRJEB30134	SAMEA6451104	ERX5171321	562	Escherichia coli	ftp.sra.ebi.ac.uk/vol1/fastq/ERR538/005/ERR5386395/ERR5386395_1.fastq.gz;ftp.sra.ebi.ac.uk/vol1/fastq/ERR538/005/ERR5386395/ERR5386395_2.fastq.gz	ftp.sra.ebi.ac.uk/vol1/run/ERR538/ERR5386395/33431_1#119.cram;ftp.sra.ebi.ac.uk/vol1/run/ERR538/ERR5386395/33431_1#119.cram.crai	
ERR5386403	PRJEB30134	SAMEA6451106	ERX5171329	562	Escherichia coli	ftp.sra.ebi.ac.uk/vol1/fastq/ERR538/003/ERR5386403/ERR5386403_1.fastq.gz;ftp.sra.ebi.ac.uk/vol1/fastq/ERR538/003/ERR5386403/ERR5386403_2.fastq.gz	ftp.sra.ebi.ac.uk/vol1/run/ERR538/ERR5386403/33431_1#127.cram;ftp.sra.ebi.ac.uk/vol1/run/ERR538/ERR5386403/33431_1#127.cram.crai	
ERR5386405	PRJEB30134	SAMEA6451108	ERX5171331	562	Escherichia coli	ftp.sra.ebi.ac.uk/vol1/fastq/ERR538/005/ERR5386405/ERR5386405_1.fastq.gz;ftp.sra.ebi.ac.uk/vol1/fastq/ERR538/005/ERR5386405/ERR5386405_2.fastq.gz	ftp.sra.ebi.ac.uk/vol1/run/ERR538/ERR5386405/33431_1#129.cram;ftp.sra.ebi.ac.uk/vol1/run/ERR538/ERR5386405/33431_1#129.cram.crai	
ERR5386411	PRJEB30134	SAMEA6451112	ERX5171337	546	Citrobacter freundii	ftp.sra.ebi.ac.uk/vol1/fastq/ERR538/001/ERR5386411/ERR5386411_1.fastq.gz;ftp.sra.ebi.ac.uk/vol1/fastq/ERR538/001/ERR5386411/ERR5386411_2.fastq.gz	ftp.sra.ebi.ac.uk/vol1/run/ERR538/ERR5386411/33431_1#135.cram	
ERR5386413	PRJEB30134	SAMEA6451117	ERX5171339	546	Citrobacter freundii	ftp.sra.ebi.ac.uk/vol1/fastq/ERR538/003/ERR5386413/ERR5386413_1.fastq.gz;ftp.sra.ebi.ac.uk/vol1/fastq/ERR538/003/ERR5386413/ERR5386413_2.fastq.gz	ftp.sra.ebi.ac.uk/vol1/run/ERR538/ERR5386413/33431_1#137.cram	
ERR5386414	PRJEB30134	SAMEA6451228	ERX5171340	571	Klebsiella oxytoca	ftp.sra.ebi.ac.uk/vol1/fastq/ERR538/004/ERR5386414/ERR5386414_1.fastq.gz;ftp.sra.ebi.ac.uk/vol1/fastq/ERR538/004/ERR5386414/ERR5386414_2.fastq.gz	ftp.sra.ebi.ac.uk/vol1/run/ERR538/ERR5386414/33431_1#138.cram	
ERR5386419	PRJEB30134	SAMEA6451231	ERX5171345	573	Klebsiella pneumoniae	ftp.sra.ebi.ac.uk/vol1/fastq/ERR538/009/ERR5386419/ERR5386419_1.fastq.gz;ftp.sra.ebi.ac.uk/vol1/fastq/ERR538/009/ERR5386419/ERR5386419_2.fastq.gz	ftp.sra.ebi.ac.uk/vol1/run/ERR538/ERR5386419/33431_1#143.cram;ftp.sra.ebi.ac.uk/vol1/run/ERR538/ERR5386419/33431_1#143.cram.crai	
ERR5386423	PRJEB30134	SAMEA6451234	ERX5171349	573	Klebsiella pneumoniae	ftp.sra.ebi.ac.uk/vol1/fastq/ERR538/003/ERR5386423/ERR5386423_1.fastq.gz;ftp.sra.ebi.ac.uk/vol1/fastq/ERR538/003/ERR5386423/ERR5386423_2.fastq.gz	ftp.sra.ebi.ac.uk/vol1/run/ERR538/ERR5386423/33431_1#147.cram;ftp.sra.ebi.ac.uk/vol1/run/ERR538/ERR5386423/33431_1#147.cram.crai	
ERR5386424	PRJEB30134	SAMEA6451120	ERX5171350	562	Escherichia coli	ftp.sra.ebi.ac.uk/vol1/fastq/ERR538/004/ERR5386424/ERR5386424_1.fastq.gz;ftp.sra.ebi.ac.uk/vol1/fastq/ERR538/004/ERR5386424/ERR5386424_2.fastq.gz	ftp.sra.ebi.ac.uk/vol1/run/ERR538/ERR5386424/33431_1#148.cram;ftp.sra.ebi.ac.uk/vol1/run/ERR538/ERR5386424/33431_1#148.cram.crai	
ERR5386427	PRJEB30134	SAMEA6451213	ERX5171353	573	Klebsiella pneumoniae	ftp.sra.ebi.ac.uk/vol1/fastq/ERR538/007/ERR5386427/ERR5386427_1.fastq.gz;ftp.sra.ebi.ac.uk/vol1/fastq/ERR538/007/ERR5386427/ERR5386427_2.fastq.gz	ftp.sra.ebi.ac.uk/vol1/run/ERR538/ERR5386427/33431_1#151.cram;ftp.sra.ebi.ac.uk/vol1/run/ERR538/ERR5386427/33431_1#151.cram.crai	
ERR5386428	PRJEB30134	SAMEA6451122	ERX5171354	54291	Klebsiella ornithinolytica	ftp.sra.ebi.ac.uk/vol1/fastq/ERR538/008/ERR5386428/ERR5386428_1.fastq.gz;ftp.sra.ebi.ac.uk/vol1/fastq/ERR538/008/ERR5386428/ERR5386428_2.fastq.gz	ftp.sra.ebi.ac.uk/vol1/run/ERR538/ERR5386428/33431_1#152.cram	
ERR5386429	PRJEB30134	SAMEA6451121	ERX5171355	550	Enterobacter cloacae	ftp.sra.ebi.ac.uk/vol1/fastq/ERR538/009/ERR5386429/ERR5386429_1.fastq.gz;ftp.sra.ebi.ac.uk/vol1/fastq/ERR538/009/ERR5386429/ERR5386429_2.fastq.gz	ftp.sra.ebi.ac.uk/vol1/run/ERR538/ERR5386429/33431_1#153.cram	
ERR5386432	PRJEB30134	SAMEA6451216	ERX5171358	573	Klebsiella pneumoniae	ftp.sra.ebi.ac.uk/vol1/fastq/ERR538/002/ERR5386432/ERR5386432_1.fastq.gz;ftp.sra.ebi.ac.uk/vol1/fastq/ERR538/002/ERR5386432/ERR5386432_2.fastq.gz	ftp.sra.ebi.ac.uk/vol1/run/ERR538/ERR5386432/33431_1#156.cram;ftp.sra.ebi.ac.uk/vol1/run/ERR538/ERR5386432/33431_1#156.cram.crai	
ERR5386433	PRJEB30134	SAMEA6451125	ERX5171359	573	Klebsiella pneumoniae	ftp.sra.ebi.ac.uk/vol1/fastq/ERR538/003/ERR5386433/ERR5386433_1.fastq.gz;ftp.sra.ebi.ac.uk/vol1/fastq/ERR538/003/ERR5386433/ERR5386433_2.fastq.gz	ftp.sra.ebi.ac.uk/vol1/run/ERR538/ERR5386433/33431_1#157.cram;ftp.sra.ebi.ac.uk/vol1/run/ERR538/ERR5386433/33431_1#157.cram.crai	
ERR5386435	PRJEB30134	SAMEA6451129	ERX5171361	573	Klebsiella pneumoniae	ftp.sra.ebi.ac.uk/vol1/fastq/ERR538/005/ERR5386435/ERR5386435_1.fastq.gz;ftp.sra.ebi.ac.uk/vol1/fastq/ERR538/005/ERR5386435/ERR5386435_2.fastq.gz	ftp.sra.ebi.ac.uk/vol1/run/ERR538/ERR5386435/33431_1#159.cram;ftp.sra.ebi.ac.uk/vol1/run/ERR538/ERR5386435/33431_1#159.cram.crai	
ERR5386436	PRJEB30134	SAMEA6451220	ERX5171362	573	Klebsiella pneumoniae	ftp.sra.ebi.ac.uk/vol1/fastq/ERR538/006/ERR5386436/ERR5386436_1.fastq.gz;ftp.sra.ebi.ac.uk/vol1/fastq/ERR538/006/ERR5386436/ERR5386436_2.fastq.gz	ftp.sra.ebi.ac.uk/vol1/run/ERR538/ERR5386436/33431_1#160.cram;ftp.sra.ebi.ac.uk/vol1/run/ERR538/ERR5386436/33431_1#160.cram.crai	
ERR5386438	PRJEB30134	SAMEA6451219	ERX5171364	573	Klebsiella pneumoniae	ftp.sra.ebi.ac.uk/vol1/fastq/ERR538/008/ERR5386438/ERR5386438_1.fastq.gz;ftp.sra.ebi.ac.uk/vol1/fastq/ERR538/008/ERR5386438/ERR5386438_2.fastq.gz	ftp.sra.ebi.ac.uk/vol1/run/ERR538/ERR5386438/33431_1#162.cram;ftp.sra.ebi.ac.uk/vol1/run/ERR538/ERR5386438/33431_1#162.cram.crai	
ERR5386443	PRJEB30134	SAMEA6451131	ERX5171369	573	Klebsiella pneumoniae	ftp.sra.ebi.ac.uk/vol1/fastq/ERR538/003/ERR5386443/ERR5386443_1.fastq.gz;ftp.sra.ebi.ac.uk/vol1/fastq/ERR538/003/ERR5386443/ERR5386443_2.fastq.gz	ftp.sra.ebi.ac.uk/vol1/run/ERR538/ERR5386443/33431_1#167.cram;ftp.sra.ebi.ac.uk/vol1/run/ERR538/ERR5386443/33431_1#167.cram.crai	
ERR5386446	PRJEB30134	SAMEA6451222	ERX5171372	244366	Klebsiella variicola	ftp.sra.ebi.ac.uk/vol1/fastq/ERR538/006/ERR5386446/ERR5386446_1.fastq.gz;ftp.sra.ebi.ac.uk/vol1/fastq/ERR538/006/ERR5386446/ERR5386446_2.fastq.gz	ftp.sra.ebi.ac.uk/vol1/run/ERR538/ERR5386446/33431_1#170.cram	
ERR5386447	PRJEB30134	SAMEA6451133	ERX5171373	573	Klebsiella pneumoniae	ftp.sra.ebi.ac.uk/vol1/fastq/ERR538/007/ERR5386447/ERR5386447_1.fastq.gz;ftp.sra.ebi.ac.uk/vol1/fastq/ERR538/007/ERR5386447/ERR5386447_2.fastq.gz	ftp.sra.ebi.ac.uk/vol1/run/ERR538/ERR5386447/33431_1#171.cram;ftp.sra.ebi.ac.uk/vol1/run/ERR538/ERR5386447/33431_1#171.cram.crai	
ERR5386448	PRJEB30134	SAMEA6451223	ERX5171374	562	Escherichia coli	ftp.sra.ebi.ac.uk/vol1/fastq/ERR538/008/ERR5386448/ERR5386448_1.fastq.gz;ftp.sra.ebi.ac.uk/vol1/fastq/ERR538/008/ERR5386448/ERR5386448_2.fastq.gz	ftp.sra.ebi.ac.uk/vol1/run/ERR538/ERR5386448/33431_1#172.cram;ftp.sra.ebi.ac.uk/vol1/run/ERR538/ERR5386448/33431_1#172.cram.crai	
ERR5386449	PRJEB30134	SAMEA6451132	ERX5171375	573	Klebsiella pneumoniae	ftp.sra.ebi.ac.uk/vol1/fastq/ERR538/009/ERR5386449/ERR5386449_1.fastq.gz;ftp.sra.ebi.ac.uk/vol1/fastq/ERR538/009/ERR5386449/ERR5386449_2.fastq.gz	ftp.sra.ebi.ac.uk/vol1/run/ERR538/ERR5386449/33431_1#173.cram;ftp.sra.ebi.ac.uk/vol1/run/ERR538/ERR5386449/33431_1#173.cram.crai	
ERR5386450	PRJEB30134	SAMEA6451232	ERX5171376	40215	Acinetobacter junii	ftp.sra.ebi.ac.uk/vol1/fastq/ERR538/000/ERR5386450/ERR5386450_1.fastq.gz;ftp.sra.ebi.ac.uk/vol1/fastq/ERR538/000/ERR5386450/ERR5386450_2.fastq.gz	ftp.sra.ebi.ac.uk/vol1/run/ERR538/ERR5386450/33431_1#174.cram	
ERR5386453	PRJEB30134	SAMEA6451137	ERX5171379	28090	Acinetobacter lwoffii	ftp.sra.ebi.ac.uk/vol1/fastq/ERR538/003/ERR5386453/ERR5386453_1.fastq.gz;ftp.sra.ebi.ac.uk/vol1/fastq/ERR538/003/ERR5386453/ERR5386453_2.fastq.gz	ftp.sra.ebi.ac.uk/vol1/run/ERR538/ERR5386453/33431_1#177.cram	
ERR5386456	PRJEB30134	SAMEA6451134	ERX5171382	562	Escherichia coli	ftp.sra.ebi.ac.uk/vol1/fastq/ERR538/006/ERR5386456/ERR5386456_1.fastq.gz;ftp.sra.ebi.ac.uk/vol1/fastq/ERR538/006/ERR5386456/ERR5386456_2.fastq.gz	ftp.sra.ebi.ac.uk/vol1/run/ERR538/ERR5386456/33431_1#180.cram;ftp.sra.ebi.ac.uk/vol1/run/ERR538/ERR5386456/33431_1#180.cram.crai	
ERR5386460	PRJEB30134	SAMEA6451138	ERX5171386	562	Escherichia coli	ftp.sra.ebi.ac.uk/vol1/fastq/ERR538/000/ERR5386460/ERR5386460_1.fastq.gz;ftp.sra.ebi.ac.uk/vol1/fastq/ERR538/000/ERR5386460/ERR5386460_2.fastq.gz	ftp.sra.ebi.ac.uk/vol1/run/ERR538/ERR5386460/33431_1#184.cram;ftp.sra.ebi.ac.uk/vol1/run/ERR538/ERR5386460/33431_1#184.cram.crai	
ERR5386461	PRJEB30134	SAMEA6450662	ERX5171387	562	Escherichia coli	ftp.sra.ebi.ac.uk/vol1/fastq/ERR538/001/ERR5386461/ERR5386461_1.fastq.gz;ftp.sra.ebi.ac.uk/vol1/fastq/ERR538/001/ERR5386461/ERR5386461_2.fastq.gz	ftp.sra.ebi.ac.uk/vol1/run/ERR538/ERR5386461/33431_1#185.cram;ftp.sra.ebi.ac.uk/vol1/run/ERR538/ERR5386461/33431_1#185.cram.crai	
ERR5386462	PRJEB30134	SAMEA6451140	ERX5171388	573	Klebsiella pneumoniae	ftp.sra.ebi.ac.uk/vol1/fastq/ERR538/002/ERR5386462/ERR5386462_1.fastq.gz;ftp.sra.ebi.ac.uk/vol1/fastq/ERR538/002/ERR5386462/ERR5386462_2.fastq.gz	ftp.sra.ebi.ac.uk/vol1/run/ERR538/ERR5386462/33431_1#186.cram;ftp.sra.ebi.ac.uk/vol1/run/ERR538/ERR5386462/33431_1#186.cram.crai	
ERR5386463	PRJEB30134	SAMEA6450664	ERX5171389	562	Escherichia coli	ftp.sra.ebi.ac.uk/vol1/fastq/ERR538/003/ERR5386463/ERR5386463_1.fastq.gz;ftp.sra.ebi.ac.uk/vol1/fastq/ERR538/003/ERR5386463/ERR5386463_2.fastq.gz	ftp.sra.ebi.ac.uk/vol1/run/ERR538/ERR5386463/33431_1#187.cram;ftp.sra.ebi.ac.uk/vol1/run/ERR538/ERR5386463/33431_1#187.cram.crai	
ERR5386464	PRJEB30134	SAMEA6451141	ERX5171390	573	Klebsiella pneumoniae	ftp.sra.ebi.ac.uk/vol1/fastq/ERR538/004/ERR5386464/ERR5386464_1.fastq.gz;ftp.sra.ebi.ac.uk/vol1/fastq/ERR538/004/ERR5386464/ERR5386464_2.fastq.gz	ftp.sra.ebi.ac.uk/vol1/run/ERR538/ERR5386464/33431_1#188.cram;ftp.sra.ebi.ac.uk/vol1/run/ERR538/ERR5386464/33431_1#188.cram.crai	
ERR5386468	PRJEB30134	SAMEA6451144	ERX5171394	573	Klebsiella pneumoniae	ftp.sra.ebi.ac.uk/vol1/fastq/ERR538/008/ERR5386468/ERR5386468_1.fastq.gz;ftp.sra.ebi.ac.uk/vol1/fastq/ERR538/008/ERR5386468/ERR5386468_2.fastq.gz	ftp.sra.ebi.ac.uk/vol1/run/ERR538/ERR5386468/33431_1#192.cram;ftp.sra.ebi.ac.uk/vol1/run/ERR538/ERR5386468/33431_1#192.cram.crai	
ERR5430069	PRJEB30134	SAMEA6450674	ERX5214761	562	Escherichia coli	ftp.sra.ebi.ac.uk/vol1/fastq/ERR543/009/ERR5430069/ERR5430069_1.fastq.gz;ftp.sra.ebi.ac.uk/vol1/fastq/ERR543/009/ERR5430069/ERR5430069_2.fastq.gz	ftp.sra.ebi.ac.uk/vol1/run/ERR543/ERR5430069/33515_3#1.cram;ftp.sra.ebi.ac.uk/vol1/run/ERR543/ERR5430069/33515_3#1.cram.crai	
ERR5430070	PRJEB30134	SAMEA6450797	ERX5214762	562	Escherichia coli	ftp.sra.ebi.ac.uk/vol1/fastq/ERR543/000/ERR5430070/ERR5430070_1.fastq.gz;ftp.sra.ebi.ac.uk/vol1/fastq/ERR543/000/ERR5430070/ERR5430070_2.fastq.gz	ftp.sra.ebi.ac.uk/vol1/run/ERR543/ERR5430070/33515_3#2.cram;ftp.sra.ebi.ac.uk/vol1/run/ERR543/ERR5430070/33515_3#2.cram.crai	
ERR5430074	PRJEB30134	SAMEA6450803	ERX5214766	562	Escherichia coli	ftp.sra.ebi.ac.uk/vol1/fastq/ERR543/004/ERR5430074/ERR5430074_1.fastq.gz;ftp.sra.ebi.ac.uk/vol1/fastq/ERR543/004/ERR5430074/ERR5430074_2.fastq.gz	ftp.sra.ebi.ac.uk/vol1/run/ERR543/ERR5430074/33515_3#6.cram;ftp.sra.ebi.ac.uk/vol1/run/ERR543/ERR5430074/33515_3#6.cram.crai	
ERR5430075	PRJEB30134	SAMEA6450804	ERX5214767	562	Escherichia coli	ftp.sra.ebi.ac.uk/vol1/fastq/ERR543/005/ERR5430075/ERR5430075_1.fastq.gz;ftp.sra.ebi.ac.uk/vol1/fastq/ERR543/005/ERR5430075/ERR5430075_2.fastq.gz	ftp.sra.ebi.ac.uk/vol1/run/ERR543/ERR5430075/33515_3#7.cram;ftp.sra.ebi.ac.uk/vol1/run/ERR543/ERR5430075/33515_3#7.cram.crai	
ERR5430080	PRJEB30134	SAMEA6450677	ERX5214772	562	Escherichia coli	ftp.sra.ebi.ac.uk/vol1/fastq/ERR543/000/ERR5430080/ERR5430080_1.fastq.gz;ftp.sra.ebi.ac.uk/vol1/fastq/ERR543/000/ERR5430080/ERR5430080_2.fastq.gz	ftp.sra.ebi.ac.uk/vol1/run/ERR543/ERR5430080/33515_3#12.cram;ftp.sra.ebi.ac.uk/vol1/run/ERR543/ERR5430080/33515_3#12.cram.crai	
ERR5430083	PRJEB30134	SAMEA6450813	ERX5214775	562	Escherichia coli	ftp.sra.ebi.ac.uk/vol1/fastq/ERR543/003/ERR5430083/ERR5430083_1.fastq.gz;ftp.sra.ebi.ac.uk/vol1/fastq/ERR543/003/ERR5430083/ERR5430083_2.fastq.gz	ftp.sra.ebi.ac.uk/vol1/run/ERR543/ERR5430083/33515_3#15.cram;ftp.sra.ebi.ac.uk/vol1/run/ERR543/ERR5430083/33515_3#15.cram.crai	
ERR5430097	PRJEB30134	SAMEA6450824	ERX5214789	562	Escherichia coli	ftp.sra.ebi.ac.uk/vol1/fastq/ERR543/007/ERR5430097/ERR5430097_1.fastq.gz;ftp.sra.ebi.ac.uk/vol1/fastq/ERR543/007/ERR5430097/ERR5430097_2.fastq.gz	ftp.sra.ebi.ac.uk/vol1/run/ERR543/ERR5430097/33515_3#29.cram;ftp.sra.ebi.ac.uk/vol1/run/ERR543/ERR5430097/33515_3#29.cram.crai	
ERR5430098	PRJEB30134	SAMEA6450707	ERX5214790	562	Escherichia coli	ftp.sra.ebi.ac.uk/vol1/fastq/ERR543/008/ERR5430098/ERR5430098_1.fastq.gz;ftp.sra.ebi.ac.uk/vol1/fastq/ERR543/008/ERR5430098/ERR5430098_2.fastq.gz	ftp.sra.ebi.ac.uk/vol1/run/ERR543/ERR5430098/33515_3#30.cram;ftp.sra.ebi.ac.uk/vol1/run/ERR543/ERR5430098/33515_3#30.cram.crai	
ERR5430099	PRJEB30134	SAMEA6450705	ERX5214791	562	Escherichia coli	ftp.sra.ebi.ac.uk/vol1/fastq/ERR543/009/ERR5430099/ERR5430099_1.fastq.gz;ftp.sra.ebi.ac.uk/vol1/fastq/ERR543/009/ERR5430099/ERR5430099_2.fastq.gz	ftp.sra.ebi.ac.uk/vol1/run/ERR543/ERR5430099/33515_3#31.cram;ftp.sra.ebi.ac.uk/vol1/run/ERR543/ERR5430099/33515_3#31.cram.crai	
ERR5430101	PRJEB30134	SAMEA6450709	ERX5214793	562	Escherichia coli	ftp.sra.ebi.ac.uk/vol1/fastq/ERR543/001/ERR5430101/ERR5430101_1.fastq.gz;ftp.sra.ebi.ac.uk/vol1/fastq/ERR543/001/ERR5430101/ERR5430101_2.fastq.gz	ftp.sra.ebi.ac.uk/vol1/run/ERR543/ERR5430101/33515_3#33.cram;ftp.sra.ebi.ac.uk/vol1/run/ERR543/ERR5430101/33515_3#33.cram.crai	
ERR5430104	PRJEB30134	SAMEA6450708	ERX5214796	562	Escherichia coli	ftp.sra.ebi.ac.uk/vol1/fastq/ERR543/004/ERR5430104/ERR5430104_1.fastq.gz;ftp.sra.ebi.ac.uk/vol1/fastq/ERR543/004/ERR5430104/ERR5430104_2.fastq.gz	ftp.sra.ebi.ac.uk/vol1/run/ERR543/ERR5430104/33515_3#36.cram;ftp.sra.ebi.ac.uk/vol1/run/ERR543/ERR5430104/33515_3#36.cram.crai	
ERR5430105	PRJEB30134	SAMEA6450710	ERX5214797	562	Escherichia coli	ftp.sra.ebi.ac.uk/vol1/fastq/ERR543/005/ERR5430105/ERR5430105_1.fastq.gz;ftp.sra.ebi.ac.uk/vol1/fastq/ERR543/005/ERR5430105/ERR5430105_2.fastq.gz	ftp.sra.ebi.ac.uk/vol1/run/ERR543/ERR5430105/33515_3#37.cram;ftp.sra.ebi.ac.uk/vol1/run/ERR543/ERR5430105/33515_3#37.cram.crai	
ERR5430114	PRJEB30134	SAMEA6450843	ERX5214806	562	Escherichia coli	ftp.sra.ebi.ac.uk/vol1/fastq/ERR543/004/ERR5430114/ERR5430114_1.fastq.gz;ftp.sra.ebi.ac.uk/vol1/fastq/ERR543/004/ERR5430114/ERR5430114_2.fastq.gz	ftp.sra.ebi.ac.uk/vol1/run/ERR543/ERR5430114/33515_3#46.cram;ftp.sra.ebi.ac.uk/vol1/run/ERR543/ERR5430114/33515_3#46.cram.crai	
ERR5430118	PRJEB30134	SAMEA6450845	ERX5214809	562	Escherichia coli	ftp.sra.ebi.ac.uk/vol1/fastq/ERR543/008/ERR5430118/ERR5430118_1.fastq.gz;ftp.sra.ebi.ac.uk/vol1/fastq/ERR543/008/ERR5430118/ERR5430118_2.fastq.gz	ftp.sra.ebi.ac.uk/vol1/run/ERR543/ERR5430118/33515_3#49.cram;ftp.sra.ebi.ac.uk/vol1/run/ERR543/ERR5430118/33515_3#49.cram.crai	
ERR5430123	PRJEB30134	SAMEA6450726	ERX5214814	562	Escherichia coli	ftp.sra.ebi.ac.uk/vol1/fastq/ERR543/003/ERR5430123/ERR5430123_1.fastq.gz;ftp.sra.ebi.ac.uk/vol1/fastq/ERR543/003/ERR5430123/ERR5430123_2.fastq.gz	ftp.sra.ebi.ac.uk/vol1/run/ERR543/ERR5430123/33515_3#54.cram;ftp.sra.ebi.ac.uk/vol1/run/ERR543/ERR5430123/33515_3#54.cram.crai	
ERR5430124	PRJEB30134	SAMEA6450724	ERX5214815	562	Escherichia coli	ftp.sra.ebi.ac.uk/vol1/fastq/ERR543/004/ERR5430124/ERR5430124_1.fastq.gz;ftp.sra.ebi.ac.uk/vol1/fastq/ERR543/004/ERR5430124/ERR5430124_2.fastq.gz	ftp.sra.ebi.ac.uk/vol1/run/ERR543/ERR5430124/33515_3#55.cram;ftp.sra.ebi.ac.uk/vol1/run/ERR543/ERR5430124/33515_3#55.cram.crai	
ERR5430125	PRJEB30134	SAMEA6450849	ERX5214816	562	Escherichia coli	ftp.sra.ebi.ac.uk/vol1/fastq/ERR543/005/ERR5430125/ERR5430125_1.fastq.gz;ftp.sra.ebi.ac.uk/vol1/fastq/ERR543/005/ERR5430125/ERR5430125_2.fastq.gz	ftp.sra.ebi.ac.uk/vol1/run/ERR543/ERR5430125/33515_3#56.cram;ftp.sra.ebi.ac.uk/vol1/run/ERR543/ERR5430125/33515_3#56.cram.crai	
ERR5430128	PRJEB30134	SAMEA6450689	ERX5214819	562	Escherichia coli	ftp.sra.ebi.ac.uk/vol1/fastq/ERR543/008/ERR5430128/ERR5430128_1.fastq.gz;ftp.sra.ebi.ac.uk/vol1/fastq/ERR543/008/ERR5430128/ERR5430128_2.fastq.gz	ftp.sra.ebi.ac.uk/vol1/run/ERR543/ERR5430128/33515_3#59.cram;ftp.sra.ebi.ac.uk/vol1/run/ERR543/ERR5430128/33515_3#59.cram.crai	
ERR5430129	PRJEB30134	SAMEA6450852	ERX5214820	562	Escherichia coli	ftp.sra.ebi.ac.uk/vol1/fastq/ERR543/009/ERR5430129/ERR5430129_1.fastq.gz;ftp.sra.ebi.ac.uk/vol1/fastq/ERR543/009/ERR5430129/ERR5430129_2.fastq.gz	ftp.sra.ebi.ac.uk/vol1/run/ERR543/ERR5430129/33515_3#60.cram;ftp.sra.ebi.ac.uk/vol1/run/ERR543/ERR5430129/33515_3#60.cram.crai	
ERR5430131	PRJEB30134	SAMEA6450688	ERX5214822	562	Escherichia coli	ftp.sra.ebi.ac.uk/vol1/fastq/ERR543/001/ERR5430131/ERR5430131_1.fastq.gz;ftp.sra.ebi.ac.uk/vol1/fastq/ERR543/001/ERR5430131/ERR5430131_2.fastq.gz	ftp.sra.ebi.ac.uk/vol1/run/ERR543/ERR5430131/33515_3#62.cram;ftp.sra.ebi.ac.uk/vol1/run/ERR543/ERR5430131/33515_3#62.cram.crai	
ERR5430132	PRJEB30134	SAMEA6450692	ERX5214823	562	Escherichia coli	ftp.sra.ebi.ac.uk/vol1/fastq/ERR543/002/ERR5430132/ERR5430132_1.fastq.gz;ftp.sra.ebi.ac.uk/vol1/fastq/ERR543/002/ERR5430132/ERR5430132_2.fastq.gz	ftp.sra.ebi.ac.uk/vol1/run/ERR543/ERR5430132/33515_3#63.cram;ftp.sra.ebi.ac.uk/vol1/run/ERR543/ERR5430132/33515_3#63.cram.crai	
ERR5430138	PRJEB30134	SAMEA6450699	ERX5214829	562	Escherichia coli	ftp.sra.ebi.ac.uk/vol1/fastq/ERR543/008/ERR5430138/ERR5430138_1.fastq.gz;ftp.sra.ebi.ac.uk/vol1/fastq/ERR543/008/ERR5430138/ERR5430138_2.fastq.gz	ftp.sra.ebi.ac.uk/vol1/run/ERR543/ERR5430138/33515_3#69.cram;ftp.sra.ebi.ac.uk/vol1/run/ERR543/ERR5430138/33515_3#69.cram.crai	
ERR5430140	PRJEB30134	SAMEA6450869	ERX5214831	562	Escherichia coli	ftp.sra.ebi.ac.uk/vol1/fastq/ERR543/000/ERR5430140/ERR5430140_1.fastq.gz;ftp.sra.ebi.ac.uk/vol1/fastq/ERR543/000/ERR5430140/ERR5430140_2.fastq.gz	ftp.sra.ebi.ac.uk/vol1/run/ERR543/ERR5430140/33515_3#71.cram;ftp.sra.ebi.ac.uk/vol1/run/ERR543/ERR5430140/33515_3#71.cram.crai	
ERR5430145	PRJEB30134	SAMEA6450697	ERX5214836	562	Escherichia coli	ftp.sra.ebi.ac.uk/vol1/fastq/ERR543/005/ERR5430145/ERR5430145_1.fastq.gz;ftp.sra.ebi.ac.uk/vol1/fastq/ERR543/005/ERR5430145/ERR5430145_2.fastq.gz	ftp.sra.ebi.ac.uk/vol1/run/ERR543/ERR5430145/33515_3#76.cram;ftp.sra.ebi.ac.uk/vol1/run/ERR543/ERR5430145/33515_3#76.cram.crai	
ERR5430158	PRJEB30134	SAMEA6450898	ERX5214849	562	Escherichia coli	ftp.sra.ebi.ac.uk/vol1/fastq/ERR543/008/ERR5430158/ERR5430158_1.fastq.gz;ftp.sra.ebi.ac.uk/vol1/fastq/ERR543/008/ERR5430158/ERR5430158_2.fastq.gz	ftp.sra.ebi.ac.uk/vol1/run/ERR543/ERR5430158/33515_3#89.cram;ftp.sra.ebi.ac.uk/vol1/run/ERR543/ERR5430158/33515_3#89.cram.crai	
ERR5430167	PRJEB30134	SAMEA6450911	ERX5214858	562	Escherichia coli	ftp.sra.ebi.ac.uk/vol1/fastq/ERR543/007/ERR5430167/ERR5430167_1.fastq.gz;ftp.sra.ebi.ac.uk/vol1/fastq/ERR543/007/ERR5430167/ERR5430167_2.fastq.gz	ftp.sra.ebi.ac.uk/vol1/run/ERR543/ERR5430167/33515_3#98.cram;ftp.sra.ebi.ac.uk/vol1/run/ERR543/ERR5430167/33515_3#98.cram.crai	
ERR5430168	PRJEB30134	SAMEA6450913	ERX5214859	562	Escherichia coli	ftp.sra.ebi.ac.uk/vol1/fastq/ERR543/008/ERR5430168/ERR5430168_1.fastq.gz;ftp.sra.ebi.ac.uk/vol1/fastq/ERR543/008/ERR5430168/ERR5430168_2.fastq.gz	ftp.sra.ebi.ac.uk/vol1/run/ERR543/ERR5430168/33515_3#99.cram;ftp.sra.ebi.ac.uk/vol1/run/ERR543/ERR5430168/33515_3#99.cram.crai	
ERR5430169	PRJEB30134	SAMEA6450735	ERX5214860	562	Escherichia coli	ftp.sra.ebi.ac.uk/vol1/fastq/ERR543/009/ERR5430169/ERR5430169_1.fastq.gz;ftp.sra.ebi.ac.uk/vol1/fastq/ERR543/009/ERR5430169/ERR5430169_2.fastq.gz	ftp.sra.ebi.ac.uk/vol1/run/ERR543/ERR5430169/33515_3#100.cram;ftp.sra.ebi.ac.uk/vol1/run/ERR543/ERR5430169/33515_3#100.cram.crai	
ERR5430170	PRJEB30134	SAMEA6450733	ERX5214861	562	Escherichia coli	ftp.sra.ebi.ac.uk/vol1/fastq/ERR543/000/ERR5430170/ERR5430170_1.fastq.gz;ftp.sra.ebi.ac.uk/vol1/fastq/ERR543/000/ERR5430170/ERR5430170_2.fastq.gz	ftp.sra.ebi.ac.uk/vol1/run/ERR543/ERR5430170/33515_3#101.cram;ftp.sra.ebi.ac.uk/vol1/run/ERR543/ERR5430170/33515_3#101.cram.crai	
ERR5430174	PRJEB30134	SAMEA6450737	ERX5214865	562	Escherichia coli	ftp.sra.ebi.ac.uk/vol1/fastq/ERR543/004/ERR5430174/ERR5430174_1.fastq.gz;ftp.sra.ebi.ac.uk/vol1/fastq/ERR543/004/ERR5430174/ERR5430174_2.fastq.gz	ftp.sra.ebi.ac.uk/vol1/run/ERR543/ERR5430174/33515_3#105.cram;ftp.sra.ebi.ac.uk/vol1/run/ERR543/ERR5430174/33515_3#105.cram.crai	
ERR5430175	PRJEB30134	SAMEA6450918	ERX5214866	562	Escherichia coli	ftp.sra.ebi.ac.uk/vol1/fastq/ERR543/005/ERR5430175/ERR5430175_1.fastq.gz;ftp.sra.ebi.ac.uk/vol1/fastq/ERR543/005/ERR5430175/ERR5430175_2.fastq.gz	ftp.sra.ebi.ac.uk/vol1/run/ERR543/ERR5430175/33515_3#106.cram;ftp.sra.ebi.ac.uk/vol1/run/ERR543/ERR5430175/33515_3#106.cram.crai	
ERR5430176	PRJEB30134	SAMEA6450922	ERX5214867	562	Escherichia coli	ftp.sra.ebi.ac.uk/vol1/fastq/ERR543/006/ERR5430176/ERR5430176_1.fastq.gz;ftp.sra.ebi.ac.uk/vol1/fastq/ERR543/006/ERR5430176/ERR5430176_2.fastq.gz	ftp.sra.ebi.ac.uk/vol1/run/ERR543/ERR5430176/33515_3#107.cram;ftp.sra.ebi.ac.uk/vol1/run/ERR543/ERR5430176/33515_3#107.cram.crai	
ERR5430180	PRJEB30134	SAMEA6450923	ERX5214871	562	Escherichia coli	ftp.sra.ebi.ac.uk/vol1/fastq/ERR543/000/ERR5430180/ERR5430180_1.fastq.gz;ftp.sra.ebi.ac.uk/vol1/fastq/ERR543/000/ERR5430180/ERR5430180_2.fastq.gz	ftp.sra.ebi.ac.uk/vol1/run/ERR543/ERR5430180/33515_3#111.cram;ftp.sra.ebi.ac.uk/vol1/run/ERR543/ERR5430180/33515_3#111.cram.crai	
ERR5430181	PRJEB30134	SAMEA6450739	ERX5214872	562	Escherichia coli	ftp.sra.ebi.ac.uk/vol1/fastq/ERR543/001/ERR5430181/ERR5430181_1.fastq.gz;ftp.sra.ebi.ac.uk/vol1/fastq/ERR543/001/ERR5430181/ERR5430181_2.fastq.gz	ftp.sra.ebi.ac.uk/vol1/run/ERR543/ERR5430181/33515_3#112.cram;ftp.sra.ebi.ac.uk/vol1/run/ERR543/ERR5430181/33515_3#112.cram.crai	
ERR5430183	PRJEB30134	SAMEA6450740	ERX5214874	562	Escherichia coli	ftp.sra.ebi.ac.uk/vol1/fastq/ERR543/003/ERR5430183/ERR5430183_1.fastq.gz;ftp.sra.ebi.ac.uk/vol1/fastq/ERR543/003/ERR5430183/ERR5430183_2.fastq.gz	ftp.sra.ebi.ac.uk/vol1/run/ERR543/ERR5430183/33515_3#114.cram;ftp.sra.ebi.ac.uk/vol1/run/ERR543/ERR5430183/33515_3#114.cram.crai	
ERR5430185	PRJEB30134	SAMEA6450932	ERX5214876	562	Escherichia coli	ftp.sra.ebi.ac.uk/vol1/fastq/ERR543/005/ERR5430185/ERR5430185_1.fastq.gz;ftp.sra.ebi.ac.uk/vol1/fastq/ERR543/005/ERR5430185/ERR5430185_2.fastq.gz	ftp.sra.ebi.ac.uk/vol1/run/ERR543/ERR5430185/33515_3#116.cram;ftp.sra.ebi.ac.uk/vol1/run/ERR543/ERR5430185/33515_3#116.cram.crai	
ERR5430195	PRJEB30134	SAMEA6450748	ERX5214886	562	Escherichia coli	ftp.sra.ebi.ac.uk/vol1/fastq/ERR543/005/ERR5430195/ERR5430195_1.fastq.gz;ftp.sra.ebi.ac.uk/vol1/fastq/ERR543/005/ERR5430195/ERR5430195_2.fastq.gz	ftp.sra.ebi.ac.uk/vol1/run/ERR543/ERR5430195/33515_3#126.cram;ftp.sra.ebi.ac.uk/vol1/run/ERR543/ERR5430195/33515_3#126.cram.crai	
ERR5430196	PRJEB30134	SAMEA6450750	ERX5214887	562	Escherichia coli	ftp.sra.ebi.ac.uk/vol1/fastq/ERR543/006/ERR5430196/ERR5430196_1.fastq.gz;ftp.sra.ebi.ac.uk/vol1/fastq/ERR543/006/ERR5430196/ERR5430196_2.fastq.gz	ftp.sra.ebi.ac.uk/vol1/run/ERR543/ERR5430196/33515_3#127.cram;ftp.sra.ebi.ac.uk/vol1/run/ERR543/ERR5430196/33515_3#127.cram.crai	
ERR5430199	PRJEB30134	SAMEA6450945	ERX5214890	562	Escherichia coli	ftp.sra.ebi.ac.uk/vol1/fastq/ERR543/009/ERR5430199/ERR5430199_1.fastq.gz;ftp.sra.ebi.ac.uk/vol1/fastq/ERR543/009/ERR5430199/ERR5430199_2.fastq.gz	ftp.sra.ebi.ac.uk/vol1/run/ERR543/ERR5430199/33515_3#130.cram;ftp.sra.ebi.ac.uk/vol1/run/ERR543/ERR5430199/33515_3#130.cram.crai	
ERR5430204	PRJEB30134	SAMEA6451010	ERX5214895	562	Escherichia coli	ftp.sra.ebi.ac.uk/vol1/fastq/ERR543/004/ERR5430204/ERR5430204_1.fastq.gz;ftp.sra.ebi.ac.uk/vol1/fastq/ERR543/004/ERR5430204/ERR5430204_2.fastq.gz	ftp.sra.ebi.ac.uk/vol1/run/ERR543/ERR5430204/33515_3#135.cram;ftp.sra.ebi.ac.uk/vol1/run/ERR543/ERR5430204/33515_3#135.cram.crai	
ERR5430205	PRJEB30134	SAMEA6450753	ERX5214896	562	Escherichia coli	ftp.sra.ebi.ac.uk/vol1/fastq/ERR543/005/ERR5430205/ERR5430205_1.fastq.gz;ftp.sra.ebi.ac.uk/vol1/fastq/ERR543/005/ERR5430205/ERR5430205_2.fastq.gz	ftp.sra.ebi.ac.uk/vol1/run/ERR543/ERR5430205/33515_3#136.cram;ftp.sra.ebi.ac.uk/vol1/run/ERR543/ERR5430205/33515_3#136.cram.crai	
ERR5430210	PRJEB30134	SAMEA6450757	ERX5214901	562	Escherichia coli	ftp.sra.ebi.ac.uk/vol1/fastq/ERR543/000/ERR5430210/ERR5430210_1.fastq.gz;ftp.sra.ebi.ac.uk/vol1/fastq/ERR543/000/ERR5430210/ERR5430210_2.fastq.gz	ftp.sra.ebi.ac.uk/vol1/run/ERR543/ERR5430210/33515_3#141.cram;ftp.sra.ebi.ac.uk/vol1/run/ERR543/ERR5430210/33515_3#141.cram.crai	
ERR5430211	PRJEB30134	SAMEA6451040	ERX5214902	562	Escherichia coli	ftp.sra.ebi.ac.uk/vol1/fastq/ERR543/001/ERR5430211/ERR5430211_1.fastq.gz;ftp.sra.ebi.ac.uk/vol1/fastq/ERR543/001/ERR5430211/ERR5430211_2.fastq.gz	ftp.sra.ebi.ac.uk/vol1/run/ERR543/ERR5430211/33515_3#142.cram;ftp.sra.ebi.ac.uk/vol1/run/ERR543/ERR5430211/33515_3#142.cram.crai	
ERR5430215	PRJEB30134	SAMEA6450760	ERX5214906	562	Escherichia coli	ftp.sra.ebi.ac.uk/vol1/fastq/ERR543/005/ERR5430215/ERR5430215_1.fastq.gz;ftp.sra.ebi.ac.uk/vol1/fastq/ERR543/005/ERR5430215/ERR5430215_2.fastq.gz	ftp.sra.ebi.ac.uk/vol1/run/ERR543/ERR5430215/33515_3#146.cram;ftp.sra.ebi.ac.uk/vol1/run/ERR543/ERR5430215/33515_3#146.cram.crai	
ERR5430218	PRJEB30134	SAMEA6451059	ERX5214909	562	Escherichia coli	ftp.sra.ebi.ac.uk/vol1/fastq/ERR543/008/ERR5430218/ERR5430218_1.fastq.gz;ftp.sra.ebi.ac.uk/vol1/fastq/ERR543/008/ERR5430218/ERR5430218_2.fastq.gz	ftp.sra.ebi.ac.uk/vol1/run/ERR543/ERR5430218/33515_3#149.cram;ftp.sra.ebi.ac.uk/vol1/run/ERR543/ERR5430218/33515_3#149.cram.crai	
ERR5430220	PRJEB30134	SAMEA6450768	ERX5214911	562	Escherichia coli	ftp.sra.ebi.ac.uk/vol1/fastq/ERR543/000/ERR5430220/ERR5430220_1.fastq.gz;ftp.sra.ebi.ac.uk/vol1/fastq/ERR543/000/ERR5430220/ERR5430220_2.fastq.gz	ftp.sra.ebi.ac.uk/vol1/run/ERR543/ERR5430220/33515_3#151.cram;ftp.sra.ebi.ac.uk/vol1/run/ERR543/ERR5430220/33515_3#151.cram.crai	
ERR5430222	PRJEB30134	SAMEA6451062	ERX5214913	562	Escherichia coli	ftp.sra.ebi.ac.uk/vol1/fastq/ERR543/002/ERR5430222/ERR5430222_1.fastq.gz;ftp.sra.ebi.ac.uk/vol1/fastq/ERR543/002/ERR5430222/ERR5430222_2.fastq.gz	ftp.sra.ebi.ac.uk/vol1/run/ERR543/ERR5430222/33515_3#153.cram;ftp.sra.ebi.ac.uk/vol1/run/ERR543/ERR5430222/33515_3#153.cram.crai	
ERR5430227	PRJEB30134	SAMEA6450767	ERX5214918	562	Escherichia coli	ftp.sra.ebi.ac.uk/vol1/fastq/ERR543/007/ERR5430227/ERR5430227_1.fastq.gz;ftp.sra.ebi.ac.uk/vol1/fastq/ERR543/007/ERR5430227/ERR5430227_2.fastq.gz	ftp.sra.ebi.ac.uk/vol1/run/ERR543/ERR5430227/33515_3#158.cram;ftp.sra.ebi.ac.uk/vol1/run/ERR543/ERR5430227/33515_3#158.cram.crai	
ERR5430228	PRJEB30134	SAMEA6450769	ERX5214919	562	Escherichia coli	ftp.sra.ebi.ac.uk/vol1/fastq/ERR543/008/ERR5430228/ERR5430228_1.fastq.gz;ftp.sra.ebi.ac.uk/vol1/fastq/ERR543/008/ERR5430228/ERR5430228_2.fastq.gz	ftp.sra.ebi.ac.uk/vol1/run/ERR543/ERR5430228/33515_3#159.cram;ftp.sra.ebi.ac.uk/vol1/run/ERR543/ERR5430228/33515_3#159.cram.crai	
ERR5430229	PRJEB30134	SAMEA6451066	ERX5214920	562	Escherichia coli	ftp.sra.ebi.ac.uk/vol1/fastq/ERR543/009/ERR5430229/ERR5430229_1.fastq.gz;ftp.sra.ebi.ac.uk/vol1/fastq/ERR543/009/ERR5430229/ERR5430229_2.fastq.gz	ftp.sra.ebi.ac.uk/vol1/run/ERR543/ERR5430229/33515_3#160.cram;ftp.sra.ebi.ac.uk/vol1/run/ERR543/ERR5430229/33515_3#160.cram.crai	
ERR5430230	PRJEB30134	SAMEA6450770	ERX5214921	562	Escherichia coli	ftp.sra.ebi.ac.uk/vol1/fastq/ERR543/000/ERR5430230/ERR5430230_1.fastq.gz;ftp.sra.ebi.ac.uk/vol1/fastq/ERR543/000/ERR5430230/ERR5430230_2.fastq.gz	ftp.sra.ebi.ac.uk/vol1/run/ERR543/ERR5430230/33515_3#161.cram;ftp.sra.ebi.ac.uk/vol1/run/ERR543/ERR5430230/33515_3#161.cram.crai	
ERR5430232	PRJEB30134	SAMEA6451091	ERX5214923	1280	Staphylococcus aureus	ftp.sra.ebi.ac.uk/vol1/fastq/ERR543/002/ERR5430232/ERR5430232_1.fastq.gz;ftp.sra.ebi.ac.uk/vol1/fastq/ERR543/002/ERR5430232/ERR5430232_2.fastq.gz	ftp.sra.ebi.ac.uk/vol1/run/ERR543/ERR5430232/33515_3#163.cram;ftp.sra.ebi.ac.uk/vol1/run/ERR543/ERR5430232/33515_3#163.cram.crai	
ERR5430238	PRJEB30134	SAMEA6450774	ERX5214929	562	Escherichia coli	ftp.sra.ebi.ac.uk/vol1/fastq/ERR543/008/ERR5430238/ERR5430238_1.fastq.gz;ftp.sra.ebi.ac.uk/vol1/fastq/ERR543/008/ERR5430238/ERR5430238_2.fastq.gz	ftp.sra.ebi.ac.uk/vol1/run/ERR543/ERR5430238/33515_3#169.cram;ftp.sra.ebi.ac.uk/vol1/run/ERR543/ERR5430238/33515_3#169.cram.crai	
ERR5430239	PRJEB30134	SAMEA6451114	ERX5214930	562	Escherichia coli	ftp.sra.ebi.ac.uk/vol1/fastq/ERR543/009/ERR5430239/ERR5430239_1.fastq.gz;ftp.sra.ebi.ac.uk/vol1/fastq/ERR543/009/ERR5430239/ERR5430239_2.fastq.gz	ftp.sra.ebi.ac.uk/vol1/run/ERR543/ERR5430239/33515_3#170.cram;ftp.sra.ebi.ac.uk/vol1/run/ERR543/ERR5430239/33515_3#170.cram.crai	
ERR5430253	PRJEB30134	SAMEA6450795	ERX5214944	562	Escherichia coli	ftp.sra.ebi.ac.uk/vol1/fastq/ERR543/003/ERR5430253/ERR5430253_1.fastq.gz;ftp.sra.ebi.ac.uk/vol1/fastq/ERR543/003/ERR5430253/ERR5430253_2.fastq.gz	ftp.sra.ebi.ac.uk/vol1/run/ERR543/ERR5430253/33515_3#184.cram;ftp.sra.ebi.ac.uk/vol1/run/ERR543/ERR5430253/33515_3#184.cram.crai	
ERR8282738	PRJEB30134	SAMEA5226442	ERX7850169	573	Klebsiella pneumoniae	ftp.sra.ebi.ac.uk/vol1/fastq/ERR828/008/ERR8282738/ERR8282738.fastq.gz	ftp.sra.ebi.ac.uk/vol1/run/ERR828/ERR8282738/cpe001.fastq.gz	ftp.sra.ebi.ac.uk/vol1/err/ERR828/008/ERR8282738.bam
ERR8282739	PRJEB30134	SAMEA6451145	ERX7850170	550	Enterobacter cloacae	ftp.sra.ebi.ac.uk/vol1/fastq/ERR828/009/ERR8282739/ERR8282739.fastq.gz	ftp.sra.ebi.ac.uk/vol1/run/ERR828/ERR8282739/cpe002.fastq.gz	ftp.sra.ebi.ac.uk/vol1/err/ERR828/009/ERR8282739.bam
ERR8282742	PRJEB30134	SAMEA5226445	ERX7850173	287	Pseudomonas aeruginosa	ftp.sra.ebi.ac.uk/vol1/fastq/ERR828/002/ERR8282742/ERR8282742.fastq.gz	ftp.sra.ebi.ac.uk/vol1/run/ERR828/ERR8282742/cpe005.fastq.gz	ftp.sra.ebi.ac.uk/vol1/err/ERR828/002/ERR8282742.bam
ERR8282743	PRJEB30134	SAMEA5226446	ERX7850174	303	Pseudomonas putida	ftp.sra.ebi.ac.uk/vol1/fastq/ERR828/003/ERR8282743/ERR8282743.fastq.gz	ftp.sra.ebi.ac.uk/vol1/run/ERR828/ERR8282743/cpe006.fastq.gz	ftp.sra.ebi.ac.uk/vol1/err/ERR828/003/ERR8282743.bam
ERR8282744	PRJEB30134	SAMEA5226447	ERX7850175	287	Pseudomonas aeruginosa	ftp.sra.ebi.ac.uk/vol1/fastq/ERR828/004/ERR8282744/ERR8282744.fastq.gz	ftp.sra.ebi.ac.uk/vol1/run/ERR828/ERR8282744/cpe007.fastq.gz	ftp.sra.ebi.ac.uk/vol1/err/ERR828/004/ERR8282744.bam
ERR8282745	PRJEB30134	SAMEA5226448	ERX7850176	303	Pseudomonas putida	ftp.sra.ebi.ac.uk/vol1/fastq/ERR828/005/ERR8282745/ERR8282745.fastq.gz	ftp.sra.ebi.ac.uk/vol1/run/ERR828/ERR8282745/cpe008.fastq.gz	ftp.sra.ebi.ac.uk/vol1/err/ERR828/005/ERR8282745.bam
ERR8282750	PRJEB30134	SAMEA5226449	ERX7850181	573	Klebsiella pneumoniae	ftp.sra.ebi.ac.uk/vol1/fastq/ERR828/000/ERR8282750/ERR8282750.fastq.gz	ftp.sra.ebi.ac.uk/vol1/run/ERR828/ERR8282750/cpe013.fastq.gz	ftp.sra.ebi.ac.uk/vol1/err/ERR828/000/ERR8282750.bam
ERR8282754	PRJEB30134	SAMEA6451151	ERX7850185	470	Acinetobacter baumannii	ftp.sra.ebi.ac.uk/vol1/fastq/ERR828/004/ERR8282754/ERR8282754.fastq.gz	ftp.sra.ebi.ac.uk/vol1/run/ERR828/ERR8282754/cpe017.fastq.gz	ftp.sra.ebi.ac.uk/vol1/err/ERR828/004/ERR8282754.bam
ERR8282755	PRJEB30134	SAMEA6451153	ERX7850186	550	Enterobacter cloacae	ftp.sra.ebi.ac.uk/vol1/fastq/ERR828/005/ERR8282755/ERR8282755.fastq.gz	ftp.sra.ebi.ac.uk/vol1/run/ERR828/ERR8282755/cpe018.fastq.gz	ftp.sra.ebi.ac.uk/vol1/err/ERR828/005/ERR8282755.bam
ERR8282760	PRJEB30134	SAMEA6451154	ERX7850191	562	Escherichia coli	ftp.sra.ebi.ac.uk/vol1/fastq/ERR828/000/ERR8282760/ERR8282760.fastq.gz	ftp.sra.ebi.ac.uk/vol1/run/ERR828/ERR8282760/cpe024.fastq.gz	ftp.sra.ebi.ac.uk/vol1/err/ERR828/000/ERR8282760.bam
ERR8282761	PRJEB30134	SAMEA6451155	ERX7850192	546	Citrobacter freundii	ftp.sra.ebi.ac.uk/vol1/fastq/ERR828/001/ERR8282761/ERR8282761.fastq.gz	ftp.sra.ebi.ac.uk/vol1/run/ERR828/ERR8282761/cpe025.fastq.gz	ftp.sra.ebi.ac.uk/vol1/err/ERR828/001/ERR8282761.bam
ERR8282763	PRJEB30134	SAMEA6451157	ERX7850194	573	Klebsiella pneumoniae	ftp.sra.ebi.ac.uk/vol1/fastq/ERR828/003/ERR8282763/ERR8282763.fastq.gz	ftp.sra.ebi.ac.uk/vol1/run/ERR828/ERR8282763/cpe027.fastq.gz	ftp.sra.ebi.ac.uk/vol1/err/ERR828/003/ERR8282763.bam
ERR8282767	PRJEB30134	SAMEA5226458	ERX7850198	573	Klebsiella pneumoniae	ftp.sra.ebi.ac.uk/vol1/fastq/ERR828/007/ERR8282767/ERR8282767.fastq.gz	ftp.sra.ebi.ac.uk/vol1/run/ERR828/ERR8282767/cpe033.fastq.gz	ftp.sra.ebi.ac.uk/vol1/err/ERR828/007/ERR8282767.bam
ERR8282768	PRJEB30134	SAMEA5226459	ERX7850199	573	Klebsiella pneumoniae	ftp.sra.ebi.ac.uk/vol1/fastq/ERR828/008/ERR8282768/ERR8282768.fastq.gz	ftp.sra.ebi.ac.uk/vol1/run/ERR828/ERR8282768/cpe034.fastq.gz	ftp.sra.ebi.ac.uk/vol1/err/ERR828/008/ERR8282768.bam
ERR8282771	PRJEB30134	SAMEA5226465	ERX7850202	562	Escherichia coli	ftp.sra.ebi.ac.uk/vol1/fastq/ERR828/001/ERR8282771/ERR8282771.fastq.gz	ftp.sra.ebi.ac.uk/vol1/run/ERR828/ERR8282771/cpe040.fastq.gz	ftp.sra.ebi.ac.uk/vol1/err/ERR828/001/ERR8282771.bam
ERR8282772	PRJEB30134	SAMEA5226466	ERX7850203	562	Escherichia coli	ftp.sra.ebi.ac.uk/vol1/fastq/ERR828/002/ERR8282772/ERR8282772.fastq.gz	ftp.sra.ebi.ac.uk/vol1/run/ERR828/ERR8282772/cpe041.fastq.gz	ftp.sra.ebi.ac.uk/vol1/err/ERR828/002/ERR8282772.bam
ERR8282773	PRJEB30134	SAMEA5226467	ERX7850204	550	Enterobacter cloacae	ftp.sra.ebi.ac.uk/vol1/fastq/ERR828/003/ERR8282773/ERR8282773.fastq.gz	ftp.sra.ebi.ac.uk/vol1/run/ERR828/ERR8282773/cpe042.fastq.gz	ftp.sra.ebi.ac.uk/vol1/err/ERR828/003/ERR8282773.bam
ERR8282782	PRJEB30134	SAMEA5226476	ERX7850213	562	Escherichia coli	ftp.sra.ebi.ac.uk/vol1/fastq/ERR828/002/ERR8282782/ERR8282782.fastq.gz	ftp.sra.ebi.ac.uk/vol1/run/ERR828/ERR8282782/cpe051.fastq.gz	ftp.sra.ebi.ac.uk/vol1/err/ERR828/002/ERR8282782.bam
ERR8282783	PRJEB30134	SAMEA5226477	ERX7850214	573	Klebsiella pneumoniae	ftp.sra.ebi.ac.uk/vol1/fastq/ERR828/003/ERR8282783/ERR8282783.fastq.gz	ftp.sra.ebi.ac.uk/vol1/run/ERR828/ERR8282783/cpe052.fastq.gz	ftp.sra.ebi.ac.uk/vol1/err/ERR828/003/ERR8282783.bam
ERR8282785	PRJEB30134	SAMEA5226480	ERX7850216	470	Acinetobacter baumannii	ftp.sra.ebi.ac.uk/vol1/fastq/ERR828/005/ERR8282785/ERR8282785.fastq.gz	ftp.sra.ebi.ac.uk/vol1/run/ERR828/ERR8282785/cpe055.fastq.gz	ftp.sra.ebi.ac.uk/vol1/err/ERR828/005/ERR8282785.bam
ERR8282786	PRJEB30134	SAMEA5226482	ERX7850217	573	Klebsiella pneumoniae	ftp.sra.ebi.ac.uk/vol1/fastq/ERR828/006/ERR8282786/ERR8282786.fastq.gz	ftp.sra.ebi.ac.uk/vol1/run/ERR828/ERR8282786/cpe057.fastq.gz	ftp.sra.ebi.ac.uk/vol1/err/ERR828/006/ERR8282786.bam
ERR8282788	PRJEB30134	SAMEA5226484	ERX7850219	573	Klebsiella pneumoniae	ftp.sra.ebi.ac.uk/vol1/fastq/ERR828/008/ERR8282788/ERR8282788.fastq.gz	ftp.sra.ebi.ac.uk/vol1/run/ERR828/ERR8282788/cpe059.fastq.gz	ftp.sra.ebi.ac.uk/vol1/err/ERR828/008/ERR8282788.bam
ERR8282792	PRJEB30134	SAMEA6451164	ERX7850223	573	Klebsiella pneumoniae	ftp.sra.ebi.ac.uk/vol1/fastq/ERR828/002/ERR8282792/ERR8282792.fastq.gz	ftp.sra.ebi.ac.uk/vol1/run/ERR828/ERR8282792/cpe068.fastq.gz	ftp.sra.ebi.ac.uk/vol1/err/ERR828/002/ERR8282792.bam
ERR8282798	PRJEB30134	SAMEA6451095	ERX7850229	470	Acinetobacter baumannii	ftp.sra.ebi.ac.uk/vol1/fastq/ERR828/008/ERR8282798/ERR8282798.fastq.gz	ftp.sra.ebi.ac.uk/vol1/run/ERR828/ERR8282798/cpe077.fastq.gz	ftp.sra.ebi.ac.uk/vol1/err/ERR828/008/ERR8282798.bam
ERR8282801	PRJEB30134	SAMEA6451101	ERX7850232	470	Acinetobacter baumannii	ftp.sra.ebi.ac.uk/vol1/fastq/ERR828/001/ERR8282801/ERR8282801.fastq.gz	ftp.sra.ebi.ac.uk/vol1/run/ERR828/ERR8282801/cpe080.fastq.gz	ftp.sra.ebi.ac.uk/vol1/err/ERR828/001/ERR8282801.bam
ERR8282803	PRJEB30134	SAMEA6451096	ERX7850234	562	Escherichia coli	ftp.sra.ebi.ac.uk/vol1/fastq/ERR828/003/ERR8282803/ERR8282803.fastq.gz	ftp.sra.ebi.ac.uk/vol1/run/ERR828/ERR8282803/cpe082.fastq.gz	ftp.sra.ebi.ac.uk/vol1/err/ERR828/003/ERR8282803.bam
ERR8282807	PRJEB30134	SAMEA6451103	ERX7850238	573	Klebsiella pneumoniae	ftp.sra.ebi.ac.uk/vol1/fastq/ERR828/007/ERR8282807/ERR8282807.fastq.gz	ftp.sra.ebi.ac.uk/vol1/run/ERR828/ERR8282807/cpe086.fastq.gz	ftp.sra.ebi.ac.uk/vol1/err/ERR828/007/ERR8282807.bam
ERR8282809	PRJEB30134	SAMEA6451105	ERX7850240	571	Klebsiella oxytoca	ftp.sra.ebi.ac.uk/vol1/fastq/ERR828/009/ERR8282809/ERR8282809.fastq.gz	ftp.sra.ebi.ac.uk/vol1/run/ERR828/ERR8282809/cpe088.fastq.gz	ftp.sra.ebi.ac.uk/vol1/err/ERR828/009/ERR8282809.bam
ERR8282810	PRJEB30134	SAMEA6451110	ERX7850241	550	Enterobacter cloacae	ftp.sra.ebi.ac.uk/vol1/fastq/ERR828/000/ERR8282810/ERR8282810.fastq.gz	ftp.sra.ebi.ac.uk/vol1/run/ERR828/ERR8282810/cpe090.fastq.gz	ftp.sra.ebi.ac.uk/vol1/err/ERR828/000/ERR8282810.bam
ERR8282813	PRJEB30134	SAMEA6451109	ERX7850244	550	Enterobacter cloacae	ftp.sra.ebi.ac.uk/vol1/fastq/ERR828/003/ERR8282813/ERR8282813.fastq.gz	ftp.sra.ebi.ac.uk/vol1/run/ERR828/ERR8282813/cpe093.fastq.gz	ftp.sra.ebi.ac.uk/vol1/err/ERR828/003/ERR8282813.bam
ERR8282821	PRJEB30134	SAMEA6451121	ERX7850252	550	Enterobacter cloacae	ftp.sra.ebi.ac.uk/vol1/fastq/ERR828/001/ERR8282821/ERR8282821.fastq.gz	ftp.sra.ebi.ac.uk/vol1/run/ERR828/ERR8282821/cpe106.fastq.gz	ftp.sra.ebi.ac.uk/vol1/err/ERR828/001/ERR8282821.bam
ERR8282822	PRJEB30134	SAMEA6451146	ERX7850253	550	Enterobacter cloacae	ftp.sra.ebi.ac.uk/vol1/fastq/ERR828/002/ERR8282822/ERR8282822.fastq.gz	ftp.sra.ebi.ac.uk/vol1/run/ERR828/ERR8282822/icp157.fastq.gz	ftp.sra.ebi.ac.uk/vol1/err/ERR828/002/ERR8282822.bam
ERR4095880	PRJEB30134	SAMEA5226342	ERX4091178	108980	Acinetobacter ursingii	ftp.sra.ebi.ac.uk/vol1/fastq/ERR409/000/ERR4095880/ERR4095880_1.fastq.gz;ftp.sra.ebi.ac.uk/vol1/fastq/ERR409/000/ERR4095880/ERR4095880_2.fastq.gz	ftp.sra.ebi.ac.uk/vol1/run/ERR409/ERR4095880/29210_5#7.cram	
ERR4095882	PRJEB30134	SAMEA5226343	ERX4091180	28090	Acinetobacter lwoffii	ftp.sra.ebi.ac.uk/vol1/fastq/ERR409/002/ERR4095882/ERR4095882_1.fastq.gz;ftp.sra.ebi.ac.uk/vol1/fastq/ERR409/002/ERR4095882/ERR4095882_2.fastq.gz	ftp.sra.ebi.ac.uk/vol1/run/ERR409/ERR4095882/29210_5#9.cram	
ERR4095885	PRJEB30134	SAMEA5226427	ERX4091183	573	Klebsiella pneumoniae	ftp.sra.ebi.ac.uk/vol1/fastq/ERR409/005/ERR4095885/ERR4095885_1.fastq.gz;ftp.sra.ebi.ac.uk/vol1/fastq/ERR409/005/ERR4095885/ERR4095885_2.fastq.gz	ftp.sra.ebi.ac.uk/vol1/run/ERR409/ERR4095885/29210_5#12.cram;ftp.sra.ebi.ac.uk/vol1/run/ERR409/ERR4095885/29210_5#12.cram.crai	
ERR4095891	PRJEB30134	SAMEA5226430	ERX4091189	573	Klebsiella pneumoniae	ftp.sra.ebi.ac.uk/vol1/fastq/ERR409/001/ERR4095891/ERR4095891_1.fastq.gz;ftp.sra.ebi.ac.uk/vol1/fastq/ERR409/001/ERR4095891/ERR4095891_2.fastq.gz	ftp.sra.ebi.ac.uk/vol1/run/ERR409/ERR4095891/29210_5#18.cram;ftp.sra.ebi.ac.uk/vol1/run/ERR409/ERR4095891/29210_5#18.cram.crai	
ERR4095892	PRJEB30134	SAMEA5226392	ERX4091190	571	Klebsiella oxytoca	ftp.sra.ebi.ac.uk/vol1/fastq/ERR409/002/ERR4095892/ERR4095892_1.fastq.gz;ftp.sra.ebi.ac.uk/vol1/fastq/ERR409/002/ERR4095892/ERR4095892_2.fastq.gz	ftp.sra.ebi.ac.uk/vol1/run/ERR409/ERR4095892/29210_5#19.cram	
ERR4095898	PRJEB30134	SAMEA5226404	ERX4091196	573	Klebsiella pneumoniae	ftp.sra.ebi.ac.uk/vol1/fastq/ERR409/008/ERR4095898/ERR4095898_1.fastq.gz;ftp.sra.ebi.ac.uk/vol1/fastq/ERR409/008/ERR4095898/ERR4095898_2.fastq.gz	ftp.sra.ebi.ac.uk/vol1/run/ERR409/ERR4095898/29210_5#25.cram;ftp.sra.ebi.ac.uk/vol1/run/ERR409/ERR4095898/29210_5#25.cram.crai	
ERR4095900	PRJEB30134	SAMEA5226432	ERX4091198	1280	Staphylococcus aureus	ftp.sra.ebi.ac.uk/vol1/fastq/ERR409/000/ERR4095900/ERR4095900_1.fastq.gz;ftp.sra.ebi.ac.uk/vol1/fastq/ERR409/000/ERR4095900/ERR4095900_2.fastq.gz	ftp.sra.ebi.ac.uk/vol1/run/ERR409/ERR4095900/29210_5#27.cram;ftp.sra.ebi.ac.uk/vol1/run/ERR409/ERR4095900/29210_5#27.cram.crai	
ERR4095901	PRJEB30134	SAMEA5226438	ERX4091199	40324	Stenotrophomonas maltophilia	ftp.sra.ebi.ac.uk/vol1/fastq/ERR409/001/ERR4095901/ERR4095901_1.fastq.gz;ftp.sra.ebi.ac.uk/vol1/fastq/ERR409/001/ERR4095901/ERR4095901_2.fastq.gz	ftp.sra.ebi.ac.uk/vol1/run/ERR409/ERR4095901/29210_5#28.cram	
ERR4095902	PRJEB30134	SAMEA5226433	ERX4091200	1280	Staphylococcus aureus	ftp.sra.ebi.ac.uk/vol1/fastq/ERR409/002/ERR4095902/ERR4095902_1.fastq.gz;ftp.sra.ebi.ac.uk/vol1/fastq/ERR409/002/ERR4095902/ERR4095902_2.fastq.gz	ftp.sra.ebi.ac.uk/vol1/run/ERR409/ERR4095902/29210_5#29.cram;ftp.sra.ebi.ac.uk/vol1/run/ERR409/ERR4095902/29210_5#29.cram.crai	
ERR4095905	PRJEB30134	SAMEA5226442	ERX4091203	573	Klebsiella pneumoniae	ftp.sra.ebi.ac.uk/vol1/fastq/ERR409/005/ERR4095905/ERR4095905_1.fastq.gz;ftp.sra.ebi.ac.uk/vol1/fastq/ERR409/005/ERR4095905/ERR4095905_2.fastq.gz	ftp.sra.ebi.ac.uk/vol1/run/ERR409/ERR4095905/29210_5#32.cram;ftp.sra.ebi.ac.uk/vol1/run/ERR409/ERR4095905/29210_5#32.cram.crai	
ERR4095911	PRJEB30134	SAMEA5226461	ERX4091209	546	Citrobacter freundii	ftp.sra.ebi.ac.uk/vol1/fastq/ERR409/001/ERR4095911/ERR4095911_1.fastq.gz;ftp.sra.ebi.ac.uk/vol1/fastq/ERR409/001/ERR4095911/ERR4095911_2.fastq.gz	ftp.sra.ebi.ac.uk/vol1/run/ERR409/ERR4095911/29210_5#38.cram	
ERR4095916	PRJEB30134	SAMEA5226464	ERX4091214	546	Citrobacter freundii	ftp.sra.ebi.ac.uk/vol1/fastq/ERR409/006/ERR4095916/ERR4095916_1.fastq.gz;ftp.sra.ebi.ac.uk/vol1/fastq/ERR409/006/ERR4095916/ERR4095916_2.fastq.gz	ftp.sra.ebi.ac.uk/vol1/run/ERR409/ERR4095916/29210_5#43.cram	
ERR4095917	PRJEB30134	SAMEA5226484	ERX4091215	573	Klebsiella pneumoniae	ftp.sra.ebi.ac.uk/vol1/fastq/ERR409/007/ERR4095917/ERR4095917_1.fastq.gz;ftp.sra.ebi.ac.uk/vol1/fastq/ERR409/007/ERR4095917/ERR4095917_2.fastq.gz	ftp.sra.ebi.ac.uk/vol1/run/ERR409/ERR4095917/29210_5#44.cram;ftp.sra.ebi.ac.uk/vol1/run/ERR409/ERR4095917/29210_5#44.cram.crai	
ERR4095919	PRJEB30134	SAMEA5226449	ERX4091217	573	Klebsiella pneumoniae	ftp.sra.ebi.ac.uk/vol1/fastq/ERR409/009/ERR4095919/ERR4095919_1.fastq.gz;ftp.sra.ebi.ac.uk/vol1/fastq/ERR409/009/ERR4095919/ERR4095919_2.fastq.gz	ftp.sra.ebi.ac.uk/vol1/run/ERR409/ERR4095919/29210_5#46.cram;ftp.sra.ebi.ac.uk/vol1/run/ERR409/ERR4095919/29210_5#46.cram.crai	
ERR4095923	PRJEB30134	SAMEA5226452	ERX4091221	287	Pseudomonas aeruginosa	ftp.sra.ebi.ac.uk/vol1/fastq/ERR409/003/ERR4095923/ERR4095923_1.fastq.gz;ftp.sra.ebi.ac.uk/vol1/fastq/ERR409/003/ERR4095923/ERR4095923_2.fastq.gz	ftp.sra.ebi.ac.uk/vol1/run/ERR409/ERR4095923/29210_5#50.cram;ftp.sra.ebi.ac.uk/vol1/run/ERR409/ERR4095923/29210_5#50.cram.crai	
ERR4095924	PRJEB30134	SAMEA5226340	ERX4091222	470	Acinetobacter baumannii	ftp.sra.ebi.ac.uk/vol1/fastq/ERR409/004/ERR4095924/ERR4095924_1.fastq.gz;ftp.sra.ebi.ac.uk/vol1/fastq/ERR409/004/ERR4095924/ERR4095924_2.fastq.gz	ftp.sra.ebi.ac.uk/vol1/run/ERR409/ERR4095924/29210_5#51.cram;ftp.sra.ebi.ac.uk/vol1/run/ERR409/ERR4095924/29210_5#51.cram.crai	
ERR4095928	PRJEB30134	SAMEA5226345	ERX4091226	471	Acinetobacter calcoaceticus	ftp.sra.ebi.ac.uk/vol1/fastq/ERR409/008/ERR4095928/ERR4095928_1.fastq.gz;ftp.sra.ebi.ac.uk/vol1/fastq/ERR409/008/ERR4095928/ERR4095928_2.fastq.gz	ftp.sra.ebi.ac.uk/vol1/run/ERR409/ERR4095928/29210_5#55.cram	
ERR4095933	PRJEB30134	SAMEA5226349	ERX4091231	573	Klebsiella pneumoniae	ftp.sra.ebi.ac.uk/vol1/fastq/ERR409/003/ERR4095933/ERR4095933_1.fastq.gz;ftp.sra.ebi.ac.uk/vol1/fastq/ERR409/003/ERR4095933/ERR4095933_2.fastq.gz	ftp.sra.ebi.ac.uk/vol1/run/ERR409/ERR4095933/29210_5#60.cram;ftp.sra.ebi.ac.uk/vol1/run/ERR409/ERR4095933/29210_5#60.cram.crai	
ERR4095935	PRJEB30134	SAMEA5226458	ERX4091233	573	Klebsiella pneumoniae	ftp.sra.ebi.ac.uk/vol1/fastq/ERR409/005/ERR4095935/ERR4095935_1.fastq.gz;ftp.sra.ebi.ac.uk/vol1/fastq/ERR409/005/ERR4095935/ERR4095935_2.fastq.gz	ftp.sra.ebi.ac.uk/vol1/run/ERR409/ERR4095935/29210_5#62.cram;ftp.sra.ebi.ac.uk/vol1/run/ERR409/ERR4095935/29210_5#62.cram.crai	
ERR4095937	PRJEB30134	SAMEA5226351	ERX4091235	573	Klebsiella pneumoniae	ftp.sra.ebi.ac.uk/vol1/fastq/ERR409/007/ERR4095937/ERR4095937_1.fastq.gz;ftp.sra.ebi.ac.uk/vol1/fastq/ERR409/007/ERR4095937/ERR4095937_2.fastq.gz	ftp.sra.ebi.ac.uk/vol1/run/ERR409/ERR4095937/29210_5#64.cram;ftp.sra.ebi.ac.uk/vol1/run/ERR409/ERR4095937/29210_5#64.cram.crai	
ERR4095944	PRJEB30134	SAMEA5226354	ERX4091242	573	Klebsiella pneumoniae	ftp.sra.ebi.ac.uk/vol1/fastq/ERR409/004/ERR4095944/ERR4095944_1.fastq.gz;ftp.sra.ebi.ac.uk/vol1/fastq/ERR409/004/ERR4095944/ERR4095944_2.fastq.gz	ftp.sra.ebi.ac.uk/vol1/run/ERR409/ERR4095944/29210_5#71.cram;ftp.sra.ebi.ac.uk/vol1/run/ERR409/ERR4095944/29210_5#71.cram.crai	
ERR4095946	PRJEB30134	SAMEA5226467	ERX4091244	550	Enterobacter cloacae	ftp.sra.ebi.ac.uk/vol1/fastq/ERR409/006/ERR4095946/ERR4095946_1.fastq.gz;ftp.sra.ebi.ac.uk/vol1/fastq/ERR409/006/ERR4095946/ERR4095946_2.fastq.gz	ftp.sra.ebi.ac.uk/vol1/run/ERR409/ERR4095946/29210_5#73.cram	
ERR4095947	PRJEB30134	SAMEA5226468	ERX4091245	573	Klebsiella pneumoniae	ftp.sra.ebi.ac.uk/vol1/fastq/ERR409/007/ERR4095947/ERR4095947_1.fastq.gz;ftp.sra.ebi.ac.uk/vol1/fastq/ERR409/007/ERR4095947/ERR4095947_2.fastq.gz	ftp.sra.ebi.ac.uk/vol1/run/ERR409/ERR4095947/29210_5#74.cram;ftp.sra.ebi.ac.uk/vol1/run/ERR409/ERR4095947/29210_5#74.cram.crai	
ERR4095948	PRJEB30134	SAMEA5226356	ERX4091246	573	Klebsiella pneumoniae	ftp.sra.ebi.ac.uk/vol1/fastq/ERR409/008/ERR4095948/ERR4095948_1.fastq.gz;ftp.sra.ebi.ac.uk/vol1/fastq/ERR409/008/ERR4095948/ERR4095948_2.fastq.gz	ftp.sra.ebi.ac.uk/vol1/run/ERR409/ERR4095948/29210_5#75.cram;ftp.sra.ebi.ac.uk/vol1/run/ERR409/ERR4095948/29210_5#75.cram.crai	
ERR4095952	PRJEB30134	SAMEA5226470	ERX4091250	470	Acinetobacter baumannii	ftp.sra.ebi.ac.uk/vol1/fastq/ERR409/002/ERR4095952/ERR4095952_1.fastq.gz;ftp.sra.ebi.ac.uk/vol1/fastq/ERR409/002/ERR4095952/ERR4095952_2.fastq.gz	ftp.sra.ebi.ac.uk/vol1/run/ERR409/ERR4095952/29210_5#79.cram;ftp.sra.ebi.ac.uk/vol1/run/ERR409/ERR4095952/29210_5#79.cram.crai	
ERR4095957	PRJEB30134	SAMEA5226473	ERX4091255	470	Acinetobacter baumannii	ftp.sra.ebi.ac.uk/vol1/fastq/ERR409/007/ERR4095957/ERR4095957_1.fastq.gz;ftp.sra.ebi.ac.uk/vol1/fastq/ERR409/007/ERR4095957/ERR4095957_2.fastq.gz	ftp.sra.ebi.ac.uk/vol1/run/ERR409/ERR4095957/29210_5#84.cram;ftp.sra.ebi.ac.uk/vol1/run/ERR409/ERR4095957/29210_5#84.cram.crai	
ERR4095962	PRJEB30134	SAMEA5226365	ERX4091260	573	Klebsiella pneumoniae	ftp.sra.ebi.ac.uk/vol1/fastq/ERR409/002/ERR4095962/ERR4095962_1.fastq.gz;ftp.sra.ebi.ac.uk/vol1/fastq/ERR409/002/ERR4095962/ERR4095962_2.fastq.gz	ftp.sra.ebi.ac.uk/vol1/run/ERR409/ERR4095962/29210_5#89.cram;ftp.sra.ebi.ac.uk/vol1/run/ERR409/ERR4095962/29210_5#89.cram.crai	
ERR4095965	PRJEB30134	SAMEA5226477	ERX4091263	573	Klebsiella pneumoniae	ftp.sra.ebi.ac.uk/vol1/fastq/ERR409/005/ERR4095965/ERR4095965_1.fastq.gz;ftp.sra.ebi.ac.uk/vol1/fastq/ERR409/005/ERR4095965/ERR4095965_2.fastq.gz	ftp.sra.ebi.ac.uk/vol1/run/ERR409/ERR4095965/29210_5#92.cram;ftp.sra.ebi.ac.uk/vol1/run/ERR409/ERR4095965/29210_5#92.cram.crai	
ERR4095966	PRJEB30134	SAMEA5226367	ERX4091264	573	Klebsiella pneumoniae	ftp.sra.ebi.ac.uk/vol1/fastq/ERR409/006/ERR4095966/ERR4095966_1.fastq.gz;ftp.sra.ebi.ac.uk/vol1/fastq/ERR409/006/ERR4095966/ERR4095966_2.fastq.gz	ftp.sra.ebi.ac.uk/vol1/run/ERR409/ERR4095966/29210_5#93.cram;ftp.sra.ebi.ac.uk/vol1/run/ERR409/ERR4095966/29210_5#93.cram.crai	
ERR4095967	PRJEB30134	SAMEA5226368	ERX4091265	573	Klebsiella pneumoniae	ftp.sra.ebi.ac.uk/vol1/fastq/ERR409/007/ERR4095967/ERR4095967_1.fastq.gz;ftp.sra.ebi.ac.uk/vol1/fastq/ERR409/007/ERR4095967/ERR4095967_2.fastq.gz	ftp.sra.ebi.ac.uk/vol1/run/ERR409/ERR4095967/29210_5#94.cram;ftp.sra.ebi.ac.uk/vol1/run/ERR409/ERR4095967/29210_5#94.cram.crai	
ERR4095973	PRJEB30134	SAMEA5226481	ERX4091271	573	Klebsiella pneumoniae	ftp.sra.ebi.ac.uk/vol1/fastq/ERR409/003/ERR4095973/ERR4095973_1.fastq.gz;ftp.sra.ebi.ac.uk/vol1/fastq/ERR409/003/ERR4095973/ERR4095973_2.fastq.gz	ftp.sra.ebi.ac.uk/vol1/run/ERR409/ERR4095973/29210_5#100.cram;ftp.sra.ebi.ac.uk/vol1/run/ERR409/ERR4095973/29210_5#100.cram.crai	
ERR4095974	PRJEB30134	SAMEA5226371	ERX4091272	571	Klebsiella oxytoca	ftp.sra.ebi.ac.uk/vol1/fastq/ERR409/004/ERR4095974/ERR4095974_1.fastq.gz;ftp.sra.ebi.ac.uk/vol1/fastq/ERR409/004/ERR4095974/ERR4095974_2.fastq.gz	ftp.sra.ebi.ac.uk/vol1/run/ERR409/ERR4095974/29210_5#101.cram	
ERR4095982	PRJEB30134	SAMEA5226486	ERX4091280	573	Klebsiella pneumoniae	ftp.sra.ebi.ac.uk/vol1/fastq/ERR409/002/ERR4095982/ERR4095982_1.fastq.gz;ftp.sra.ebi.ac.uk/vol1/fastq/ERR409/002/ERR4095982/ERR4095982_2.fastq.gz	ftp.sra.ebi.ac.uk/vol1/run/ERR409/ERR4095982/29210_5#109.cram;ftp.sra.ebi.ac.uk/vol1/run/ERR409/ERR4095982/29210_5#109.cram.crai	
ERR4095983	PRJEB30134	SAMEA5226487	ERX4091281	615	Serratia marcescens	ftp.sra.ebi.ac.uk/vol1/fastq/ERR409/003/ERR4095983/ERR4095983_1.fastq.gz;ftp.sra.ebi.ac.uk/vol1/fastq/ERR409/003/ERR4095983/ERR4095983_2.fastq.gz	ftp.sra.ebi.ac.uk/vol1/run/ERR409/ERR4095983/29210_5#110.cram	
ERR4095986	PRJEB30134	SAMEA5226489	ERX4091284	550	Enterobacter cloacae	ftp.sra.ebi.ac.uk/vol1/fastq/ERR409/006/ERR4095986/ERR4095986_1.fastq.gz;ftp.sra.ebi.ac.uk/vol1/fastq/ERR409/006/ERR4095986/ERR4095986_2.fastq.gz	ftp.sra.ebi.ac.uk/vol1/run/ERR409/ERR4095986/29210_5#113.cram	
ERR4095988	PRJEB30134	SAMEA5226378	ERX4091286	571	Klebsiella oxytoca	ftp.sra.ebi.ac.uk/vol1/fastq/ERR409/008/ERR4095988/ERR4095988_1.fastq.gz;ftp.sra.ebi.ac.uk/vol1/fastq/ERR409/008/ERR4095988/ERR4095988_2.fastq.gz	ftp.sra.ebi.ac.uk/vol1/run/ERR409/ERR4095988/29210_5#115.cram	
ERR4095992	PRJEB30134	SAMEA5226380	ERX4091290	573	Klebsiella pneumoniae	ftp.sra.ebi.ac.uk/vol1/fastq/ERR409/002/ERR4095992/ERR4095992_1.fastq.gz;ftp.sra.ebi.ac.uk/vol1/fastq/ERR409/002/ERR4095992/ERR4095992_2.fastq.gz	ftp.sra.ebi.ac.uk/vol1/run/ERR409/ERR4095992/29210_5#119.cram;ftp.sra.ebi.ac.uk/vol1/run/ERR409/ERR4095992/29210_5#119.cram.crai	
ERR4095993	PRJEB30134	SAMEA5226381	ERX4091291	573	Klebsiella pneumoniae	ftp.sra.ebi.ac.uk/vol1/fastq/ERR409/003/ERR4095993/ERR4095993_1.fastq.gz;ftp.sra.ebi.ac.uk/vol1/fastq/ERR409/003/ERR4095993/ERR4095993_2.fastq.gz	ftp.sra.ebi.ac.uk/vol1/run/ERR409/ERR4095993/29210_5#120.cram;ftp.sra.ebi.ac.uk/vol1/run/ERR409/ERR4095993/29210_5#120.cram.crai	
ERR4095994	PRJEB30134	SAMEA5226494	ERX4091292	546	Citrobacter freundii	ftp.sra.ebi.ac.uk/vol1/fastq/ERR409/004/ERR4095994/ERR4095994_1.fastq.gz;ftp.sra.ebi.ac.uk/vol1/fastq/ERR409/004/ERR4095994/ERR4095994_2.fastq.gz	ftp.sra.ebi.ac.uk/vol1/run/ERR409/ERR4095994/29210_5#121.cram	
ERR4095995	PRJEB30134	SAMEA5226495	ERX4091293	546	Citrobacter freundii	ftp.sra.ebi.ac.uk/vol1/fastq/ERR409/005/ERR4095995/ERR4095995_1.fastq.gz;ftp.sra.ebi.ac.uk/vol1/fastq/ERR409/005/ERR4095995/ERR4095995_2.fastq.gz	ftp.sra.ebi.ac.uk/vol1/run/ERR409/ERR4095995/29210_5#122.cram	
ERR4096003	PRJEB30134	SAMEA5226499	ERX4091301	546	Citrobacter freundii	ftp.sra.ebi.ac.uk/vol1/fastq/ERR409/003/ERR4096003/ERR4096003_1.fastq.gz;ftp.sra.ebi.ac.uk/vol1/fastq/ERR409/003/ERR4096003/ERR4096003_2.fastq.gz	ftp.sra.ebi.ac.uk/vol1/run/ERR409/ERR4096003/29210_5#130.cram	
ERR4096011	PRJEB30134	SAMEA5226503	ERX4091309	562	Escherichia coli	ftp.sra.ebi.ac.uk/vol1/fastq/ERR409/001/ERR4096011/ERR4096011_1.fastq.gz;ftp.sra.ebi.ac.uk/vol1/fastq/ERR409/001/ERR4096011/ERR4096011_2.fastq.gz	ftp.sra.ebi.ac.uk/vol1/run/ERR409/ERR4096011/29210_5#138.cram;ftp.sra.ebi.ac.uk/vol1/run/ERR409/ERR4096011/29210_5#138.cram.crai	
ERR4096015	PRJEB30134	SAMEA5226393	ERX4091313	244366	Klebsiella variicola	ftp.sra.ebi.ac.uk/vol1/fastq/ERR409/005/ERR4096015/ERR4096015_1.fastq.gz;ftp.sra.ebi.ac.uk/vol1/fastq/ERR409/005/ERR4096015/ERR4096015_2.fastq.gz	ftp.sra.ebi.ac.uk/vol1/run/ERR409/ERR4096015/29210_5#142.cram	
ERR4096020	PRJEB30134	SAMEA5936381	ERX4091318	584	Proteus mirabilis	ftp.sra.ebi.ac.uk/vol1/fastq/ERR409/000/ERR4096020/ERR4096020_1.fastq.gz;ftp.sra.ebi.ac.uk/vol1/fastq/ERR409/000/ERR4096020/ERR4096020_2.fastq.gz	ftp.sra.ebi.ac.uk/vol1/run/ERR409/ERR4096020/29210_5#147.cram	
ERR4096023	PRJEB30134	SAMEA5226397	ERX4091321	573	Klebsiella pneumoniae	ftp.sra.ebi.ac.uk/vol1/fastq/ERR409/003/ERR4096023/ERR4096023_1.fastq.gz;ftp.sra.ebi.ac.uk/vol1/fastq/ERR409/003/ERR4096023/ERR4096023_2.fastq.gz	ftp.sra.ebi.ac.uk/vol1/run/ERR409/ERR4096023/29210_5#150.cram;ftp.sra.ebi.ac.uk/vol1/run/ERR409/ERR4096023/29210_5#150.cram.crai	
ERR4096025	PRJEB30134	SAMEA5226508	ERX4091323	584	Proteus mirabilis	ftp.sra.ebi.ac.uk/vol1/fastq/ERR409/005/ERR4096025/ERR4096025_1.fastq.gz;ftp.sra.ebi.ac.uk/vol1/fastq/ERR409/005/ERR4096025/ERR4096025_2.fastq.gz	ftp.sra.ebi.ac.uk/vol1/run/ERR409/ERR4096025/29210_5#152.cram	
ERR4096033	PRJEB30134	SAMEA5226512	ERX4091331	287	Pseudomonas aeruginosa	ftp.sra.ebi.ac.uk/vol1/fastq/ERR409/003/ERR4096033/ERR4096033_1.fastq.gz;ftp.sra.ebi.ac.uk/vol1/fastq/ERR409/003/ERR4096033/ERR4096033_2.fastq.gz	ftp.sra.ebi.ac.uk/vol1/run/ERR409/ERR4096033/29210_5#160.cram;ftp.sra.ebi.ac.uk/vol1/run/ERR409/ERR4096033/29210_5#160.cram.crai	
ERR4096036	PRJEB30134	SAMEA5226513	ERX4091334	287	Pseudomonas aeruginosa	ftp.sra.ebi.ac.uk/vol1/fastq/ERR409/006/ERR4096036/ERR4096036_1.fastq.gz;ftp.sra.ebi.ac.uk/vol1/fastq/ERR409/006/ERR4096036/ERR4096036_2.fastq.gz	ftp.sra.ebi.ac.uk/vol1/run/ERR409/ERR4096036/29210_5#163.cram;ftp.sra.ebi.ac.uk/vol1/run/ERR409/ERR4096036/29210_5#163.cram.crai	
ERR4096039	PRJEB30134	SAMEA5226408	ERX4091337	573	Klebsiella pneumoniae	ftp.sra.ebi.ac.uk/vol1/fastq/ERR409/009/ERR4096039/ERR4096039_1.fastq.gz;ftp.sra.ebi.ac.uk/vol1/fastq/ERR409/009/ERR4096039/ERR4096039_2.fastq.gz	ftp.sra.ebi.ac.uk/vol1/run/ERR409/ERR4096039/29210_5#166.cram;ftp.sra.ebi.ac.uk/vol1/run/ERR409/ERR4096039/29210_5#166.cram.crai	
ERR4096048	PRJEB30134	SAMEA5226412	ERX4091346	573	Klebsiella pneumoniae	ftp.sra.ebi.ac.uk/vol1/fastq/ERR409/008/ERR4096048/ERR4096048_1.fastq.gz;ftp.sra.ebi.ac.uk/vol1/fastq/ERR409/008/ERR4096048/ERR4096048_2.fastq.gz	ftp.sra.ebi.ac.uk/vol1/run/ERR409/ERR4096048/29210_5#175.cram;ftp.sra.ebi.ac.uk/vol1/run/ERR409/ERR4096048/29210_5#175.cram.crai	
ERR4096054	PRJEB30134	SAMEA5226523	ERX4091352	573	Klebsiella pneumoniae	ftp.sra.ebi.ac.uk/vol1/fastq/ERR409/004/ERR4096054/ERR4096054_1.fastq.gz;ftp.sra.ebi.ac.uk/vol1/fastq/ERR409/004/ERR4096054/ERR4096054_2.fastq.gz	ftp.sra.ebi.ac.uk/vol1/run/ERR409/ERR4096054/29210_5#181.cram;ftp.sra.ebi.ac.uk/vol1/run/ERR409/ERR4096054/29210_5#181.cram.crai	
ERR4096060	PRJEB30134	SAMEA5226419	ERX4091358	573	Klebsiella pneumoniae	ftp.sra.ebi.ac.uk/vol1/fastq/ERR409/000/ERR4096060/ERR4096060_1.fastq.gz;ftp.sra.ebi.ac.uk/vol1/fastq/ERR409/000/ERR4096060/ERR4096060_2.fastq.gz	ftp.sra.ebi.ac.uk/vol1/run/ERR409/ERR4096060/29210_5#187.cram;ftp.sra.ebi.ac.uk/vol1/run/ERR409/ERR4096060/29210_5#187.cram.crai	
ERR5311108	PRJEB30134	SAMEA6450920	ERX5100511	562	Escherichia coli	ftp.sra.ebi.ac.uk/vol1/fastq/ERR531/008/ERR5311108/ERR5311108_1.fastq.gz;ftp.sra.ebi.ac.uk/vol1/fastq/ERR531/008/ERR5311108/ERR5311108_2.fastq.gz	ftp.sra.ebi.ac.uk/vol1/run/ERR531/ERR5311108/33226_5#4.cram;ftp.sra.ebi.ac.uk/vol1/run/ERR531/ERR5311108/33226_5#4.cram.crai	
ERR5311113	PRJEB30134	SAMEA6450930	ERX5100516	562	Escherichia coli	ftp.sra.ebi.ac.uk/vol1/fastq/ERR531/003/ERR5311113/ERR5311113_1.fastq.gz;ftp.sra.ebi.ac.uk/vol1/fastq/ERR531/003/ERR5311113/ERR5311113_2.fastq.gz	ftp.sra.ebi.ac.uk/vol1/run/ERR531/ERR5311113/33226_5#9.cram;ftp.sra.ebi.ac.uk/vol1/run/ERR531/ERR5311113/33226_5#9.cram.crai	
ERR5311114	PRJEB30134	SAMEA6450685	ERX5100517	562	Escherichia coli	ftp.sra.ebi.ac.uk/vol1/fastq/ERR531/004/ERR5311114/ERR5311114_1.fastq.gz;ftp.sra.ebi.ac.uk/vol1/fastq/ERR531/004/ERR5311114/ERR5311114_2.fastq.gz	ftp.sra.ebi.ac.uk/vol1/run/ERR531/ERR5311114/33226_5#10.cram;ftp.sra.ebi.ac.uk/vol1/run/ERR531/ERR5311114/33226_5#10.cram.crai	
ERR5311115	PRJEB30134	SAMEA6450925	ERX5100518	562	Escherichia coli	ftp.sra.ebi.ac.uk/vol1/fastq/ERR531/005/ERR5311115/ERR5311115_1.fastq.gz;ftp.sra.ebi.ac.uk/vol1/fastq/ERR531/005/ERR5311115/ERR5311115_2.fastq.gz	ftp.sra.ebi.ac.uk/vol1/run/ERR531/ERR5311115/33226_5#11.cram;ftp.sra.ebi.ac.uk/vol1/run/ERR531/ERR5311115/33226_5#11.cram.crai	
ERR5311121	PRJEB30134	SAMEA6450928	ERX5100524	562	Escherichia coli	ftp.sra.ebi.ac.uk/vol1/fastq/ERR531/001/ERR5311121/ERR5311121_1.fastq.gz;ftp.sra.ebi.ac.uk/vol1/fastq/ERR531/001/ERR5311121/ERR5311121_2.fastq.gz	ftp.sra.ebi.ac.uk/vol1/run/ERR531/ERR5311121/33226_5#17.cram;ftp.sra.ebi.ac.uk/vol1/run/ERR531/ERR5311121/33226_5#17.cram.crai	
ERR5311125	PRJEB30134	SAMEA6450723	ERX5100528	562	Escherichia coli	ftp.sra.ebi.ac.uk/vol1/fastq/ERR531/005/ERR5311125/ERR5311125_1.fastq.gz;ftp.sra.ebi.ac.uk/vol1/fastq/ERR531/005/ERR5311125/ERR5311125_2.fastq.gz	ftp.sra.ebi.ac.uk/vol1/run/ERR531/ERR5311125/33226_5#21.cram;ftp.sra.ebi.ac.uk/vol1/run/ERR531/ERR5311125/33226_5#21.cram.crai	
ERR5311127	PRJEB30134	SAMEA6450696	ERX5100530	562	Escherichia coli	ftp.sra.ebi.ac.uk/vol1/fastq/ERR531/007/ERR5311127/ERR5311127_1.fastq.gz;ftp.sra.ebi.ac.uk/vol1/fastq/ERR531/007/ERR5311127/ERR5311127_2.fastq.gz	ftp.sra.ebi.ac.uk/vol1/run/ERR531/ERR5311127/33226_5#23.cram;ftp.sra.ebi.ac.uk/vol1/run/ERR531/ERR5311127/33226_5#23.cram.crai	
ERR5311131	PRJEB30134	SAMEA6450728	ERX5100534	562	Escherichia coli	ftp.sra.ebi.ac.uk/vol1/fastq/ERR531/001/ERR5311131/ERR5311131_1.fastq.gz;ftp.sra.ebi.ac.uk/vol1/fastq/ERR531/001/ERR5311131/ERR5311131_2.fastq.gz	ftp.sra.ebi.ac.uk/vol1/run/ERR531/ERR5311131/33226_5#27.cram;ftp.sra.ebi.ac.uk/vol1/run/ERR531/ERR5311131/33226_5#27.cram.crai	
ERR5311134	PRJEB30134	SAMEA6450935	ERX5100537	562	Escherichia coli	ftp.sra.ebi.ac.uk/vol1/fastq/ERR531/004/ERR5311134/ERR5311134_1.fastq.gz;ftp.sra.ebi.ac.uk/vol1/fastq/ERR531/004/ERR5311134/ERR5311134_2.fastq.gz	ftp.sra.ebi.ac.uk/vol1/run/ERR531/ERR5311134/33226_5#30.cram;ftp.sra.ebi.ac.uk/vol1/run/ERR531/ERR5311134/33226_5#30.cram.crai	
ERR5311135	PRJEB30134	SAMEA6450744	ERX5100538	562	Escherichia coli	ftp.sra.ebi.ac.uk/vol1/fastq/ERR531/005/ERR5311135/ERR5311135_1.fastq.gz;ftp.sra.ebi.ac.uk/vol1/fastq/ERR531/005/ERR5311135/ERR5311135_2.fastq.gz	ftp.sra.ebi.ac.uk/vol1/run/ERR531/ERR5311135/33226_5#31.cram;ftp.sra.ebi.ac.uk/vol1/run/ERR531/ERR5311135/33226_5#31.cram.crai	
ERR5311139	PRJEB30134	SAMEA6450762	ERX5100542	562	Escherichia coli	ftp.sra.ebi.ac.uk/vol1/fastq/ERR531/009/ERR5311139/ERR5311139_1.fastq.gz;ftp.sra.ebi.ac.uk/vol1/fastq/ERR531/009/ERR5311139/ERR5311139_2.fastq.gz	ftp.sra.ebi.ac.uk/vol1/run/ERR531/ERR5311139/33226_5#35.cram;ftp.sra.ebi.ac.uk/vol1/run/ERR531/ERR5311139/33226_5#35.cram.crai	
ERR5311140	PRJEB30134	SAMEA6450961	ERX5100543	562	Escherichia coli	ftp.sra.ebi.ac.uk/vol1/fastq/ERR531/000/ERR5311140/ERR5311140_1.fastq.gz;ftp.sra.ebi.ac.uk/vol1/fastq/ERR531/000/ERR5311140/ERR5311140_2.fastq.gz	ftp.sra.ebi.ac.uk/vol1/run/ERR531/ERR5311140/33226_5#36.cram;ftp.sra.ebi.ac.uk/vol1/run/ERR531/ERR5311140/33226_5#36.cram.crai	
ERR5311141	PRJEB30134	SAMEA6450764	ERX5100544	562	Escherichia coli	ftp.sra.ebi.ac.uk/vol1/fastq/ERR531/001/ERR5311141/ERR5311141_1.fastq.gz;ftp.sra.ebi.ac.uk/vol1/fastq/ERR531/001/ERR5311141/ERR5311141_2.fastq.gz	ftp.sra.ebi.ac.uk/vol1/run/ERR531/ERR5311141/33226_5#37.cram;ftp.sra.ebi.ac.uk/vol1/run/ERR531/ERR5311141/33226_5#37.cram.crai	
ERR5311142	PRJEB30134	SAMEA6450963	ERX5100545	562	Escherichia coli	ftp.sra.ebi.ac.uk/vol1/fastq/ERR531/002/ERR5311142/ERR5311142_1.fastq.gz;ftp.sra.ebi.ac.uk/vol1/fastq/ERR531/002/ERR5311142/ERR5311142_2.fastq.gz	ftp.sra.ebi.ac.uk/vol1/run/ERR531/ERR5311142/33226_5#38.cram;ftp.sra.ebi.ac.uk/vol1/run/ERR531/ERR5311142/33226_5#38.cram.crai	
ERR5311146	PRJEB30134	SAMEA6450968	ERX5100549	562	Escherichia coli	ftp.sra.ebi.ac.uk/vol1/fastq/ERR531/006/ERR5311146/ERR5311146_1.fastq.gz;ftp.sra.ebi.ac.uk/vol1/fastq/ERR531/006/ERR5311146/ERR5311146_2.fastq.gz	ftp.sra.ebi.ac.uk/vol1/run/ERR531/ERR5311146/33226_5#42.cram;ftp.sra.ebi.ac.uk/vol1/run/ERR531/ERR5311146/33226_5#42.cram.crai	
ERR5311148	PRJEB30134	SAMEA6450969	ERX5100551	562	Escherichia coli	ftp.sra.ebi.ac.uk/vol1/fastq/ERR531/008/ERR5311148/ERR5311148_1.fastq.gz;ftp.sra.ebi.ac.uk/vol1/fastq/ERR531/008/ERR5311148/ERR5311148_2.fastq.gz	ftp.sra.ebi.ac.uk/vol1/run/ERR531/ERR5311148/33226_5#44.cram;ftp.sra.ebi.ac.uk/vol1/run/ERR531/ERR5311148/33226_5#44.cram.crai	
ERR5311150	PRJEB30134	SAMEA6450780	ERX5100553	562	Escherichia coli	ftp.sra.ebi.ac.uk/vol1/fastq/ERR531/000/ERR5311150/ERR5311150_1.fastq.gz;ftp.sra.ebi.ac.uk/vol1/fastq/ERR531/000/ERR5311150/ERR5311150_2.fastq.gz	ftp.sra.ebi.ac.uk/vol1/run/ERR531/ERR5311150/33226_5#46.cram;ftp.sra.ebi.ac.uk/vol1/run/ERR531/ERR5311150/33226_5#46.cram.crai	
ERR5311152	PRJEB30134	SAMEA6450782	ERX5100555	562	Escherichia coli	ftp.sra.ebi.ac.uk/vol1/fastq/ERR531/002/ERR5311152/ERR5311152_1.fastq.gz;ftp.sra.ebi.ac.uk/vol1/fastq/ERR531/002/ERR5311152/ERR5311152_2.fastq.gz	ftp.sra.ebi.ac.uk/vol1/run/ERR531/ERR5311152/33226_5#48.cram;ftp.sra.ebi.ac.uk/vol1/run/ERR531/ERR5311152/33226_5#48.cram.crai	
ERR5311158	PRJEB30134	SAMEA6450786	ERX5100561	562	Escherichia coli	ftp.sra.ebi.ac.uk/vol1/fastq/ERR531/008/ERR5311158/ERR5311158_1.fastq.gz;ftp.sra.ebi.ac.uk/vol1/fastq/ERR531/008/ERR5311158/ERR5311158_2.fastq.gz	ftp.sra.ebi.ac.uk/vol1/run/ERR531/ERR5311158/33226_5#54.cram;ftp.sra.ebi.ac.uk/vol1/run/ERR531/ERR5311158/33226_5#54.cram.crai	
ERR5311159	PRJEB30134	SAMEA6450972	ERX5100562	562	Escherichia coli	ftp.sra.ebi.ac.uk/vol1/fastq/ERR531/009/ERR5311159/ERR5311159_1.fastq.gz;ftp.sra.ebi.ac.uk/vol1/fastq/ERR531/009/ERR5311159/ERR5311159_2.fastq.gz	ftp.sra.ebi.ac.uk/vol1/run/ERR531/ERR5311159/33226_5#55.cram;ftp.sra.ebi.ac.uk/vol1/run/ERR531/ERR5311159/33226_5#55.cram.crai	
ERR5311161	PRJEB30134	SAMEA6450975	ERX5100564	562	Escherichia coli	ftp.sra.ebi.ac.uk/vol1/fastq/ERR531/001/ERR5311161/ERR5311161_1.fastq.gz;ftp.sra.ebi.ac.uk/vol1/fastq/ERR531/001/ERR5311161/ERR5311161_2.fastq.gz	ftp.sra.ebi.ac.uk/vol1/run/ERR531/ERR5311161/33226_5#57.cram;ftp.sra.ebi.ac.uk/vol1/run/ERR531/ERR5311161/33226_5#57.cram.crai	
ERR5311162	PRJEB30134	SAMEA6450787	ERX5100565	562	Escherichia coli	ftp.sra.ebi.ac.uk/vol1/fastq/ERR531/002/ERR5311162/ERR5311162_1.fastq.gz;ftp.sra.ebi.ac.uk/vol1/fastq/ERR531/002/ERR5311162/ERR5311162_2.fastq.gz	ftp.sra.ebi.ac.uk/vol1/run/ERR531/ERR5311162/33226_5#58.cram;ftp.sra.ebi.ac.uk/vol1/run/ERR531/ERR5311162/33226_5#58.cram.crai	
ERR5311164	PRJEB30134	SAMEA6450977	ERX5100567	562	Escherichia coli	ftp.sra.ebi.ac.uk/vol1/fastq/ERR531/004/ERR5311164/ERR5311164_1.fastq.gz;ftp.sra.ebi.ac.uk/vol1/fastq/ERR531/004/ERR5311164/ERR5311164_2.fastq.gz	ftp.sra.ebi.ac.uk/vol1/run/ERR531/ERR5311164/33226_5#60.cram;ftp.sra.ebi.ac.uk/vol1/run/ERR531/ERR5311164/33226_5#60.cram.crai	
ERR5311165	PRJEB30134	SAMEA6450802	ERX5100568	562	Escherichia coli	ftp.sra.ebi.ac.uk/vol1/fastq/ERR531/005/ERR5311165/ERR5311165_1.fastq.gz;ftp.sra.ebi.ac.uk/vol1/fastq/ERR531/005/ERR5311165/ERR5311165_2.fastq.gz	ftp.sra.ebi.ac.uk/vol1/run/ERR531/ERR5311165/33226_5#61.cram;ftp.sra.ebi.ac.uk/vol1/run/ERR531/ERR5311165/33226_5#61.cram.crai	
ERR5311167	PRJEB30134	SAMEA6450800	ERX5100570	562	Escherichia coli	ftp.sra.ebi.ac.uk/vol1/fastq/ERR531/007/ERR5311167/ERR5311167_1.fastq.gz;ftp.sra.ebi.ac.uk/vol1/fastq/ERR531/007/ERR5311167/ERR5311167_2.fastq.gz	ftp.sra.ebi.ac.uk/vol1/run/ERR531/ERR5311167/33226_5#63.cram;ftp.sra.ebi.ac.uk/vol1/run/ERR531/ERR5311167/33226_5#63.cram.crai	
ERR5311170	PRJEB30134	SAMEA6450979	ERX5100573	562	Escherichia coli	ftp.sra.ebi.ac.uk/vol1/fastq/ERR531/000/ERR5311170/ERR5311170_1.fastq.gz;ftp.sra.ebi.ac.uk/vol1/fastq/ERR531/000/ERR5311170/ERR5311170_2.fastq.gz	ftp.sra.ebi.ac.uk/vol1/run/ERR531/ERR5311170/33226_5#66.cram;ftp.sra.ebi.ac.uk/vol1/run/ERR531/ERR5311170/33226_5#66.cram.crai	
ERR5311172	PRJEB30134	SAMEA6450983	ERX5100575	562	Escherichia coli	ftp.sra.ebi.ac.uk/vol1/fastq/ERR531/002/ERR5311172/ERR5311172_1.fastq.gz;ftp.sra.ebi.ac.uk/vol1/fastq/ERR531/002/ERR5311172/ERR5311172_2.fastq.gz	ftp.sra.ebi.ac.uk/vol1/run/ERR531/ERR5311172/33226_5#68.cram;ftp.sra.ebi.ac.uk/vol1/run/ERR531/ERR5311172/33226_5#68.cram.crai	
ERR5311175	PRJEB30134	SAMEA6450806	ERX5100578	562	Escherichia coli	ftp.sra.ebi.ac.uk/vol1/fastq/ERR531/005/ERR5311175/ERR5311175_1.fastq.gz;ftp.sra.ebi.ac.uk/vol1/fastq/ERR531/005/ERR5311175/ERR5311175_2.fastq.gz	ftp.sra.ebi.ac.uk/vol1/run/ERR531/ERR5311175/33226_5#71.cram;ftp.sra.ebi.ac.uk/vol1/run/ERR531/ERR5311175/33226_5#71.cram.crai	
ERR5311182	PRJEB30134	SAMEA6450943	ERX5100585	562	Escherichia coli	ftp.sra.ebi.ac.uk/vol1/fastq/ERR531/002/ERR5311182/ERR5311182_1.fastq.gz;ftp.sra.ebi.ac.uk/vol1/fastq/ERR531/002/ERR5311182/ERR5311182_2.fastq.gz	ftp.sra.ebi.ac.uk/vol1/run/ERR531/ERR5311182/33226_5#78.cram;ftp.sra.ebi.ac.uk/vol1/run/ERR531/ERR5311182/33226_5#78.cram.crai	
ERR5311184	PRJEB30134	SAMEA6450948	ERX5100587	562	Escherichia coli	ftp.sra.ebi.ac.uk/vol1/fastq/ERR531/004/ERR5311184/ERR5311184_1.fastq.gz;ftp.sra.ebi.ac.uk/vol1/fastq/ERR531/004/ERR5311184/ERR5311184_2.fastq.gz	ftp.sra.ebi.ac.uk/vol1/run/ERR531/ERR5311184/33226_5#80.cram;ftp.sra.ebi.ac.uk/vol1/run/ERR531/ERR5311184/33226_5#80.cram.crai	
ERR5311185	PRJEB30134	SAMEA6450818	ERX5100588	562	Escherichia coli	ftp.sra.ebi.ac.uk/vol1/fastq/ERR531/005/ERR5311185/ERR5311185_1.fastq.gz;ftp.sra.ebi.ac.uk/vol1/fastq/ERR531/005/ERR5311185/ERR5311185_2.fastq.gz	ftp.sra.ebi.ac.uk/vol1/run/ERR531/ERR5311185/33226_5#81.cram;ftp.sra.ebi.ac.uk/vol1/run/ERR531/ERR5311185/33226_5#81.cram.crai	
ERR5311187	PRJEB30134	SAMEA6450819	ERX5100590	562	Escherichia coli	ftp.sra.ebi.ac.uk/vol1/fastq/ERR531/007/ERR5311187/ERR5311187_1.fastq.gz;ftp.sra.ebi.ac.uk/vol1/fastq/ERR531/007/ERR5311187/ERR5311187_2.fastq.gz	ftp.sra.ebi.ac.uk/vol1/run/ERR531/ERR5311187/33226_5#83.cram;ftp.sra.ebi.ac.uk/vol1/run/ERR531/ERR5311187/33226_5#83.cram.crai	
ERR5311189	PRJEB30134	SAMEA6450828	ERX5100592	562	Escherichia coli	ftp.sra.ebi.ac.uk/vol1/fastq/ERR531/009/ERR5311189/ERR5311189_1.fastq.gz;ftp.sra.ebi.ac.uk/vol1/fastq/ERR531/009/ERR5311189/ERR5311189_2.fastq.gz	ftp.sra.ebi.ac.uk/vol1/run/ERR531/ERR5311189/33226_5#85.cram;ftp.sra.ebi.ac.uk/vol1/run/ERR531/ERR5311189/33226_5#85.cram.crai	
ERR5311190	PRJEB30134	SAMEA6450951	ERX5100593	562	Escherichia coli	ftp.sra.ebi.ac.uk/vol1/fastq/ERR531/000/ERR5311190/ERR5311190_1.fastq.gz;ftp.sra.ebi.ac.uk/vol1/fastq/ERR531/000/ERR5311190/ERR5311190_2.fastq.gz	ftp.sra.ebi.ac.uk/vol1/run/ERR531/ERR5311190/33226_5#86.cram;ftp.sra.ebi.ac.uk/vol1/run/ERR531/ERR5311190/33226_5#86.cram.crai	
ERR5311196	PRJEB30134	SAMEA6450833	ERX5100599	562	Escherichia coli	ftp.sra.ebi.ac.uk/vol1/fastq/ERR531/006/ERR5311196/ERR5311196_1.fastq.gz;ftp.sra.ebi.ac.uk/vol1/fastq/ERR531/006/ERR5311196/ERR5311196_2.fastq.gz	ftp.sra.ebi.ac.uk/vol1/run/ERR531/ERR5311196/33226_5#92.cram;ftp.sra.ebi.ac.uk/vol1/run/ERR531/ERR5311196/33226_5#92.cram.crai	
ERR5311197	PRJEB30134	SAMEA6450956	ERX5100600	562	Escherichia coli	ftp.sra.ebi.ac.uk/vol1/fastq/ERR531/007/ERR5311197/ERR5311197_1.fastq.gz;ftp.sra.ebi.ac.uk/vol1/fastq/ERR531/007/ERR5311197/ERR5311197_2.fastq.gz	ftp.sra.ebi.ac.uk/vol1/run/ERR531/ERR5311197/33226_5#93.cram;ftp.sra.ebi.ac.uk/vol1/run/ERR531/ERR5311197/33226_5#93.cram.crai	
ERR5311207	PRJEB30134	SAMEA6450842	ERX5100610	562	Escherichia coli	ftp.sra.ebi.ac.uk/vol1/fastq/ERR531/007/ERR5311207/ERR5311207_1.fastq.gz;ftp.sra.ebi.ac.uk/vol1/fastq/ERR531/007/ERR5311207/ERR5311207_2.fastq.gz	ftp.sra.ebi.ac.uk/vol1/run/ERR531/ERR5311207/33226_5#103.cram;ftp.sra.ebi.ac.uk/vol1/run/ERR531/ERR5311207/33226_5#103.cram.crai	
ERR5311212	PRJEB30134	SAMEA6450984	ERX5100615	562	Escherichia coli	ftp.sra.ebi.ac.uk/vol1/fastq/ERR531/002/ERR5311212/ERR5311212_1.fastq.gz;ftp.sra.ebi.ac.uk/vol1/fastq/ERR531/002/ERR5311212/ERR5311212_2.fastq.gz	ftp.sra.ebi.ac.uk/vol1/run/ERR531/ERR5311212/33226_5#108.cram;ftp.sra.ebi.ac.uk/vol1/run/ERR531/ERR5311212/33226_5#108.cram.crai	
ERR5311213	PRJEB30134	SAMEA6450853	ERX5100616	562	Escherichia coli	ftp.sra.ebi.ac.uk/vol1/fastq/ERR531/003/ERR5311213/ERR5311213_1.fastq.gz;ftp.sra.ebi.ac.uk/vol1/fastq/ERR531/003/ERR5311213/ERR5311213_2.fastq.gz	ftp.sra.ebi.ac.uk/vol1/run/ERR531/ERR5311213/33226_5#109.cram;ftp.sra.ebi.ac.uk/vol1/run/ERR531/ERR5311213/33226_5#109.cram.crai	
ERR5311214	PRJEB30134	SAMEA6450987	ERX5100617	562	Escherichia coli	ftp.sra.ebi.ac.uk/vol1/fastq/ERR531/004/ERR5311214/ERR5311214_1.fastq.gz;ftp.sra.ebi.ac.uk/vol1/fastq/ERR531/004/ERR5311214/ERR5311214_2.fastq.gz	ftp.sra.ebi.ac.uk/vol1/run/ERR531/ERR5311214/33226_5#110.cram;ftp.sra.ebi.ac.uk/vol1/run/ERR531/ERR5311214/33226_5#110.cram.crai	
ERR5311218	PRJEB30134	SAMEA6450986	ERX5100621	562	Escherichia coli	ftp.sra.ebi.ac.uk/vol1/fastq/ERR531/008/ERR5311218/ERR5311218_1.fastq.gz;ftp.sra.ebi.ac.uk/vol1/fastq/ERR531/008/ERR5311218/ERR5311218_2.fastq.gz	ftp.sra.ebi.ac.uk/vol1/run/ERR531/ERR5311218/33226_5#114.cram;ftp.sra.ebi.ac.uk/vol1/run/ERR531/ERR5311218/33226_5#114.cram.crai	
ERR5311225	PRJEB30134	SAMEA6450865	ERX5100628	562	Escherichia coli	ftp.sra.ebi.ac.uk/vol1/fastq/ERR531/005/ERR5311225/ERR5311225_1.fastq.gz;ftp.sra.ebi.ac.uk/vol1/fastq/ERR531/005/ERR5311225/ERR5311225_2.fastq.gz	ftp.sra.ebi.ac.uk/vol1/run/ERR531/ERR5311225/33226_5#121.cram;ftp.sra.ebi.ac.uk/vol1/run/ERR531/ERR5311225/33226_5#121.cram.crai	
ERR5311229	PRJEB30134	SAMEA6450864	ERX5100632	562	Escherichia coli	ftp.sra.ebi.ac.uk/vol1/fastq/ERR531/009/ERR5311229/ERR5311229_1.fastq.gz;ftp.sra.ebi.ac.uk/vol1/fastq/ERR531/009/ERR5311229/ERR5311229_2.fastq.gz	ftp.sra.ebi.ac.uk/vol1/run/ERR531/ERR5311229/33226_5#125.cram;ftp.sra.ebi.ac.uk/vol1/run/ERR531/ERR5311229/33226_5#125.cram.crai	
ERR5311232	PRJEB30134	SAMEA6450997	ERX5100635	562	Escherichia coli	ftp.sra.ebi.ac.uk/vol1/fastq/ERR531/002/ERR5311232/ERR5311232_1.fastq.gz;ftp.sra.ebi.ac.uk/vol1/fastq/ERR531/002/ERR5311232/ERR5311232_2.fastq.gz	ftp.sra.ebi.ac.uk/vol1/run/ERR531/ERR5311232/33226_5#128.cram;ftp.sra.ebi.ac.uk/vol1/run/ERR531/ERR5311232/33226_5#128.cram.crai	
ERR5311233	PRJEB30134	SAMEA6450995	ERX5100636	562	Escherichia coli	ftp.sra.ebi.ac.uk/vol1/fastq/ERR531/003/ERR5311233/ERR5311233_1.fastq.gz;ftp.sra.ebi.ac.uk/vol1/fastq/ERR531/003/ERR5311233/ERR5311233_2.fastq.gz	ftp.sra.ebi.ac.uk/vol1/run/ERR531/ERR5311233/33226_5#129.cram;ftp.sra.ebi.ac.uk/vol1/run/ERR531/ERR5311233/33226_5#129.cram.crai	
ERR5311236	PRJEB30134	SAMEA6450874	ERX5100639	562	Escherichia coli	ftp.sra.ebi.ac.uk/vol1/fastq/ERR531/006/ERR5311236/ERR5311236_1.fastq.gz;ftp.sra.ebi.ac.uk/vol1/fastq/ERR531/006/ERR5311236/ERR5311236_2.fastq.gz	ftp.sra.ebi.ac.uk/vol1/run/ERR531/ERR5311236/33226_5#132.cram;ftp.sra.ebi.ac.uk/vol1/run/ERR531/ERR5311236/33226_5#132.cram.crai	
ERR5311240	PRJEB30134	SAMEA6450872	ERX5100643	562	Escherichia coli	ftp.sra.ebi.ac.uk/vol1/fastq/ERR531/000/ERR5311240/ERR5311240_1.fastq.gz;ftp.sra.ebi.ac.uk/vol1/fastq/ERR531/000/ERR5311240/ERR5311240_2.fastq.gz	ftp.sra.ebi.ac.uk/vol1/run/ERR531/ERR5311240/33226_5#136.cram;ftp.sra.ebi.ac.uk/vol1/run/ERR531/ERR5311240/33226_5#136.cram.crai	
ERR5311242	PRJEB30134	SAMEA6450875	ERX5100645	562	Escherichia coli	ftp.sra.ebi.ac.uk/vol1/fastq/ERR531/002/ERR5311242/ERR5311242_1.fastq.gz;ftp.sra.ebi.ac.uk/vol1/fastq/ERR531/002/ERR5311242/ERR5311242_2.fastq.gz	ftp.sra.ebi.ac.uk/vol1/run/ERR531/ERR5311242/33226_5#138.cram;ftp.sra.ebi.ac.uk/vol1/run/ERR531/ERR5311242/33226_5#138.cram.crai	
ERR5311244	PRJEB30134	SAMEA6450877	ERX5100647	562	Escherichia coli	ftp.sra.ebi.ac.uk/vol1/fastq/ERR531/004/ERR5311244/ERR5311244_1.fastq.gz;ftp.sra.ebi.ac.uk/vol1/fastq/ERR531/004/ERR5311244/ERR5311244_2.fastq.gz	ftp.sra.ebi.ac.uk/vol1/run/ERR531/ERR5311244/33226_5#140.cram;ftp.sra.ebi.ac.uk/vol1/run/ERR531/ERR5311244/33226_5#140.cram.crai	
ERR5311245	PRJEB30134	SAMEA6451002	ERX5100648	562	Escherichia coli	ftp.sra.ebi.ac.uk/vol1/fastq/ERR531/005/ERR5311245/ERR5311245_1.fastq.gz;ftp.sra.ebi.ac.uk/vol1/fastq/ERR531/005/ERR5311245/ERR5311245_2.fastq.gz	ftp.sra.ebi.ac.uk/vol1/run/ERR531/ERR5311245/33226_5#141.cram;ftp.sra.ebi.ac.uk/vol1/run/ERR531/ERR5311245/33226_5#141.cram.crai	
ERR5311251	PRJEB30134	SAMEA6450884	ERX5100654	562	Escherichia coli	ftp.sra.ebi.ac.uk/vol1/fastq/ERR531/001/ERR5311251/ERR5311251_1.fastq.gz;ftp.sra.ebi.ac.uk/vol1/fastq/ERR531/001/ERR5311251/ERR5311251_2.fastq.gz	ftp.sra.ebi.ac.uk/vol1/run/ERR531/ERR5311251/33226_5#147.cram;ftp.sra.ebi.ac.uk/vol1/run/ERR531/ERR5311251/33226_5#147.cram.crai	
ERR5311264	PRJEB30134	SAMEA6451013	ERX5100667	562	Escherichia coli	ftp.sra.ebi.ac.uk/vol1/fastq/ERR531/004/ERR5311264/ERR5311264_1.fastq.gz;ftp.sra.ebi.ac.uk/vol1/fastq/ERR531/004/ERR5311264/ERR5311264_2.fastq.gz	ftp.sra.ebi.ac.uk/vol1/run/ERR531/ERR5311264/33226_5#160.cram;ftp.sra.ebi.ac.uk/vol1/run/ERR531/ERR5311264/33226_5#160.cram.crai	
ERR5311269	PRJEB30134	SAMEA6450901	ERX5100672	562	Escherichia coli	ftp.sra.ebi.ac.uk/vol1/fastq/ERR531/009/ERR5311269/ERR5311269_1.fastq.gz;ftp.sra.ebi.ac.uk/vol1/fastq/ERR531/009/ERR5311269/ERR5311269_2.fastq.gz	ftp.sra.ebi.ac.uk/vol1/run/ERR531/ERR5311269/33226_5#165.cram;ftp.sra.ebi.ac.uk/vol1/run/ERR531/ERR5311269/33226_5#165.cram.crai	
ERR5311270	PRJEB30134	SAMEA6451015	ERX5100673	562	Escherichia coli	ftp.sra.ebi.ac.uk/vol1/fastq/ERR531/000/ERR5311270/ERR5311270_1.fastq.gz;ftp.sra.ebi.ac.uk/vol1/fastq/ERR531/000/ERR5311270/ERR5311270_2.fastq.gz	ftp.sra.ebi.ac.uk/vol1/run/ERR531/ERR5311270/33226_5#166.cram;ftp.sra.ebi.ac.uk/vol1/run/ERR531/ERR5311270/33226_5#166.cram.crai	
ERR5311272	PRJEB30134	SAMEA6451017	ERX5100675	562	Escherichia coli	ftp.sra.ebi.ac.uk/vol1/fastq/ERR531/002/ERR5311272/ERR5311272_1.fastq.gz;ftp.sra.ebi.ac.uk/vol1/fastq/ERR531/002/ERR5311272/ERR5311272_2.fastq.gz	ftp.sra.ebi.ac.uk/vol1/run/ERR531/ERR5311272/33226_5#168.cram;ftp.sra.ebi.ac.uk/vol1/run/ERR531/ERR5311272/33226_5#168.cram.crai	
ERR5311279	PRJEB30134	SAMEA6451020	ERX5100682	562	Escherichia coli	ftp.sra.ebi.ac.uk/vol1/fastq/ERR531/009/ERR5311279/ERR5311279_1.fastq.gz;ftp.sra.ebi.ac.uk/vol1/fastq/ERR531/009/ERR5311279/ERR5311279_2.fastq.gz	ftp.sra.ebi.ac.uk/vol1/run/ERR531/ERR5311279/33226_5#175.cram;ftp.sra.ebi.ac.uk/vol1/run/ERR531/ERR5311279/33226_5#175.cram.crai	
ERR5311281	PRJEB30134	SAMEA6451021	ERX5100684	562	Escherichia coli	ftp.sra.ebi.ac.uk/vol1/fastq/ERR531/001/ERR5311281/ERR5311281_1.fastq.gz;ftp.sra.ebi.ac.uk/vol1/fastq/ERR531/001/ERR5311281/ERR5311281_2.fastq.gz	ftp.sra.ebi.ac.uk/vol1/run/ERR531/ERR5311281/33226_5#177.cram;ftp.sra.ebi.ac.uk/vol1/run/ERR531/ERR5311281/33226_5#177.cram.crai	
ERR5311283	PRJEB30134	SAMEA6451025	ERX5100686	562	Escherichia coli	ftp.sra.ebi.ac.uk/vol1/fastq/ERR531/003/ERR5311283/ERR5311283_1.fastq.gz;ftp.sra.ebi.ac.uk/vol1/fastq/ERR531/003/ERR5311283/ERR5311283_2.fastq.gz	ftp.sra.ebi.ac.uk/vol1/run/ERR531/ERR5311283/33226_5#179.cram;ftp.sra.ebi.ac.uk/vol1/run/ERR531/ERR5311283/33226_5#179.cram.crai	
ERR5311285	PRJEB30134	SAMEA6451024	ERX5100688	562	Escherichia coli	ftp.sra.ebi.ac.uk/vol1/fastq/ERR531/005/ERR5311285/ERR5311285_1.fastq.gz;ftp.sra.ebi.ac.uk/vol1/fastq/ERR531/005/ERR5311285/ERR5311285_2.fastq.gz	ftp.sra.ebi.ac.uk/vol1/run/ERR531/ERR5311285/33226_5#181.cram;ftp.sra.ebi.ac.uk/vol1/run/ERR531/ERR5311285/33226_5#181.cram.crai	
ERR5311287	PRJEB30134	SAMEA6450909	ERX5100690	562	Escherichia coli	ftp.sra.ebi.ac.uk/vol1/fastq/ERR531/007/ERR5311287/ERR5311287_1.fastq.gz;ftp.sra.ebi.ac.uk/vol1/fastq/ERR531/007/ERR5311287/ERR5311287_2.fastq.gz	ftp.sra.ebi.ac.uk/vol1/run/ERR531/ERR5311287/33226_5#183.cram;ftp.sra.ebi.ac.uk/vol1/run/ERR531/ERR5311287/33226_5#183.cram.crai	
ERR5311292	PRJEB30134	SAMEA6451026	ERX5100695	562	Escherichia coli	ftp.sra.ebi.ac.uk/vol1/fastq/ERR531/002/ERR5311292/ERR5311292_1.fastq.gz;ftp.sra.ebi.ac.uk/vol1/fastq/ERR531/002/ERR5311292/ERR5311292_2.fastq.gz	ftp.sra.ebi.ac.uk/vol1/run/ERR531/ERR5311292/33226_5#188.cram;ftp.sra.ebi.ac.uk/vol1/run/ERR531/ERR5311292/33226_5#188.cram.crai	
ERR5311294	PRJEB30134	SAMEA6451028	ERX5100697	562	Escherichia coli	ftp.sra.ebi.ac.uk/vol1/fastq/ERR531/004/ERR5311294/ERR5311294_1.fastq.gz;ftp.sra.ebi.ac.uk/vol1/fastq/ERR531/004/ERR5311294/ERR5311294_2.fastq.gz	ftp.sra.ebi.ac.uk/vol1/run/ERR531/ERR5311294/33226_5#190.cram;ftp.sra.ebi.ac.uk/vol1/run/ERR531/ERR5311294/33226_5#190.cram.crai	
ERR5311295	PRJEB30134	SAMEA6450916	ERX5100698	562	Escherichia coli	ftp.sra.ebi.ac.uk/vol1/fastq/ERR531/005/ERR5311295/ERR5311295_1.fastq.gz;ftp.sra.ebi.ac.uk/vol1/fastq/ERR531/005/ERR5311295/ERR5311295_2.fastq.gz	ftp.sra.ebi.ac.uk/vol1/run/ERR531/ERR5311295/33226_5#191.cram;ftp.sra.ebi.ac.uk/vol1/run/ERR531/ERR5311295/33226_5#191.cram.crai	
ERR5386284	PRJEB30134	SAMEA6451149	ERX5171210	548	Klebsiella aerogenes	ftp.sra.ebi.ac.uk/vol1/fastq/ERR538/004/ERR5386284/ERR5386284_1.fastq.gz;ftp.sra.ebi.ac.uk/vol1/fastq/ERR538/004/ERR5386284/ERR5386284_2.fastq.gz	ftp.sra.ebi.ac.uk/vol1/run/ERR538/ERR5386284/33431_1#8.cram	
ERR5386290	PRJEB30134	SAMEA6451147	ERX5171216	562	Escherichia coli	ftp.sra.ebi.ac.uk/vol1/fastq/ERR538/000/ERR5386290/ERR5386290_1.fastq.gz;ftp.sra.ebi.ac.uk/vol1/fastq/ERR538/000/ERR5386290/ERR5386290_2.fastq.gz	ftp.sra.ebi.ac.uk/vol1/run/ERR538/ERR5386290/33431_1#14.cram;ftp.sra.ebi.ac.uk/vol1/run/ERR538/ERR5386290/33431_1#14.cram.crai	
ERR5386294	PRJEB30134	SAMEA6451039	ERX5171220	562	Escherichia coli	ftp.sra.ebi.ac.uk/vol1/fastq/ERR538/004/ERR5386294/ERR5386294_1.fastq.gz;ftp.sra.ebi.ac.uk/vol1/fastq/ERR538/004/ERR5386294/ERR5386294_2.fastq.gz	ftp.sra.ebi.ac.uk/vol1/run/ERR538/ERR5386294/33431_1#18.cram;ftp.sra.ebi.ac.uk/vol1/run/ERR538/ERR5386294/33431_1#18.cram.crai	
ERR5386301	PRJEB30134	SAMEA6451154	ERX5171227	562	Escherichia coli	ftp.sra.ebi.ac.uk/vol1/fastq/ERR538/001/ERR5386301/ERR5386301_1.fastq.gz;ftp.sra.ebi.ac.uk/vol1/fastq/ERR538/001/ERR5386301/ERR5386301_2.fastq.gz	ftp.sra.ebi.ac.uk/vol1/run/ERR538/ERR5386301/33431_1#25.cram;ftp.sra.ebi.ac.uk/vol1/run/ERR538/ERR5386301/33431_1#25.cram.crai	
ERR5386303	PRJEB30134	SAMEA6451155	ERX5171229	546	Citrobacter freundii	ftp.sra.ebi.ac.uk/vol1/fastq/ERR538/003/ERR5386303/ERR5386303_1.fastq.gz;ftp.sra.ebi.ac.uk/vol1/fastq/ERR538/003/ERR5386303/ERR5386303_2.fastq.gz	ftp.sra.ebi.ac.uk/vol1/run/ERR538/ERR5386303/33431_1#27.cram	
ERR5386306	PRJEB30134	SAMEA6451157	ERX5171232	573	Klebsiella pneumoniae	ftp.sra.ebi.ac.uk/vol1/fastq/ERR538/006/ERR5386306/ERR5386306_1.fastq.gz;ftp.sra.ebi.ac.uk/vol1/fastq/ERR538/006/ERR5386306/ERR5386306_2.fastq.gz	ftp.sra.ebi.ac.uk/vol1/run/ERR538/ERR5386306/33431_1#30.cram;ftp.sra.ebi.ac.uk/vol1/run/ERR538/ERR5386306/33431_1#30.cram.crai	
ERR5386307	PRJEB30134	SAMEA6451049	ERX5171233	562	Escherichia coli	ftp.sra.ebi.ac.uk/vol1/fastq/ERR538/007/ERR5386307/ERR5386307_1.fastq.gz;ftp.sra.ebi.ac.uk/vol1/fastq/ERR538/007/ERR5386307/ERR5386307_2.fastq.gz	ftp.sra.ebi.ac.uk/vol1/run/ERR538/ERR5386307/33431_1#31.cram;ftp.sra.ebi.ac.uk/vol1/run/ERR538/ERR5386307/33431_1#31.cram.crai	
ERR5386308	PRJEB30134	SAMEA6451159	ERX5171234	562	Escherichia coli	ftp.sra.ebi.ac.uk/vol1/fastq/ERR538/008/ERR5386308/ERR5386308_1.fastq.gz;ftp.sra.ebi.ac.uk/vol1/fastq/ERR538/008/ERR5386308/ERR5386308_2.fastq.gz	ftp.sra.ebi.ac.uk/vol1/run/ERR538/ERR5386308/33431_1#32.cram;ftp.sra.ebi.ac.uk/vol1/run/ERR538/ERR5386308/33431_1#32.cram.crai	
ERR5386310	PRJEB30134	SAMEA6451158	ERX5171236	573	Klebsiella pneumoniae	ftp.sra.ebi.ac.uk/vol1/fastq/ERR538/000/ERR5386310/ERR5386310_1.fastq.gz;ftp.sra.ebi.ac.uk/vol1/fastq/ERR538/000/ERR5386310/ERR5386310_2.fastq.gz	ftp.sra.ebi.ac.uk/vol1/run/ERR538/ERR5386310/33431_1#34.cram;ftp.sra.ebi.ac.uk/vol1/run/ERR538/ERR5386310/33431_1#34.cram.crai	
ERR5386311	PRJEB30134	SAMEA6451053	ERX5171237	562	Escherichia coli	ftp.sra.ebi.ac.uk/vol1/fastq/ERR538/001/ERR5386311/ERR5386311_1.fastq.gz;ftp.sra.ebi.ac.uk/vol1/fastq/ERR538/001/ERR5386311/ERR5386311_2.fastq.gz	ftp.sra.ebi.ac.uk/vol1/run/ERR538/ERR5386311/33431_1#35.cram;ftp.sra.ebi.ac.uk/vol1/run/ERR538/ERR5386311/33431_1#35.cram.crai	
ERR5386313	PRJEB30134	SAMEA6451055	ERX5171239	562	Escherichia coli	ftp.sra.ebi.ac.uk/vol1/fastq/ERR538/003/ERR5386313/ERR5386313_1.fastq.gz;ftp.sra.ebi.ac.uk/vol1/fastq/ERR538/003/ERR5386313/ERR5386313_2.fastq.gz	ftp.sra.ebi.ac.uk/vol1/run/ERR538/ERR5386313/33431_1#37.cram;ftp.sra.ebi.ac.uk/vol1/run/ERR538/ERR5386313/33431_1#37.cram.crai	
ERR5386317	PRJEB30134	SAMEA6451057	ERX5171243	562	Escherichia coli	ftp.sra.ebi.ac.uk/vol1/fastq/ERR538/007/ERR5386317/ERR5386317_1.fastq.gz;ftp.sra.ebi.ac.uk/vol1/fastq/ERR538/007/ERR5386317/ERR5386317_2.fastq.gz	ftp.sra.ebi.ac.uk/vol1/run/ERR538/ERR5386317/33431_1#41.cram;ftp.sra.ebi.ac.uk/vol1/run/ERR538/ERR5386317/33431_1#41.cram.crai	
ERR5386319	PRJEB30134	SAMEA6451061	ERX5171245	562	Escherichia coli	ftp.sra.ebi.ac.uk/vol1/fastq/ERR538/009/ERR5386319/ERR5386319_1.fastq.gz;ftp.sra.ebi.ac.uk/vol1/fastq/ERR538/009/ERR5386319/ERR5386319_2.fastq.gz	ftp.sra.ebi.ac.uk/vol1/run/ERR538/ERR5386319/33431_1#43.cram;ftp.sra.ebi.ac.uk/vol1/run/ERR538/ERR5386319/33431_1#43.cram.crai	
ERR5386320	PRJEB30134	SAMEA6451163	ERX5171246	562	Escherichia coli	ftp.sra.ebi.ac.uk/vol1/fastq/ERR538/000/ERR5386320/ERR5386320_1.fastq.gz;ftp.sra.ebi.ac.uk/vol1/fastq/ERR538/000/ERR5386320/ERR5386320_2.fastq.gz	ftp.sra.ebi.ac.uk/vol1/run/ERR538/ERR5386320/33431_1#44.cram;ftp.sra.ebi.ac.uk/vol1/run/ERR538/ERR5386320/33431_1#44.cram.crai	
ERR5386324	PRJEB30134	SAMEA6451167	ERX5171250	573	Klebsiella pneumoniae	ftp.sra.ebi.ac.uk/vol1/fastq/ERR538/004/ERR5386324/ERR5386324_1.fastq.gz;ftp.sra.ebi.ac.uk/vol1/fastq/ERR538/004/ERR5386324/ERR5386324_2.fastq.gz	ftp.sra.ebi.ac.uk/vol1/run/ERR538/ERR5386324/33431_1#48.cram;ftp.sra.ebi.ac.uk/vol1/run/ERR538/ERR5386324/33431_1#48.cram.crai	
ERR5386332	PRJEB30134	SAMEA6451172	ERX5171258	573	Klebsiella pneumoniae	ftp.sra.ebi.ac.uk/vol1/fastq/ERR538/002/ERR5386332/ERR5386332_1.fastq.gz;ftp.sra.ebi.ac.uk/vol1/fastq/ERR538/002/ERR5386332/ERR5386332_2.fastq.gz	ftp.sra.ebi.ac.uk/vol1/run/ERR538/ERR5386332/33431_1#56.cram;ftp.sra.ebi.ac.uk/vol1/run/ERR538/ERR5386332/33431_1#56.cram.crai	
ERR5386333	PRJEB30134	SAMEA6451173	ERX5171259	573	Klebsiella pneumoniae	ftp.sra.ebi.ac.uk/vol1/fastq/ERR538/003/ERR5386333/ERR5386333_1.fastq.gz;ftp.sra.ebi.ac.uk/vol1/fastq/ERR538/003/ERR5386333/ERR5386333_2.fastq.gz	ftp.sra.ebi.ac.uk/vol1/run/ERR538/ERR5386333/33431_1#57.cram;ftp.sra.ebi.ac.uk/vol1/run/ERR538/ERR5386333/33431_1#57.cram.crai	
ERR5386334	PRJEB30134	SAMEA6451072	ERX5171260	562	Escherichia coli	ftp.sra.ebi.ac.uk/vol1/fastq/ERR538/004/ERR5386334/ERR5386334_1.fastq.gz;ftp.sra.ebi.ac.uk/vol1/fastq/ERR538/004/ERR5386334/ERR5386334_2.fastq.gz	ftp.sra.ebi.ac.uk/vol1/run/ERR538/ERR5386334/33431_1#58.cram;ftp.sra.ebi.ac.uk/vol1/run/ERR538/ERR5386334/33431_1#58.cram.crai	
ERR5386336	PRJEB30134	SAMEA6451071	ERX5171262	562	Escherichia coli	ftp.sra.ebi.ac.uk/vol1/fastq/ERR538/006/ERR5386336/ERR5386336_1.fastq.gz;ftp.sra.ebi.ac.uk/vol1/fastq/ERR538/006/ERR5386336/ERR5386336_2.fastq.gz	ftp.sra.ebi.ac.uk/vol1/run/ERR538/ERR5386336/33431_1#60.cram;ftp.sra.ebi.ac.uk/vol1/run/ERR538/ERR5386336/33431_1#60.cram.crai	
ERR5386339	PRJEB30134	SAMEA6451174	ERX5171265	571	Klebsiella oxytoca	ftp.sra.ebi.ac.uk/vol1/fastq/ERR538/009/ERR5386339/ERR5386339_1.fastq.gz;ftp.sra.ebi.ac.uk/vol1/fastq/ERR538/009/ERR5386339/ERR5386339_2.fastq.gz	ftp.sra.ebi.ac.uk/vol1/run/ERR538/ERR5386339/33431_1#63.cram	
ERR5386343	PRJEB30134	SAMEA6451178	ERX5171269	573	Klebsiella pneumoniae	ftp.sra.ebi.ac.uk/vol1/fastq/ERR538/003/ERR5386343/ERR5386343_1.fastq.gz;ftp.sra.ebi.ac.uk/vol1/fastq/ERR538/003/ERR5386343/ERR5386343_2.fastq.gz	ftp.sra.ebi.ac.uk/vol1/run/ERR538/ERR5386343/33431_1#67.cram;ftp.sra.ebi.ac.uk/vol1/run/ERR538/ERR5386343/33431_1#67.cram.crai	
ERR5386350	PRJEB30134	SAMEA6451181	ERX5171276	573	Klebsiella pneumoniae	ftp.sra.ebi.ac.uk/vol1/fastq/ERR538/000/ERR5386350/ERR5386350_1.fastq.gz;ftp.sra.ebi.ac.uk/vol1/fastq/ERR538/000/ERR5386350/ERR5386350_2.fastq.gz	ftp.sra.ebi.ac.uk/vol1/run/ERR538/ERR5386350/33431_1#74.cram;ftp.sra.ebi.ac.uk/vol1/run/ERR538/ERR5386350/33431_1#74.cram.crai	
ERR5386351	PRJEB30134	SAMEA6451079	ERX5171277	562	Escherichia coli	ftp.sra.ebi.ac.uk/vol1/fastq/ERR538/001/ERR5386351/ERR5386351_1.fastq.gz;ftp.sra.ebi.ac.uk/vol1/fastq/ERR538/001/ERR5386351/ERR5386351_2.fastq.gz	ftp.sra.ebi.ac.uk/vol1/run/ERR538/ERR5386351/33431_1#75.cram;ftp.sra.ebi.ac.uk/vol1/run/ERR538/ERR5386351/33431_1#75.cram.crai	
ERR5386352	PRJEB30134	SAMEA6451184	ERX5171278	573	Klebsiella pneumoniae	ftp.sra.ebi.ac.uk/vol1/fastq/ERR538/002/ERR5386352/ERR5386352_1.fastq.gz;ftp.sra.ebi.ac.uk/vol1/fastq/ERR538/002/ERR5386352/ERR5386352_2.fastq.gz	ftp.sra.ebi.ac.uk/vol1/run/ERR538/ERR5386352/33431_1#76.cram;ftp.sra.ebi.ac.uk/vol1/run/ERR538/ERR5386352/33431_1#76.cram.crai	
ERR5386355	PRJEB30134	SAMEA6451081	ERX5171281	562	Escherichia coli	ftp.sra.ebi.ac.uk/vol1/fastq/ERR538/005/ERR5386355/ERR5386355_1.fastq.gz;ftp.sra.ebi.ac.uk/vol1/fastq/ERR538/005/ERR5386355/ERR5386355_2.fastq.gz	ftp.sra.ebi.ac.uk/vol1/run/ERR538/ERR5386355/33431_1#79.cram;ftp.sra.ebi.ac.uk/vol1/run/ERR538/ERR5386355/33431_1#79.cram.crai	
ERR5386356	PRJEB30134	SAMEA6451185	ERX5171282	573	Klebsiella pneumoniae	ftp.sra.ebi.ac.uk/vol1/fastq/ERR538/006/ERR5386356/ERR5386356_1.fastq.gz;ftp.sra.ebi.ac.uk/vol1/fastq/ERR538/006/ERR5386356/ERR5386356_2.fastq.gz	ftp.sra.ebi.ac.uk/vol1/run/ERR538/ERR5386356/33431_1#80.cram;ftp.sra.ebi.ac.uk/vol1/run/ERR538/ERR5386356/33431_1#80.cram.crai	
ERR5386360	PRJEB30134	SAMEA6451186	ERX5171286	573	Klebsiella pneumoniae	ftp.sra.ebi.ac.uk/vol1/fastq/ERR538/000/ERR5386360/ERR5386360_1.fastq.gz;ftp.sra.ebi.ac.uk/vol1/fastq/ERR538/000/ERR5386360/ERR5386360_2.fastq.gz	ftp.sra.ebi.ac.uk/vol1/run/ERR538/ERR5386360/33431_1#84.cram;ftp.sra.ebi.ac.uk/vol1/run/ERR538/ERR5386360/33431_1#84.cram.crai	
ERR5386361	PRJEB30134	SAMEA6451085	ERX5171287	562	Escherichia coli	ftp.sra.ebi.ac.uk/vol1/fastq/ERR538/001/ERR5386361/ERR5386361_1.fastq.gz;ftp.sra.ebi.ac.uk/vol1/fastq/ERR538/001/ERR5386361/ERR5386361_2.fastq.gz	ftp.sra.ebi.ac.uk/vol1/run/ERR538/ERR5386361/33431_1#85.cram;ftp.sra.ebi.ac.uk/vol1/run/ERR538/ERR5386361/33431_1#85.cram.crai	
ERR5386363	PRJEB30134	SAMEA6451086	ERX5171289	562	Escherichia coli	ftp.sra.ebi.ac.uk/vol1/fastq/ERR538/003/ERR5386363/ERR5386363_1.fastq.gz;ftp.sra.ebi.ac.uk/vol1/fastq/ERR538/003/ERR5386363/ERR5386363_2.fastq.gz	ftp.sra.ebi.ac.uk/vol1/run/ERR538/ERR5386363/33431_1#87.cram;ftp.sra.ebi.ac.uk/vol1/run/ERR538/ERR5386363/33431_1#87.cram.crai	
ERR5386364	PRJEB30134	SAMEA6451188	ERX5171290	573	Klebsiella pneumoniae	ftp.sra.ebi.ac.uk/vol1/fastq/ERR538/004/ERR5386364/ERR5386364_1.fastq.gz;ftp.sra.ebi.ac.uk/vol1/fastq/ERR538/004/ERR5386364/ERR5386364_2.fastq.gz	ftp.sra.ebi.ac.uk/vol1/run/ERR538/ERR5386364/33431_1#88.cram;ftp.sra.ebi.ac.uk/vol1/run/ERR538/ERR5386364/33431_1#88.cram.crai	
ERR5386367	PRJEB30134	SAMEA6451088	ERX5171293	562	Escherichia coli	ftp.sra.ebi.ac.uk/vol1/fastq/ERR538/007/ERR5386367/ERR5386367_1.fastq.gz;ftp.sra.ebi.ac.uk/vol1/fastq/ERR538/007/ERR5386367/ERR5386367_2.fastq.gz	ftp.sra.ebi.ac.uk/vol1/run/ERR538/ERR5386367/33431_1#91.cram;ftp.sra.ebi.ac.uk/vol1/run/ERR538/ERR5386367/33431_1#91.cram.crai	
ERR5386368	PRJEB30134	SAMEA6451189	ERX5171294	573	Klebsiella pneumoniae	ftp.sra.ebi.ac.uk/vol1/fastq/ERR538/008/ERR5386368/ERR5386368_1.fastq.gz;ftp.sra.ebi.ac.uk/vol1/fastq/ERR538/008/ERR5386368/ERR5386368_2.fastq.gz	ftp.sra.ebi.ac.uk/vol1/run/ERR538/ERR5386368/33431_1#92.cram;ftp.sra.ebi.ac.uk/vol1/run/ERR538/ERR5386368/33431_1#92.cram.crai	
ERR5386371	PRJEB30134	SAMEA6451092	ERX5171297	1352	Enterococcus faecium	ftp.sra.ebi.ac.uk/vol1/fastq/ERR538/001/ERR5386371/ERR5386371_1.fastq.gz;ftp.sra.ebi.ac.uk/vol1/fastq/ERR538/001/ERR5386371/ERR5386371_2.fastq.gz	ftp.sra.ebi.ac.uk/vol1/run/ERR538/ERR5386371/33431_1#95.cram	
ERR5386375	PRJEB30134	SAMEA6451194	ERX5171301	573	Klebsiella pneumoniae	ftp.sra.ebi.ac.uk/vol1/fastq/ERR538/005/ERR5386375/ERR5386375_1.fastq.gz;ftp.sra.ebi.ac.uk/vol1/fastq/ERR538/005/ERR5386375/ERR5386375_2.fastq.gz	ftp.sra.ebi.ac.uk/vol1/run/ERR538/ERR5386375/33431_1#99.cram;ftp.sra.ebi.ac.uk/vol1/run/ERR538/ERR5386375/33431_1#99.cram.crai	
ERR5386376	PRJEB30134	SAMEA6451095	ERX5171302	470	Acinetobacter baumannii	ftp.sra.ebi.ac.uk/vol1/fastq/ERR538/006/ERR5386376/ERR5386376_1.fastq.gz;ftp.sra.ebi.ac.uk/vol1/fastq/ERR538/006/ERR5386376/ERR5386376_2.fastq.gz	ftp.sra.ebi.ac.uk/vol1/run/ERR538/ERR5386376/33431_1#100.cram;ftp.sra.ebi.ac.uk/vol1/run/ERR538/ERR5386376/33431_1#100.cram.crai	
ERR5386381	PRJEB30134	SAMEA6451200	ERX5171307	573	Klebsiella pneumoniae	ftp.sra.ebi.ac.uk/vol1/fastq/ERR538/001/ERR5386381/ERR5386381_1.fastq.gz;ftp.sra.ebi.ac.uk/vol1/fastq/ERR538/001/ERR5386381/ERR5386381_2.fastq.gz	ftp.sra.ebi.ac.uk/vol1/run/ERR538/ERR5386381/33431_1#105.cram;ftp.sra.ebi.ac.uk/vol1/run/ERR538/ERR5386381/33431_1#105.cram.crai	
ERR5386382	PRJEB30134	SAMEA6451101	ERX5171308	470	Acinetobacter baumannii	ftp.sra.ebi.ac.uk/vol1/fastq/ERR538/002/ERR5386382/ERR5386382_1.fastq.gz;ftp.sra.ebi.ac.uk/vol1/fastq/ERR538/002/ERR5386382/ERR5386382_2.fastq.gz	ftp.sra.ebi.ac.uk/vol1/run/ERR538/ERR5386382/33431_1#106.cram;ftp.sra.ebi.ac.uk/vol1/run/ERR538/ERR5386382/33431_1#106.cram.crai	
ERR5386383	PRJEB30134	SAMEA6451206	ERX5171309	244366	Klebsiella variicola	ftp.sra.ebi.ac.uk/vol1/fastq/ERR538/003/ERR5386383/ERR5386383_1.fastq.gz;ftp.sra.ebi.ac.uk/vol1/fastq/ERR538/003/ERR5386383/ERR5386383_2.fastq.gz	ftp.sra.ebi.ac.uk/vol1/run/ERR538/ERR5386383/33431_1#107.cram	
ERR5386384	PRJEB30134	SAMEA6451097	ERX5171310	562	Escherichia coli	ftp.sra.ebi.ac.uk/vol1/fastq/ERR538/004/ERR5386384/ERR5386384_1.fastq.gz;ftp.sra.ebi.ac.uk/vol1/fastq/ERR538/004/ERR5386384/ERR5386384_2.fastq.gz	ftp.sra.ebi.ac.uk/vol1/run/ERR538/ERR5386384/33431_1#108.cram;ftp.sra.ebi.ac.uk/vol1/run/ERR538/ERR5386384/33431_1#108.cram.crai	
ERR5386387	PRJEB30134	SAMEA6451099	ERX5171313	573	Klebsiella pneumoniae	ftp.sra.ebi.ac.uk/vol1/fastq/ERR538/007/ERR5386387/ERR5386387_1.fastq.gz;ftp.sra.ebi.ac.uk/vol1/fastq/ERR538/007/ERR5386387/ERR5386387_2.fastq.gz	ftp.sra.ebi.ac.uk/vol1/run/ERR538/ERR5386387/33431_1#111.cram;ftp.sra.ebi.ac.uk/vol1/run/ERR538/ERR5386387/33431_1#111.cram.crai	
ERR5386389	PRJEB30134	SAMEA6451100	ERX5171315	562	Escherichia coli	ftp.sra.ebi.ac.uk/vol1/fastq/ERR538/009/ERR5386389/ERR5386389_1.fastq.gz;ftp.sra.ebi.ac.uk/vol1/fastq/ERR538/009/ERR5386389/ERR5386389_2.fastq.gz	ftp.sra.ebi.ac.uk/vol1/run/ERR538/ERR5386389/33431_1#113.cram;ftp.sra.ebi.ac.uk/vol1/run/ERR538/ERR5386389/33431_1#113.cram.crai	
ERR5386390	PRJEB30134	SAMEA6451201	ERX5171316	573	Klebsiella pneumoniae	ftp.sra.ebi.ac.uk/vol1/fastq/ERR538/000/ERR5386390/ERR5386390_1.fastq.gz;ftp.sra.ebi.ac.uk/vol1/fastq/ERR538/000/ERR5386390/ERR5386390_2.fastq.gz	ftp.sra.ebi.ac.uk/vol1/run/ERR538/ERR5386390/33431_1#114.cram;ftp.sra.ebi.ac.uk/vol1/run/ERR538/ERR5386390/33431_1#114.cram.crai	
ERR5386391	PRJEB30134	SAMEA6451102	ERX5171317	573	Klebsiella pneumoniae	ftp.sra.ebi.ac.uk/vol1/fastq/ERR538/001/ERR5386391/ERR5386391_1.fastq.gz;ftp.sra.ebi.ac.uk/vol1/fastq/ERR538/001/ERR5386391/ERR5386391_2.fastq.gz	ftp.sra.ebi.ac.uk/vol1/run/ERR538/ERR5386391/33431_1#115.cram;ftp.sra.ebi.ac.uk/vol1/run/ERR538/ERR5386391/33431_1#115.cram.crai	
ERR5386392	PRJEB30134	SAMEA6451203	ERX5171318	573	Klebsiella pneumoniae	ftp.sra.ebi.ac.uk/vol1/fastq/ERR538/002/ERR5386392/ERR5386392_1.fastq.gz;ftp.sra.ebi.ac.uk/vol1/fastq/ERR538/002/ERR5386392/ERR5386392_2.fastq.gz	ftp.sra.ebi.ac.uk/vol1/run/ERR538/ERR5386392/33431_1#116.cram;ftp.sra.ebi.ac.uk/vol1/run/ERR538/ERR5386392/33431_1#116.cram.crai	
ERR5386394	PRJEB30134	SAMEA6451207	ERX5171320	571	Klebsiella oxytoca	ftp.sra.ebi.ac.uk/vol1/fastq/ERR538/004/ERR5386394/ERR5386394_1.fastq.gz;ftp.sra.ebi.ac.uk/vol1/fastq/ERR538/004/ERR5386394/ERR5386394_2.fastq.gz	ftp.sra.ebi.ac.uk/vol1/run/ERR538/ERR5386394/33431_1#118.cram	
ERR5386397	PRJEB30134	SAMEA6451105	ERX5171323	571	Klebsiella oxytoca	ftp.sra.ebi.ac.uk/vol1/fastq/ERR538/007/ERR5386397/ERR5386397_1.fastq.gz;ftp.sra.ebi.ac.uk/vol1/fastq/ERR538/007/ERR5386397/ERR5386397_2.fastq.gz	ftp.sra.ebi.ac.uk/vol1/run/ERR538/ERR5386397/33431_1#121.cram	
ERR5386399	PRJEB30134	SAMEA6451107	ERX5171325	562	Escherichia coli	ftp.sra.ebi.ac.uk/vol1/fastq/ERR538/009/ERR5386399/ERR5386399_1.fastq.gz;ftp.sra.ebi.ac.uk/vol1/fastq/ERR538/009/ERR5386399/ERR5386399_2.fastq.gz	ftp.sra.ebi.ac.uk/vol1/run/ERR538/ERR5386399/33431_1#123.cram;ftp.sra.ebi.ac.uk/vol1/run/ERR538/ERR5386399/33431_1#123.cram.crai	
ERR5386400	PRJEB30134	SAMEA6451209	ERX5171326	573	Klebsiella pneumoniae	ftp.sra.ebi.ac.uk/vol1/fastq/ERR538/000/ERR5386400/ERR5386400_1.fastq.gz;ftp.sra.ebi.ac.uk/vol1/fastq/ERR538/000/ERR5386400/ERR5386400_2.fastq.gz	ftp.sra.ebi.ac.uk/vol1/run/ERR538/ERR5386400/33431_1#124.cram;ftp.sra.ebi.ac.uk/vol1/run/ERR538/ERR5386400/33431_1#124.cram.crai	
ERR5386402	PRJEB30134	SAMEA6451204	ERX5171328	573	Klebsiella pneumoniae	ftp.sra.ebi.ac.uk/vol1/fastq/ERR538/002/ERR5386402/ERR5386402_1.fastq.gz;ftp.sra.ebi.ac.uk/vol1/fastq/ERR538/002/ERR5386402/ERR5386402_2.fastq.gz	ftp.sra.ebi.ac.uk/vol1/run/ERR538/ERR5386402/33431_1#126.cram;ftp.sra.ebi.ac.uk/vol1/run/ERR538/ERR5386402/33431_1#126.cram.crai	
ERR5386404	PRJEB30134	SAMEA6451212	ERX5171330	571	Klebsiella oxytoca	ftp.sra.ebi.ac.uk/vol1/fastq/ERR538/004/ERR5386404/ERR5386404_1.fastq.gz;ftp.sra.ebi.ac.uk/vol1/fastq/ERR538/004/ERR5386404/ERR5386404_2.fastq.gz	ftp.sra.ebi.ac.uk/vol1/run/ERR538/ERR5386404/33431_1#128.cram	
ERR5386407	PRJEB30134	SAMEA6451109	ERX5171333	550	Enterobacter cloacae	ftp.sra.ebi.ac.uk/vol1/fastq/ERR538/007/ERR5386407/ERR5386407_1.fastq.gz;ftp.sra.ebi.ac.uk/vol1/fastq/ERR538/007/ERR5386407/ERR5386407_2.fastq.gz	ftp.sra.ebi.ac.uk/vol1/run/ERR538/ERR5386407/33431_1#131.cram	
ERR5386410	PRJEB30134	SAMEA6451214	ERX5171336	573	Klebsiella pneumoniae	ftp.sra.ebi.ac.uk/vol1/fastq/ERR538/000/ERR5386410/ERR5386410_1.fastq.gz;ftp.sra.ebi.ac.uk/vol1/fastq/ERR538/000/ERR5386410/ERR5386410_2.fastq.gz	ftp.sra.ebi.ac.uk/vol1/run/ERR538/ERR5386410/33431_1#134.cram;ftp.sra.ebi.ac.uk/vol1/run/ERR538/ERR5386410/33431_1#134.cram.crai	
ERR5386412	PRJEB30134	SAMEA6451227	ERX5171338	571	Klebsiella oxytoca	ftp.sra.ebi.ac.uk/vol1/fastq/ERR538/002/ERR5386412/ERR5386412_1.fastq.gz;ftp.sra.ebi.ac.uk/vol1/fastq/ERR538/002/ERR5386412/ERR5386412_2.fastq.gz	ftp.sra.ebi.ac.uk/vol1/run/ERR538/ERR5386412/33431_1#136.cram	
ERR5386416	PRJEB30134	SAMEA6451113	ERX5171342	573	Klebsiella pneumoniae	ftp.sra.ebi.ac.uk/vol1/fastq/ERR538/006/ERR5386416/ERR5386416_1.fastq.gz;ftp.sra.ebi.ac.uk/vol1/fastq/ERR538/006/ERR5386416/ERR5386416_2.fastq.gz	ftp.sra.ebi.ac.uk/vol1/run/ERR538/ERR5386416/33431_1#140.cram;ftp.sra.ebi.ac.uk/vol1/run/ERR538/ERR5386416/33431_1#140.cram.crai	
ERR5386426	PRJEB30134	SAMEA6451119	ERX5171352	550	Enterobacter cloacae	ftp.sra.ebi.ac.uk/vol1/fastq/ERR538/006/ERR5386426/ERR5386426_1.fastq.gz;ftp.sra.ebi.ac.uk/vol1/fastq/ERR538/006/ERR5386426/ERR5386426_2.fastq.gz	ftp.sra.ebi.ac.uk/vol1/run/ERR538/ERR5386426/33431_1#150.cram	
ERR5386430	PRJEB30134	SAMEA6451215	ERX5171356	573	Klebsiella pneumoniae	ftp.sra.ebi.ac.uk/vol1/fastq/ERR538/000/ERR5386430/ERR5386430_1.fastq.gz;ftp.sra.ebi.ac.uk/vol1/fastq/ERR538/000/ERR5386430/ERR5386430_2.fastq.gz	ftp.sra.ebi.ac.uk/vol1/run/ERR538/ERR5386430/33431_1#154.cram;ftp.sra.ebi.ac.uk/vol1/run/ERR538/ERR5386430/33431_1#154.cram.crai	
ERR5386431	PRJEB30134	SAMEA6451124	ERX5171357	573	Klebsiella pneumoniae	ftp.sra.ebi.ac.uk/vol1/fastq/ERR538/001/ERR5386431/ERR5386431_1.fastq.gz;ftp.sra.ebi.ac.uk/vol1/fastq/ERR538/001/ERR5386431/ERR5386431_2.fastq.gz	ftp.sra.ebi.ac.uk/vol1/run/ERR538/ERR5386431/33431_1#155.cram;ftp.sra.ebi.ac.uk/vol1/run/ERR538/ERR5386431/33431_1#155.cram.crai	
ERR5386437	PRJEB30134	SAMEA6451127	ERX5171363	573	Klebsiella pneumoniae	ftp.sra.ebi.ac.uk/vol1/fastq/ERR538/007/ERR5386437/ERR5386437_1.fastq.gz;ftp.sra.ebi.ac.uk/vol1/fastq/ERR538/007/ERR5386437/ERR5386437_2.fastq.gz	ftp.sra.ebi.ac.uk/vol1/run/ERR538/ERR5386437/33431_1#161.cram;ftp.sra.ebi.ac.uk/vol1/run/ERR538/ERR5386437/33431_1#161.cram.crai	
ERR5386442	PRJEB30134	SAMEA6451221	ERX5171368	244366	Klebsiella variicola	ftp.sra.ebi.ac.uk/vol1/fastq/ERR538/002/ERR5386442/ERR5386442_1.fastq.gz;ftp.sra.ebi.ac.uk/vol1/fastq/ERR538/002/ERR5386442/ERR5386442_2.fastq.gz	ftp.sra.ebi.ac.uk/vol1/run/ERR538/ERR5386442/33431_1#166.cram	
ERR5386444	PRJEB30134	SAMEA6451225	ERX5171370	244366	Klebsiella variicola	ftp.sra.ebi.ac.uk/vol1/fastq/ERR538/004/ERR5386444/ERR5386444_1.fastq.gz;ftp.sra.ebi.ac.uk/vol1/fastq/ERR538/004/ERR5386444/ERR5386444_2.fastq.gz	ftp.sra.ebi.ac.uk/vol1/run/ERR538/ERR5386444/33431_1#168.cram	
ERR5386458	PRJEB30134	SAMEA6451135	ERX5171384	562	Escherichia coli	ftp.sra.ebi.ac.uk/vol1/fastq/ERR538/008/ERR5386458/ERR5386458_1.fastq.gz;ftp.sra.ebi.ac.uk/vol1/fastq/ERR538/008/ERR5386458/ERR5386458_2.fastq.gz	ftp.sra.ebi.ac.uk/vol1/run/ERR538/ERR5386458/33431_1#182.cram;ftp.sra.ebi.ac.uk/vol1/run/ERR538/ERR5386458/33431_1#182.cram.crai	
ERR5386465	PRJEB30134	SAMEA6450668	ERX5171391	562	Escherichia coli	ftp.sra.ebi.ac.uk/vol1/fastq/ERR538/005/ERR5386465/ERR5386465_1.fastq.gz;ftp.sra.ebi.ac.uk/vol1/fastq/ERR538/005/ERR5386465/ERR5386465_2.fastq.gz	ftp.sra.ebi.ac.uk/vol1/run/ERR538/ERR5386465/33431_1#189.cram;ftp.sra.ebi.ac.uk/vol1/run/ERR538/ERR5386465/33431_1#189.cram.crai	
ERR5430071	PRJEB30134	SAMEA6450799	ERX5214763	562	Escherichia coli	ftp.sra.ebi.ac.uk/vol1/fastq/ERR543/001/ERR5430071/ERR5430071_1.fastq.gz;ftp.sra.ebi.ac.uk/vol1/fastq/ERR543/001/ERR5430071/ERR5430071_2.fastq.gz	ftp.sra.ebi.ac.uk/vol1/run/ERR543/ERR5430071/33515_3#3.cram;ftp.sra.ebi.ac.uk/vol1/run/ERR543/ERR5430071/33515_3#3.cram.crai	
ERR5430072	PRJEB30134	SAMEA6450672	ERX5214764	562	Escherichia coli	ftp.sra.ebi.ac.uk/vol1/fastq/ERR543/002/ERR5430072/ERR5430072_1.fastq.gz;ftp.sra.ebi.ac.uk/vol1/fastq/ERR543/002/ERR5430072/ERR5430072_2.fastq.gz	ftp.sra.ebi.ac.uk/vol1/run/ERR543/ERR5430072/33515_3#4.cram;ftp.sra.ebi.ac.uk/vol1/run/ERR543/ERR5430072/33515_3#4.cram.crai	
ERR5430078	PRJEB30134	SAMEA6450809	ERX5214770	562	Escherichia coli	ftp.sra.ebi.ac.uk/vol1/fastq/ERR543/008/ERR5430078/ERR5430078_1.fastq.gz;ftp.sra.ebi.ac.uk/vol1/fastq/ERR543/008/ERR5430078/ERR5430078_2.fastq.gz	ftp.sra.ebi.ac.uk/vol1/run/ERR543/ERR5430078/33515_3#10.cram;ftp.sra.ebi.ac.uk/vol1/run/ERR543/ERR5430078/33515_3#10.cram.crai	
ERR5430079	PRJEB30134	SAMEA6450808	ERX5214771	562	Escherichia coli	ftp.sra.ebi.ac.uk/vol1/fastq/ERR543/009/ERR5430079/ERR5430079_1.fastq.gz;ftp.sra.ebi.ac.uk/vol1/fastq/ERR543/009/ERR5430079/ERR5430079_2.fastq.gz	ftp.sra.ebi.ac.uk/vol1/run/ERR543/ERR5430079/33515_3#11.cram;ftp.sra.ebi.ac.uk/vol1/run/ERR543/ERR5430079/33515_3#11.cram.crai	
ERR5430081	PRJEB30134	SAMEA6450679	ERX5214773	562	Escherichia coli	ftp.sra.ebi.ac.uk/vol1/fastq/ERR543/001/ERR5430081/ERR5430081_1.fastq.gz;ftp.sra.ebi.ac.uk/vol1/fastq/ERR543/001/ERR5430081/ERR5430081_2.fastq.gz	ftp.sra.ebi.ac.uk/vol1/run/ERR543/ERR5430081/33515_3#13.cram;ftp.sra.ebi.ac.uk/vol1/run/ERR543/ERR5430081/33515_3#13.cram.crai	
ERR5430082	PRJEB30134	SAMEA6450810	ERX5214774	562	Escherichia coli	ftp.sra.ebi.ac.uk/vol1/fastq/ERR543/002/ERR5430082/ERR5430082_1.fastq.gz;ftp.sra.ebi.ac.uk/vol1/fastq/ERR543/002/ERR5430082/ERR5430082_2.fastq.gz	ftp.sra.ebi.ac.uk/vol1/run/ERR543/ERR5430082/33515_3#14.cram;ftp.sra.ebi.ac.uk/vol1/run/ERR543/ERR5430082/33515_3#14.cram.crai	
ERR5430084	PRJEB30134	SAMEA6450682	ERX5214776	562	Escherichia coli	ftp.sra.ebi.ac.uk/vol1/fastq/ERR543/004/ERR5430084/ERR5430084_1.fastq.gz;ftp.sra.ebi.ac.uk/vol1/fastq/ERR543/004/ERR5430084/ERR5430084_2.fastq.gz	ftp.sra.ebi.ac.uk/vol1/run/ERR543/ERR5430084/33515_3#16.cram;ftp.sra.ebi.ac.uk/vol1/run/ERR543/ERR5430084/33515_3#16.cram.crai	
ERR5430086	PRJEB30134	SAMEA6450683	ERX5214778	562	Escherichia coli	ftp.sra.ebi.ac.uk/vol1/fastq/ERR543/006/ERR5430086/ERR5430086_1.fastq.gz;ftp.sra.ebi.ac.uk/vol1/fastq/ERR543/006/ERR5430086/ERR5430086_2.fastq.gz	ftp.sra.ebi.ac.uk/vol1/run/ERR543/ERR5430086/33515_3#18.cram;ftp.sra.ebi.ac.uk/vol1/run/ERR543/ERR5430086/33515_3#18.cram.crai	
ERR5430087	PRJEB30134	SAMEA6450680	ERX5214779	562	Escherichia coli	ftp.sra.ebi.ac.uk/vol1/fastq/ERR543/007/ERR5430087/ERR5430087_1.fastq.gz;ftp.sra.ebi.ac.uk/vol1/fastq/ERR543/007/ERR5430087/ERR5430087_2.fastq.gz	ftp.sra.ebi.ac.uk/vol1/run/ERR543/ERR5430087/33515_3#19.cram;ftp.sra.ebi.ac.uk/vol1/run/ERR543/ERR5430087/33515_3#19.cram.crai	
ERR5430091	PRJEB30134	SAMEA6450687	ERX5214783	562	Escherichia coli	ftp.sra.ebi.ac.uk/vol1/fastq/ERR543/001/ERR5430091/ERR5430091_1.fastq.gz;ftp.sra.ebi.ac.uk/vol1/fastq/ERR543/001/ERR5430091/ERR5430091_2.fastq.gz	ftp.sra.ebi.ac.uk/vol1/run/ERR543/ERR5430091/33515_3#23.cram;ftp.sra.ebi.ac.uk/vol1/run/ERR543/ERR5430091/33515_3#23.cram.crai	
ERR5430093	PRJEB30134	SAMEA6450823	ERX5214785	562	Escherichia coli	ftp.sra.ebi.ac.uk/vol1/fastq/ERR543/003/ERR5430093/ERR5430093_1.fastq.gz;ftp.sra.ebi.ac.uk/vol1/fastq/ERR543/003/ERR5430093/ERR5430093_2.fastq.gz	ftp.sra.ebi.ac.uk/vol1/run/ERR543/ERR5430093/33515_3#25.cram;ftp.sra.ebi.ac.uk/vol1/run/ERR543/ERR5430093/33515_3#25.cram.crai	
ERR5430095	PRJEB30134	SAMEA6450684	ERX5214787	562	Escherichia coli	ftp.sra.ebi.ac.uk/vol1/fastq/ERR543/005/ERR5430095/ERR5430095_1.fastq.gz;ftp.sra.ebi.ac.uk/vol1/fastq/ERR543/005/ERR5430095/ERR5430095_2.fastq.gz	ftp.sra.ebi.ac.uk/vol1/run/ERR543/ERR5430095/33515_3#27.cram;ftp.sra.ebi.ac.uk/vol1/run/ERR543/ERR5430095/33515_3#27.cram.crai	
ERR5430102	PRJEB30134	SAMEA6450829	ERX5214794	562	Escherichia coli	ftp.sra.ebi.ac.uk/vol1/fastq/ERR543/002/ERR5430102/ERR5430102_1.fastq.gz;ftp.sra.ebi.ac.uk/vol1/fastq/ERR543/002/ERR5430102/ERR5430102_2.fastq.gz	ftp.sra.ebi.ac.uk/vol1/run/ERR543/ERR5430102/33515_3#34.cram;ftp.sra.ebi.ac.uk/vol1/run/ERR543/ERR5430102/33515_3#34.cram.crai	
ERR5430109	PRJEB30134	SAMEA6450713	ERX5214801	562	Escherichia coli	ftp.sra.ebi.ac.uk/vol1/fastq/ERR543/009/ERR5430109/ERR5430109_1.fastq.gz;ftp.sra.ebi.ac.uk/vol1/fastq/ERR543/009/ERR5430109/ERR5430109_2.fastq.gz	ftp.sra.ebi.ac.uk/vol1/run/ERR543/ERR5430109/33515_3#41.cram;ftp.sra.ebi.ac.uk/vol1/run/ERR543/ERR5430109/33515_3#41.cram.crai	
ERR5430110	PRJEB30134	SAMEA6450837	ERX5214802	562	Escherichia coli	ftp.sra.ebi.ac.uk/vol1/fastq/ERR543/000/ERR5430110/ERR5430110_1.fastq.gz;ftp.sra.ebi.ac.uk/vol1/fastq/ERR543/000/ERR5430110/ERR5430110_2.fastq.gz	ftp.sra.ebi.ac.uk/vol1/run/ERR543/ERR5430110/33515_3#42.cram;ftp.sra.ebi.ac.uk/vol1/run/ERR543/ERR5430110/33515_3#42.cram.crai	
ERR5430112	PRJEB30134	SAMEA6450716	ERX5214804	562	Escherichia coli	ftp.sra.ebi.ac.uk/vol1/fastq/ERR543/002/ERR5430112/ERR5430112_1.fastq.gz;ftp.sra.ebi.ac.uk/vol1/fastq/ERR543/002/ERR5430112/ERR5430112_2.fastq.gz	ftp.sra.ebi.ac.uk/vol1/run/ERR543/ERR5430112/33515_3#44.cram;ftp.sra.ebi.ac.uk/vol1/run/ERR543/ERR5430112/33515_3#44.cram.crai	
ERR5430113	PRJEB30134	SAMEA6450718	ERX5214805	562	Escherichia coli	ftp.sra.ebi.ac.uk/vol1/fastq/ERR543/003/ERR5430113/ERR5430113_1.fastq.gz;ftp.sra.ebi.ac.uk/vol1/fastq/ERR543/003/ERR5430113/ERR5430113_2.fastq.gz	ftp.sra.ebi.ac.uk/vol1/run/ERR543/ERR5430113/33515_3#45.cram;ftp.sra.ebi.ac.uk/vol1/run/ERR543/ERR5430113/33515_3#45.cram.crai	
ERR5430115	PRJEB30134	SAMEA6450844	ERX5214807	562	Escherichia coli	ftp.sra.ebi.ac.uk/vol1/fastq/ERR543/005/ERR5430115/ERR5430115_1.fastq.gz;ftp.sra.ebi.ac.uk/vol1/fastq/ERR543/005/ERR5430115/ERR5430115_2.fastq.gz	ftp.sra.ebi.ac.uk/vol1/run/ERR543/ERR5430115/33515_3#47.cram;ftp.sra.ebi.ac.uk/vol1/run/ERR543/ERR5430115/33515_3#47.cram.crai	
ERR5430121	PRJEB30134	SAMEA6450848	ERX5214812	562	Escherichia coli	ftp.sra.ebi.ac.uk/vol1/fastq/ERR543/001/ERR5430121/ERR5430121_1.fastq.gz;ftp.sra.ebi.ac.uk/vol1/fastq/ERR543/001/ERR5430121/ERR5430121_2.fastq.gz	ftp.sra.ebi.ac.uk/vol1/run/ERR543/ERR5430121/33515_3#52.cram;ftp.sra.ebi.ac.uk/vol1/run/ERR543/ERR5430121/33515_3#52.cram.crai	
ERR5430122	PRJEB30134	SAMEA6450851	ERX5214813	562	Escherichia coli	ftp.sra.ebi.ac.uk/vol1/fastq/ERR543/002/ERR5430122/ERR5430122_1.fastq.gz;ftp.sra.ebi.ac.uk/vol1/fastq/ERR543/002/ERR5430122/ERR5430122_2.fastq.gz	ftp.sra.ebi.ac.uk/vol1/run/ERR543/ERR5430122/33515_3#53.cram;ftp.sra.ebi.ac.uk/vol1/run/ERR543/ERR5430122/33515_3#53.cram.crai	
ERR5430126	PRJEB30134	SAMEA6450854	ERX5214817	562	Escherichia coli	ftp.sra.ebi.ac.uk/vol1/fastq/ERR543/006/ERR5430126/ERR5430126_1.fastq.gz;ftp.sra.ebi.ac.uk/vol1/fastq/ERR543/006/ERR5430126/ERR5430126_2.fastq.gz	ftp.sra.ebi.ac.uk/vol1/run/ERR543/ERR5430126/33515_3#57.cram;ftp.sra.ebi.ac.uk/vol1/run/ERR543/ERR5430126/33515_3#57.cram.crai	
ERR5430134	PRJEB30134	SAMEA6450691	ERX5214825	562	Escherichia coli	ftp.sra.ebi.ac.uk/vol1/fastq/ERR543/004/ERR5430134/ERR5430134_1.fastq.gz;ftp.sra.ebi.ac.uk/vol1/fastq/ERR543/004/ERR5430134/ERR5430134_2.fastq.gz	ftp.sra.ebi.ac.uk/vol1/run/ERR543/ERR5430134/33515_3#65.cram;ftp.sra.ebi.ac.uk/vol1/run/ERR543/ERR5430134/33515_3#65.cram.crai	
ERR5430136	PRJEB30134	SAMEA6450860	ERX5214827	562	Escherichia coli	ftp.sra.ebi.ac.uk/vol1/fastq/ERR543/006/ERR5430136/ERR5430136_1.fastq.gz;ftp.sra.ebi.ac.uk/vol1/fastq/ERR543/006/ERR5430136/ERR5430136_2.fastq.gz	ftp.sra.ebi.ac.uk/vol1/run/ERR543/ERR5430136/33515_3#67.cram;ftp.sra.ebi.ac.uk/vol1/run/ERR543/ERR5430136/33515_3#67.cram.crai	
ERR5430137	PRJEB30134	SAMEA6450694	ERX5214828	562	Escherichia coli	ftp.sra.ebi.ac.uk/vol1/fastq/ERR543/007/ERR5430137/ERR5430137_1.fastq.gz;ftp.sra.ebi.ac.uk/vol1/fastq/ERR543/007/ERR5430137/ERR5430137_2.fastq.gz	ftp.sra.ebi.ac.uk/vol1/run/ERR543/ERR5430137/33515_3#68.cram;ftp.sra.ebi.ac.uk/vol1/run/ERR543/ERR5430137/33515_3#68.cram.crai	
ERR5430141	PRJEB30134	SAMEA6450693	ERX5214832	562	Escherichia coli	ftp.sra.ebi.ac.uk/vol1/fastq/ERR543/001/ERR5430141/ERR5430141_1.fastq.gz;ftp.sra.ebi.ac.uk/vol1/fastq/ERR543/001/ERR5430141/ERR5430141_2.fastq.gz	ftp.sra.ebi.ac.uk/vol1/run/ERR543/ERR5430141/33515_3#72.cram;ftp.sra.ebi.ac.uk/vol1/run/ERR543/ERR5430141/33515_3#72.cram.crai	
ERR5430143	PRJEB30134	SAMEA6450868	ERX5214834	562	Escherichia coli	ftp.sra.ebi.ac.uk/vol1/fastq/ERR543/003/ERR5430143/ERR5430143_1.fastq.gz;ftp.sra.ebi.ac.uk/vol1/fastq/ERR543/003/ERR5430143/ERR5430143_2.fastq.gz	ftp.sra.ebi.ac.uk/vol1/run/ERR543/ERR5430143/33515_3#74.cram;ftp.sra.ebi.ac.uk/vol1/run/ERR543/ERR5430143/33515_3#74.cram.crai	
ERR5430144	PRJEB30134	SAMEA6450873	ERX5214835	562	Escherichia coli	ftp.sra.ebi.ac.uk/vol1/fastq/ERR543/004/ERR5430144/ERR5430144_1.fastq.gz;ftp.sra.ebi.ac.uk/vol1/fastq/ERR543/004/ERR5430144/ERR5430144_2.fastq.gz	ftp.sra.ebi.ac.uk/vol1/run/ERR543/ERR5430144/33515_3#75.cram;ftp.sra.ebi.ac.uk/vol1/run/ERR543/ERR5430144/33515_3#75.cram.crai	
ERR5430146	PRJEB30134	SAMEA6450700	ERX5214837	562	Escherichia coli	ftp.sra.ebi.ac.uk/vol1/fastq/ERR543/006/ERR5430146/ERR5430146_1.fastq.gz;ftp.sra.ebi.ac.uk/vol1/fastq/ERR543/006/ERR5430146/ERR5430146_2.fastq.gz	ftp.sra.ebi.ac.uk/vol1/run/ERR543/ERR5430146/33515_3#77.cram;ftp.sra.ebi.ac.uk/vol1/run/ERR543/ERR5430146/33515_3#77.cram.crai	
ERR5430148	PRJEB30134	SAMEA6450879	ERX5214839	562	Escherichia coli	ftp.sra.ebi.ac.uk/vol1/fastq/ERR543/008/ERR5430148/ERR5430148_1.fastq.gz;ftp.sra.ebi.ac.uk/vol1/fastq/ERR543/008/ERR5430148/ERR5430148_2.fastq.gz	ftp.sra.ebi.ac.uk/vol1/run/ERR543/ERR5430148/33515_3#79.cram;ftp.sra.ebi.ac.uk/vol1/run/ERR543/ERR5430148/33515_3#79.cram.crai	
ERR5430150	PRJEB30134	SAMEA6450883	ERX5214841	562	Escherichia coli	ftp.sra.ebi.ac.uk/vol1/fastq/ERR543/000/ERR5430150/ERR5430150_1.fastq.gz;ftp.sra.ebi.ac.uk/vol1/fastq/ERR543/000/ERR5430150/ERR5430150_2.fastq.gz	ftp.sra.ebi.ac.uk/vol1/run/ERR543/ERR5430150/33515_3#81.cram;ftp.sra.ebi.ac.uk/vol1/run/ERR543/ERR5430150/33515_3#81.cram.crai	
ERR5430155	PRJEB30134	SAMEA6450706	ERX5214846	562	Escherichia coli	ftp.sra.ebi.ac.uk/vol1/fastq/ERR543/005/ERR5430155/ERR5430155_1.fastq.gz;ftp.sra.ebi.ac.uk/vol1/fastq/ERR543/005/ERR5430155/ERR5430155_2.fastq.gz	ftp.sra.ebi.ac.uk/vol1/run/ERR543/ERR5430155/33515_3#86.cram;ftp.sra.ebi.ac.uk/vol1/run/ERR543/ERR5430155/33515_3#86.cram.crai	
ERR5430156	PRJEB30134	SAMEA6450704	ERX5214847	562	Escherichia coli	ftp.sra.ebi.ac.uk/vol1/fastq/ERR543/006/ERR5430156/ERR5430156_1.fastq.gz;ftp.sra.ebi.ac.uk/vol1/fastq/ERR543/006/ERR5430156/ERR5430156_2.fastq.gz	ftp.sra.ebi.ac.uk/vol1/run/ERR543/ERR5430156/33515_3#87.cram;ftp.sra.ebi.ac.uk/vol1/run/ERR543/ERR5430156/33515_3#87.cram.crai	
ERR5430159	PRJEB30134	SAMEA6450729	ERX5214850	562	Escherichia coli	ftp.sra.ebi.ac.uk/vol1/fastq/ERR543/009/ERR5430159/ERR5430159_1.fastq.gz;ftp.sra.ebi.ac.uk/vol1/fastq/ERR543/009/ERR5430159/ERR5430159_2.fastq.gz	ftp.sra.ebi.ac.uk/vol1/run/ERR543/ERR5430159/33515_3#90.cram;ftp.sra.ebi.ac.uk/vol1/run/ERR543/ERR5430159/33515_3#90.cram.crai	
ERR5430160	PRJEB30134	SAMEA6450727	ERX5214851	562	Escherichia coli	ftp.sra.ebi.ac.uk/vol1/fastq/ERR543/000/ERR5430160/ERR5430160_1.fastq.gz;ftp.sra.ebi.ac.uk/vol1/fastq/ERR543/000/ERR5430160/ERR5430160_2.fastq.gz	ftp.sra.ebi.ac.uk/vol1/run/ERR543/ERR5430160/33515_3#91.cram;ftp.sra.ebi.ac.uk/vol1/run/ERR543/ERR5430160/33515_3#91.cram.crai	
ERR5430162	PRJEB30134	SAMEA6450906	ERX5214853	562	Escherichia coli	ftp.sra.ebi.ac.uk/vol1/fastq/ERR543/002/ERR5430162/ERR5430162_1.fastq.gz;ftp.sra.ebi.ac.uk/vol1/fastq/ERR543/002/ERR5430162/ERR5430162_2.fastq.gz	ftp.sra.ebi.ac.uk/vol1/run/ERR543/ERR5430162/33515_3#93.cram;ftp.sra.ebi.ac.uk/vol1/run/ERR543/ERR5430162/33515_3#93.cram.crai	
ERR5430165	PRJEB30134	SAMEA6450908	ERX5214856	562	Escherichia coli	ftp.sra.ebi.ac.uk/vol1/fastq/ERR543/005/ERR5430165/ERR5430165_1.fastq.gz;ftp.sra.ebi.ac.uk/vol1/fastq/ERR543/005/ERR5430165/ERR5430165_2.fastq.gz	ftp.sra.ebi.ac.uk/vol1/run/ERR543/ERR5430165/33515_3#96.cram;ftp.sra.ebi.ac.uk/vol1/run/ERR543/ERR5430165/33515_3#96.cram.crai	
ERR5430172	PRJEB30134	SAMEA6450917	ERX5214863	562	Escherichia coli	ftp.sra.ebi.ac.uk/vol1/fastq/ERR543/002/ERR5430172/ERR5430172_1.fastq.gz;ftp.sra.ebi.ac.uk/vol1/fastq/ERR543/002/ERR5430172/ERR5430172_2.fastq.gz	ftp.sra.ebi.ac.uk/vol1/run/ERR543/ERR5430172/33515_3#103.cram;ftp.sra.ebi.ac.uk/vol1/run/ERR543/ERR5430172/33515_3#103.cram.crai	
ERR5430173	PRJEB30134	SAMEA6450736	ERX5214864	562	Escherichia coli	ftp.sra.ebi.ac.uk/vol1/fastq/ERR543/003/ERR5430173/ERR5430173_1.fastq.gz;ftp.sra.ebi.ac.uk/vol1/fastq/ERR543/003/ERR5430173/ERR5430173_2.fastq.gz	ftp.sra.ebi.ac.uk/vol1/run/ERR543/ERR5430173/33515_3#104.cram;ftp.sra.ebi.ac.uk/vol1/run/ERR543/ERR5430173/33515_3#104.cram.crai	
ERR5430177	PRJEB30134	SAMEA6450738	ERX5214868	562	Escherichia coli	ftp.sra.ebi.ac.uk/vol1/fastq/ERR543/007/ERR5430177/ERR5430177_1.fastq.gz;ftp.sra.ebi.ac.uk/vol1/fastq/ERR543/007/ERR5430177/ERR5430177_2.fastq.gz	ftp.sra.ebi.ac.uk/vol1/run/ERR543/ERR5430177/33515_3#108.cram;ftp.sra.ebi.ac.uk/vol1/run/ERR543/ERR5430177/33515_3#108.cram.crai	
ERR5430178	PRJEB30134	SAMEA6450742	ERX5214869	562	Escherichia coli	ftp.sra.ebi.ac.uk/vol1/fastq/ERR543/008/ERR5430178/ERR5430178_1.fastq.gz;ftp.sra.ebi.ac.uk/vol1/fastq/ERR543/008/ERR5430178/ERR5430178_2.fastq.gz	ftp.sra.ebi.ac.uk/vol1/run/ERR543/ERR5430178/33515_3#109.cram;ftp.sra.ebi.ac.uk/vol1/run/ERR543/ERR5430178/33515_3#109.cram.crai	
ERR5430182	PRJEB30134	SAMEA6450929	ERX5214873	562	Escherichia coli	ftp.sra.ebi.ac.uk/vol1/fastq/ERR543/002/ERR5430182/ERR5430182_1.fastq.gz;ftp.sra.ebi.ac.uk/vol1/fastq/ERR543/002/ERR5430182/ERR5430182_2.fastq.gz	ftp.sra.ebi.ac.uk/vol1/run/ERR543/ERR5430182/33515_3#113.cram;ftp.sra.ebi.ac.uk/vol1/run/ERR543/ERR5430182/33515_3#113.cram.crai	
ERR5430184	PRJEB30134	SAMEA6450741	ERX5214875	562	Escherichia coli	ftp.sra.ebi.ac.uk/vol1/fastq/ERR543/004/ERR5430184/ERR5430184_1.fastq.gz;ftp.sra.ebi.ac.uk/vol1/fastq/ERR543/004/ERR5430184/ERR5430184_2.fastq.gz	ftp.sra.ebi.ac.uk/vol1/run/ERR543/ERR5430184/33515_3#115.cram;ftp.sra.ebi.ac.uk/vol1/run/ERR543/ERR5430184/33515_3#115.cram.crai	
ERR5430188	PRJEB30134	SAMEA6450743	ERX5214879	562	Escherichia coli	ftp.sra.ebi.ac.uk/vol1/fastq/ERR543/008/ERR5430188/ERR5430188_1.fastq.gz;ftp.sra.ebi.ac.uk/vol1/fastq/ERR543/008/ERR5430188/ERR5430188_2.fastq.gz	ftp.sra.ebi.ac.uk/vol1/run/ERR543/ERR5430188/33515_3#119.cram;ftp.sra.ebi.ac.uk/vol1/run/ERR543/ERR5430188/33515_3#119.cram.crai	
ERR5430190	PRJEB30134	SAMEA6450960	ERX5214881	562	Escherichia coli	ftp.sra.ebi.ac.uk/vol1/fastq/ERR543/000/ERR5430190/ERR5430190_1.fastq.gz;ftp.sra.ebi.ac.uk/vol1/fastq/ERR543/000/ERR5430190/ERR5430190_2.fastq.gz	ftp.sra.ebi.ac.uk/vol1/run/ERR543/ERR5430190/33515_3#121.cram;ftp.sra.ebi.ac.uk/vol1/run/ERR543/ERR5430190/33515_3#121.cram.crai	
ERR5430192	PRJEB30134	SAMEA6450747	ERX5214883	562	Escherichia coli	ftp.sra.ebi.ac.uk/vol1/fastq/ERR543/002/ERR5430192/ERR5430192_1.fastq.gz;ftp.sra.ebi.ac.uk/vol1/fastq/ERR543/002/ERR5430192/ERR5430192_2.fastq.gz	ftp.sra.ebi.ac.uk/vol1/run/ERR543/ERR5430192/33515_3#123.cram;ftp.sra.ebi.ac.uk/vol1/run/ERR543/ERR5430192/33515_3#123.cram.crai	
ERR5430193	PRJEB30134	SAMEA6450966	ERX5214884	562	Escherichia coli	ftp.sra.ebi.ac.uk/vol1/fastq/ERR543/003/ERR5430193/ERR5430193_1.fastq.gz;ftp.sra.ebi.ac.uk/vol1/fastq/ERR543/003/ERR5430193/ERR5430193_2.fastq.gz	ftp.sra.ebi.ac.uk/vol1/run/ERR543/ERR5430193/33515_3#124.cram;ftp.sra.ebi.ac.uk/vol1/run/ERR543/ERR5430193/33515_3#124.cram.crai	
ERR5430194	PRJEB30134	SAMEA6450964	ERX5214885	562	Escherichia coli	ftp.sra.ebi.ac.uk/vol1/fastq/ERR543/004/ERR5430194/ERR5430194_1.fastq.gz;ftp.sra.ebi.ac.uk/vol1/fastq/ERR543/004/ERR5430194/ERR5430194_2.fastq.gz	ftp.sra.ebi.ac.uk/vol1/run/ERR543/ERR5430194/33515_3#125.cram;ftp.sra.ebi.ac.uk/vol1/run/ERR543/ERR5430194/33515_3#125.cram.crai	
ERR5430197	PRJEB30134	SAMEA6450967	ERX5214888	562	Escherichia coli	ftp.sra.ebi.ac.uk/vol1/fastq/ERR543/007/ERR5430197/ERR5430197_1.fastq.gz;ftp.sra.ebi.ac.uk/vol1/fastq/ERR543/007/ERR5430197/ERR5430197_2.fastq.gz	ftp.sra.ebi.ac.uk/vol1/run/ERR543/ERR5430197/33515_3#128.cram;ftp.sra.ebi.ac.uk/vol1/run/ERR543/ERR5430197/33515_3#128.cram.crai	
ERR5430200	PRJEB30134	SAMEA6450991	ERX5214891	562	Escherichia coli	ftp.sra.ebi.ac.uk/vol1/fastq/ERR543/000/ERR5430200/ERR5430200_1.fastq.gz;ftp.sra.ebi.ac.uk/vol1/fastq/ERR543/000/ERR5430200/ERR5430200_2.fastq.gz	ftp.sra.ebi.ac.uk/vol1/run/ERR543/ERR5430200/33515_3#131.cram;ftp.sra.ebi.ac.uk/vol1/run/ERR543/ERR5430200/33515_3#131.cram.crai	
ERR5430201	PRJEB30134	SAMEA6450754	ERX5214892	562	Escherichia coli	ftp.sra.ebi.ac.uk/vol1/fastq/ERR543/001/ERR5430201/ERR5430201_1.fastq.gz;ftp.sra.ebi.ac.uk/vol1/fastq/ERR543/001/ERR5430201/ERR5430201_2.fastq.gz	ftp.sra.ebi.ac.uk/vol1/run/ERR543/ERR5430201/33515_3#132.cram;ftp.sra.ebi.ac.uk/vol1/run/ERR543/ERR5430201/33515_3#132.cram.crai	
ERR5430206	PRJEB30134	SAMEA6450755	ERX5214897	562	Escherichia coli	ftp.sra.ebi.ac.uk/vol1/fastq/ERR543/006/ERR5430206/ERR5430206_1.fastq.gz;ftp.sra.ebi.ac.uk/vol1/fastq/ERR543/006/ERR5430206/ERR5430206_2.fastq.gz	ftp.sra.ebi.ac.uk/vol1/run/ERR543/ERR5430206/33515_3#137.cram;ftp.sra.ebi.ac.uk/vol1/run/ERR543/ERR5430206/33515_3#137.cram.crai	
ERR5430209	PRJEB30134	SAMEA6450756	ERX5214900	562	Escherichia coli	ftp.sra.ebi.ac.uk/vol1/fastq/ERR543/009/ERR5430209/ERR5430209_1.fastq.gz;ftp.sra.ebi.ac.uk/vol1/fastq/ERR543/009/ERR5430209/ERR5430209_2.fastq.gz	ftp.sra.ebi.ac.uk/vol1/run/ERR543/ERR5430209/33515_3#140.cram;ftp.sra.ebi.ac.uk/vol1/run/ERR543/ERR5430209/33515_3#140.cram.crai	
ERR5430214	PRJEB30134	SAMEA6451047	ERX5214905	562	Escherichia coli	ftp.sra.ebi.ac.uk/vol1/fastq/ERR543/004/ERR5430214/ERR5430214_1.fastq.gz;ftp.sra.ebi.ac.uk/vol1/fastq/ERR543/004/ERR5430214/ERR5430214_2.fastq.gz	ftp.sra.ebi.ac.uk/vol1/run/ERR543/ERR5430214/33515_3#145.cram;ftp.sra.ebi.ac.uk/vol1/run/ERR543/ERR5430214/33515_3#145.cram.crai	
ERR5430217	PRJEB30134	SAMEA6451052	ERX5214908	562	Escherichia coli	ftp.sra.ebi.ac.uk/vol1/fastq/ERR543/007/ERR5430217/ERR5430217_1.fastq.gz;ftp.sra.ebi.ac.uk/vol1/fastq/ERR543/007/ERR5430217/ERR5430217_2.fastq.gz	ftp.sra.ebi.ac.uk/vol1/run/ERR543/ERR5430217/33515_3#148.cram;ftp.sra.ebi.ac.uk/vol1/run/ERR543/ERR5430217/33515_3#148.cram.crai	
ERR5430223	PRJEB30134	SAMEA6450765	ERX5214914	562	Escherichia coli	ftp.sra.ebi.ac.uk/vol1/fastq/ERR543/003/ERR5430223/ERR5430223_1.fastq.gz;ftp.sra.ebi.ac.uk/vol1/fastq/ERR543/003/ERR5430223/ERR5430223_2.fastq.gz	ftp.sra.ebi.ac.uk/vol1/run/ERR543/ERR5430223/33515_3#154.cram;ftp.sra.ebi.ac.uk/vol1/run/ERR543/ERR5430223/33515_3#154.cram.crai	
ERR5430225	PRJEB30134	SAMEA6451063	ERX5214916	562	Escherichia coli	ftp.sra.ebi.ac.uk/vol1/fastq/ERR543/005/ERR5430225/ERR5430225_1.fastq.gz;ftp.sra.ebi.ac.uk/vol1/fastq/ERR543/005/ERR5430225/ERR5430225_2.fastq.gz	ftp.sra.ebi.ac.uk/vol1/run/ERR543/ERR5430225/33515_3#156.cram;ftp.sra.ebi.ac.uk/vol1/run/ERR543/ERR5430225/33515_3#156.cram.crai	
ERR5430234	PRJEB30134	SAMEA6450771	ERX5214925	562	Escherichia coli	ftp.sra.ebi.ac.uk/vol1/fastq/ERR543/004/ERR5430234/ERR5430234_1.fastq.gz;ftp.sra.ebi.ac.uk/vol1/fastq/ERR543/004/ERR5430234/ERR5430234_2.fastq.gz	ftp.sra.ebi.ac.uk/vol1/run/ERR543/ERR5430234/33515_3#165.cram;ftp.sra.ebi.ac.uk/vol1/run/ERR543/ERR5430234/33515_3#165.cram.crai	
ERR5430236	PRJEB30134	SAMEA6451116	ERX5214927	562	Escherichia coli	ftp.sra.ebi.ac.uk/vol1/fastq/ERR543/006/ERR5430236/ERR5430236_1.fastq.gz;ftp.sra.ebi.ac.uk/vol1/fastq/ERR543/006/ERR5430236/ERR5430236_2.fastq.gz	ftp.sra.ebi.ac.uk/vol1/run/ERR543/ERR5430236/33515_3#167.cram;ftp.sra.ebi.ac.uk/vol1/run/ERR543/ERR5430236/33515_3#167.cram.crai	
ERR5430240	PRJEB30134	SAMEA6451136	ERX5214931	562	Escherichia coli	ftp.sra.ebi.ac.uk/vol1/fastq/ERR543/000/ERR5430240/ERR5430240_1.fastq.gz;ftp.sra.ebi.ac.uk/vol1/fastq/ERR543/000/ERR5430240/ERR5430240_2.fastq.gz	ftp.sra.ebi.ac.uk/vol1/run/ERR543/ERR5430240/33515_3#171.cram;ftp.sra.ebi.ac.uk/vol1/run/ERR543/ERR5430240/33515_3#171.cram.crai	
ERR5430242	PRJEB30134	SAMEA6450777	ERX5214933	562	Escherichia coli	ftp.sra.ebi.ac.uk/vol1/fastq/ERR543/002/ERR5430242/ERR5430242_1.fastq.gz;ftp.sra.ebi.ac.uk/vol1/fastq/ERR543/002/ERR5430242/ERR5430242_2.fastq.gz	ftp.sra.ebi.ac.uk/vol1/run/ERR543/ERR5430242/33515_3#173.cram;ftp.sra.ebi.ac.uk/vol1/run/ERR543/ERR5430242/33515_3#173.cram.crai	
ERR5430244	PRJEB30134	SAMEA6451226	ERX5214935	562	Escherichia coli	ftp.sra.ebi.ac.uk/vol1/fastq/ERR543/004/ERR5430244/ERR5430244_1.fastq.gz;ftp.sra.ebi.ac.uk/vol1/fastq/ERR543/004/ERR5430244/ERR5430244_2.fastq.gz	ftp.sra.ebi.ac.uk/vol1/run/ERR543/ERR5430244/33515_3#175.cram;ftp.sra.ebi.ac.uk/vol1/run/ERR543/ERR5430244/33515_3#175.cram.crai	
ERR5430247	PRJEB30134	SAMEA6450788	ERX5214938	562	Escherichia coli	ftp.sra.ebi.ac.uk/vol1/fastq/ERR543/007/ERR5430247/ERR5430247_1.fastq.gz;ftp.sra.ebi.ac.uk/vol1/fastq/ERR543/007/ERR5430247/ERR5430247_2.fastq.gz	ftp.sra.ebi.ac.uk/vol1/run/ERR543/ERR5430247/33515_3#178.cram;ftp.sra.ebi.ac.uk/vol1/run/ERR543/ERR5430247/33515_3#178.cram.crai	
ERR5430248	PRJEB30134	SAMEA6450789	ERX5214939	562	Escherichia coli	ftp.sra.ebi.ac.uk/vol1/fastq/ERR543/008/ERR5430248/ERR5430248_1.fastq.gz;ftp.sra.ebi.ac.uk/vol1/fastq/ERR543/008/ERR5430248/ERR5430248_2.fastq.gz	ftp.sra.ebi.ac.uk/vol1/run/ERR543/ERR5430248/33515_3#179.cram;ftp.sra.ebi.ac.uk/vol1/run/ERR543/ERR5430248/33515_3#179.cram.crai	
ERR5430250	PRJEB30134	SAMEA6450793	ERX5214941	562	Escherichia coli	ftp.sra.ebi.ac.uk/vol1/fastq/ERR543/000/ERR5430250/ERR5430250_1.fastq.gz;ftp.sra.ebi.ac.uk/vol1/fastq/ERR543/000/ERR5430250/ERR5430250_2.fastq.gz	ftp.sra.ebi.ac.uk/vol1/run/ERR543/ERR5430250/33515_3#181.cram;ftp.sra.ebi.ac.uk/vol1/run/ERR543/ERR5430250/33515_3#181.cram.crai	
ERR5430251	PRJEB30134	SAMEA6450792	ERX5214942	562	Escherichia coli	ftp.sra.ebi.ac.uk/vol1/fastq/ERR543/001/ERR5430251/ERR5430251_1.fastq.gz;ftp.sra.ebi.ac.uk/vol1/fastq/ERR543/001/ERR5430251/ERR5430251_2.fastq.gz	ftp.sra.ebi.ac.uk/vol1/run/ERR543/ERR5430251/33515_3#182.cram;ftp.sra.ebi.ac.uk/vol1/run/ERR543/ERR5430251/33515_3#182.cram.crai	
ERR8282746	PRJEB30134	SAMEA6451149	ERX7850177	548	Klebsiella aerogenes	ftp.sra.ebi.ac.uk/vol1/fastq/ERR828/006/ERR8282746/ERR8282746.fastq.gz	ftp.sra.ebi.ac.uk/vol1/run/ERR828/ERR8282746/cpe009.fastq.gz	ftp.sra.ebi.ac.uk/vol1/err/ERR828/006/ERR8282746.bam
ERR8282752	PRJEB30134	SAMEA6451148	ERX7850183	546	Citrobacter freundii	ftp.sra.ebi.ac.uk/vol1/fastq/ERR828/002/ERR8282752/ERR8282752.fastq.gz	ftp.sra.ebi.ac.uk/vol1/run/ERR828/ERR8282752/cpe015.fastq.gz	ftp.sra.ebi.ac.uk/vol1/err/ERR828/002/ERR8282752.bam
ERR8282753	PRJEB30134	SAMEA5226451	ERX7850184	470	Acinetobacter baumannii	ftp.sra.ebi.ac.uk/vol1/fastq/ERR828/003/ERR8282753/ERR8282753.fastq.gz	ftp.sra.ebi.ac.uk/vol1/run/ERR828/ERR8282753/cpe016.fastq.gz	ftp.sra.ebi.ac.uk/vol1/err/ERR828/003/ERR8282753.bam
ERR8282756	PRJEB30134	SAMEA5226452	ERX7850187	287	Pseudomonas aeruginosa	ftp.sra.ebi.ac.uk/vol1/fastq/ERR828/006/ERR8282756/ERR8282756.fastq.gz	ftp.sra.ebi.ac.uk/vol1/run/ERR828/ERR8282756/cpe019.fastq.gz	ftp.sra.ebi.ac.uk/vol1/err/ERR828/006/ERR8282756.bam
ERR8282759	PRJEB30134	SAMEA5226454	ERX7850190	562	Escherichia coli	ftp.sra.ebi.ac.uk/vol1/fastq/ERR828/009/ERR8282759/ERR8282759.fastq.gz	ftp.sra.ebi.ac.uk/vol1/run/ERR828/ERR8282759/cpe023.fastq.gz	ftp.sra.ebi.ac.uk/vol1/err/ERR828/009/ERR8282759.bam
ERR8282769	PRJEB30134	SAMEA5226460	ERX7850200	573	Klebsiella pneumoniae	ftp.sra.ebi.ac.uk/vol1/fastq/ERR828/009/ERR8282769/ERR8282769.fastq.gz	ftp.sra.ebi.ac.uk/vol1/run/ERR828/ERR8282769/cpe035.fastq.gz	ftp.sra.ebi.ac.uk/vol1/err/ERR828/009/ERR8282769.bam
ERR8282775	PRJEB30134	SAMEA5226469	ERX7850206	470	Acinetobacter baumannii	ftp.sra.ebi.ac.uk/vol1/fastq/ERR828/005/ERR8282775/ERR8282775.fastq.gz	ftp.sra.ebi.ac.uk/vol1/run/ERR828/ERR8282775/cpe044.fastq.gz	ftp.sra.ebi.ac.uk/vol1/err/ERR828/005/ERR8282775.bam
ERR8282776	PRJEB30134	SAMEA5226470	ERX7850207	470	Acinetobacter baumannii	ftp.sra.ebi.ac.uk/vol1/fastq/ERR828/006/ERR8282776/ERR8282776.fastq.gz	ftp.sra.ebi.ac.uk/vol1/run/ERR828/ERR8282776/cpe045.fastq.gz	ftp.sra.ebi.ac.uk/vol1/err/ERR828/006/ERR8282776.bam
ERR8282781	PRJEB30134	SAMEA5226475	ERX7850212	208224	Enterobacter kobei	ftp.sra.ebi.ac.uk/vol1/fastq/ERR828/001/ERR8282781/ERR8282781.fastq.gz	ftp.sra.ebi.ac.uk/vol1/run/ERR828/ERR8282781/cpe050.fastq.gz	ftp.sra.ebi.ac.uk/vol1/err/ERR828/001/ERR8282781.bam
ERR8282784	PRJEB30134	SAMEA5226478	ERX7850215	287	Pseudomonas aeruginosa	ftp.sra.ebi.ac.uk/vol1/fastq/ERR828/004/ERR8282784/ERR8282784.fastq.gz	ftp.sra.ebi.ac.uk/vol1/run/ERR828/ERR8282784/cpe053.fastq.gz	ftp.sra.ebi.ac.uk/vol1/err/ERR828/004/ERR8282784.bam
ERR8282791	PRJEB30134	SAMEA6451161	ERX7850222	562	Escherichia coli	ftp.sra.ebi.ac.uk/vol1/fastq/ERR828/001/ERR8282791/ERR8282791.fastq.gz	ftp.sra.ebi.ac.uk/vol1/run/ERR828/ERR8282791/cpe067.fastq.gz	ftp.sra.ebi.ac.uk/vol1/err/ERR828/001/ERR8282791.bam
ERR8282802	PRJEB30134	SAMEA6451097	ERX7850233	562	Escherichia coli	ftp.sra.ebi.ac.uk/vol1/fastq/ERR828/002/ERR8282802/ERR8282802.fastq.gz	ftp.sra.ebi.ac.uk/vol1/run/ERR828/ERR8282802/cpe081.fastq.gz	ftp.sra.ebi.ac.uk/vol1/err/ERR828/002/ERR8282802.bam
ERR8282805	PRJEB30134	SAMEA6451100	ERX7850236	562	Escherichia coli	ftp.sra.ebi.ac.uk/vol1/fastq/ERR828/005/ERR8282805/ERR8282805.fastq.gz	ftp.sra.ebi.ac.uk/vol1/run/ERR828/ERR8282805/cpe084.fastq.gz	ftp.sra.ebi.ac.uk/vol1/err/ERR828/005/ERR8282805.bam
ERR8282806	PRJEB30134	SAMEA6451102	ERX7850237	573	Klebsiella pneumoniae	ftp.sra.ebi.ac.uk/vol1/fastq/ERR828/006/ERR8282806/ERR8282806.fastq.gz	ftp.sra.ebi.ac.uk/vol1/run/ERR828/ERR8282806/cpe085.fastq.gz	ftp.sra.ebi.ac.uk/vol1/err/ERR828/006/ERR8282806.bam
ERR8282808	PRJEB30134	SAMEA6451104	ERX7850239	562	Escherichia coli	ftp.sra.ebi.ac.uk/vol1/fastq/ERR828/008/ERR8282808/ERR8282808.fastq.gz	ftp.sra.ebi.ac.uk/vol1/run/ERR828/ERR8282808/cpe087.fastq.gz	ftp.sra.ebi.ac.uk/vol1/err/ERR828/008/ERR8282808.bam
ERR8282812	PRJEB30134	SAMEA6451108	ERX7850243	562	Escherichia coli	ftp.sra.ebi.ac.uk/vol1/fastq/ERR828/002/ERR8282812/ERR8282812.fastq.gz	ftp.sra.ebi.ac.uk/vol1/run/ERR828/ERR8282812/cpe092.fastq.gz	ftp.sra.ebi.ac.uk/vol1/err/ERR828/002/ERR8282812.bam
ERR8282815	PRJEB30134	SAMEA6451116	ERX7850246	562	Escherichia coli	ftp.sra.ebi.ac.uk/vol1/fastq/ERR828/005/ERR8282815/ERR8282815.fastq.gz	ftp.sra.ebi.ac.uk/vol1/run/ERR828/ERR8282815/cpe098.fastq.gz	ftp.sra.ebi.ac.uk/vol1/err/ERR828/005/ERR8282815.bam
ERR8282817	PRJEB30134	SAMEA6451115	ERX7850248	562	Escherichia coli	ftp.sra.ebi.ac.uk/vol1/fastq/ERR828/007/ERR8282817/ERR8282817.fastq.gz	ftp.sra.ebi.ac.uk/vol1/run/ERR828/ERR8282817/cpe100.fastq.gz	ftp.sra.ebi.ac.uk/vol1/err/ERR828/007/ERR8282817.bam
ERR4095881	PRJEB30134	SAMEA5226425	ERX4091179	571	Klebsiella oxytoca	ftp.sra.ebi.ac.uk/vol1/fastq/ERR409/001/ERR4095881/ERR4095881_1.fastq.gz;ftp.sra.ebi.ac.uk/vol1/fastq/ERR409/001/ERR4095881/ERR4095881_2.fastq.gz	ftp.sra.ebi.ac.uk/vol1/run/ERR409/ERR4095881/29210_5#8.cram	
ERR4095886	PRJEB30134	SAMEA5226347	ERX4091184	470	Acinetobacter baumannii	ftp.sra.ebi.ac.uk/vol1/fastq/ERR409/006/ERR4095886/ERR4095886_1.fastq.gz;ftp.sra.ebi.ac.uk/vol1/fastq/ERR409/006/ERR4095886/ERR4095886_2.fastq.gz	ftp.sra.ebi.ac.uk/vol1/run/ERR409/ERR4095886/29210_5#13.cram;ftp.sra.ebi.ac.uk/vol1/run/ERR409/ERR4095886/29210_5#13.cram.crai	
ERR4095887	PRJEB30134	SAMEA5226428	ERX4091185	571	Klebsiella oxytoca	ftp.sra.ebi.ac.uk/vol1/fastq/ERR409/007/ERR4095887/ERR4095887_1.fastq.gz;ftp.sra.ebi.ac.uk/vol1/fastq/ERR409/007/ERR4095887/ERR4095887_2.fastq.gz	ftp.sra.ebi.ac.uk/vol1/run/ERR409/ERR4095887/29210_5#14.cram	
ERR4095893	PRJEB30134	SAMEA5226431	ERX4091191	573	Klebsiella pneumoniae	ftp.sra.ebi.ac.uk/vol1/fastq/ERR409/003/ERR4095893/ERR4095893_1.fastq.gz;ftp.sra.ebi.ac.uk/vol1/fastq/ERR409/003/ERR4095893/ERR4095893_2.fastq.gz	ftp.sra.ebi.ac.uk/vol1/run/ERR409/ERR4095893/29210_5#20.cram;ftp.sra.ebi.ac.uk/vol1/run/ERR409/ERR4095893/29210_5#20.cram.crai	
ERR4095895	PRJEB30134	SAMEA5226435	ERX4091193	40324	Stenotrophomonas maltophilia	ftp.sra.ebi.ac.uk/vol1/fastq/ERR409/005/ERR4095895/ERR4095895_1.fastq.gz;ftp.sra.ebi.ac.uk/vol1/fastq/ERR409/005/ERR4095895/ERR4095895_2.fastq.gz	ftp.sra.ebi.ac.uk/vol1/run/ERR409/ERR4095895/29210_5#22.cram	
ERR4095897	PRJEB30134	SAMEA5226436	ERX4091195	40324	Stenotrophomonas maltophilia	ftp.sra.ebi.ac.uk/vol1/fastq/ERR409/007/ERR4095897/ERR4095897_1.fastq.gz;ftp.sra.ebi.ac.uk/vol1/fastq/ERR409/007/ERR4095897/ERR4095897_2.fastq.gz	ftp.sra.ebi.ac.uk/vol1/run/ERR409/ERR4095897/29210_5#24.cram	
ERR4095899	PRJEB30134	SAMEA5226437	ERX4091197	40324	Stenotrophomonas maltophilia	ftp.sra.ebi.ac.uk/vol1/fastq/ERR409/009/ERR4095899/ERR4095899_1.fastq.gz;ftp.sra.ebi.ac.uk/vol1/fastq/ERR409/009/ERR4095899/ERR4095899_2.fastq.gz	ftp.sra.ebi.ac.uk/vol1/run/ERR409/ERR4095899/29210_5#26.cram	
ERR4095903	PRJEB30134	SAMEA5226439	ERX4091201	1311	Streptococcus agalactiae	ftp.sra.ebi.ac.uk/vol1/fastq/ERR409/003/ERR4095903/ERR4095903_1.fastq.gz;ftp.sra.ebi.ac.uk/vol1/fastq/ERR409/003/ERR4095903/ERR4095903_2.fastq.gz	ftp.sra.ebi.ac.uk/vol1/run/ERR409/ERR4095903/29210_5#30.cram	
ERR4095904	PRJEB30134	SAMEA5226434	ERX4091202	40324	Stenotrophomonas maltophilia	ftp.sra.ebi.ac.uk/vol1/fastq/ERR409/004/ERR4095904/ERR4095904_1.fastq.gz;ftp.sra.ebi.ac.uk/vol1/fastq/ERR409/004/ERR4095904/ERR4095904_2.fastq.gz	ftp.sra.ebi.ac.uk/vol1/run/ERR409/ERR4095904/29210_5#31.cram	
ERR4095910	PRJEB30134	SAMEA5226459	ERX4091208	573	Klebsiella pneumoniae	ftp.sra.ebi.ac.uk/vol1/fastq/ERR409/000/ERR4095910/ERR4095910_1.fastq.gz;ftp.sra.ebi.ac.uk/vol1/fastq/ERR409/000/ERR4095910/ERR4095910_2.fastq.gz	ftp.sra.ebi.ac.uk/vol1/run/ERR409/ERR4095910/29210_5#37.cram;ftp.sra.ebi.ac.uk/vol1/run/ERR409/ERR4095910/29210_5#37.cram.crai	
ERR4095918	PRJEB30134	SAMEA5226448	ERX4091216	303	Pseudomonas putida	ftp.sra.ebi.ac.uk/vol1/fastq/ERR409/008/ERR4095918/ERR4095918_1.fastq.gz;ftp.sra.ebi.ac.uk/vol1/fastq/ERR409/008/ERR4095918/ERR4095918_2.fastq.gz	ftp.sra.ebi.ac.uk/vol1/run/ERR409/ERR4095918/29210_5#45.cram	
ERR4095922	PRJEB30134	SAMEA5226450	ERX4091220	562	Escherichia coli	ftp.sra.ebi.ac.uk/vol1/fastq/ERR409/002/ERR4095922/ERR4095922_1.fastq.gz;ftp.sra.ebi.ac.uk/vol1/fastq/ERR409/002/ERR4095922/ERR4095922_2.fastq.gz	ftp.sra.ebi.ac.uk/vol1/run/ERR409/ERR4095922/29210_5#49.cram;ftp.sra.ebi.ac.uk/vol1/run/ERR409/ERR4095922/29210_5#49.cram.crai	
ERR4095925	PRJEB30134	SAMEA5226344	ERX4091223	471	Acinetobacter calcoaceticus	ftp.sra.ebi.ac.uk/vol1/fastq/ERR409/005/ERR4095925/ERR4095925_1.fastq.gz;ftp.sra.ebi.ac.uk/vol1/fastq/ERR409/005/ERR4095925/ERR4095925_2.fastq.gz	ftp.sra.ebi.ac.uk/vol1/run/ERR409/ERR4095925/29210_5#52.cram	
ERR4095926	PRJEB30134	SAMEA5226453	ERX4091224	550	Enterobacter cloacae	ftp.sra.ebi.ac.uk/vol1/fastq/ERR409/006/ERR4095926/ERR4095926_1.fastq.gz;ftp.sra.ebi.ac.uk/vol1/fastq/ERR409/006/ERR4095926/ERR4095926_2.fastq.gz	ftp.sra.ebi.ac.uk/vol1/run/ERR409/ERR4095926/29210_5#53.cram	
ERR4095927	PRJEB30134	SAMEA5226454	ERX4091225	562	Escherichia coli	ftp.sra.ebi.ac.uk/vol1/fastq/ERR409/007/ERR4095927/ERR4095927_1.fastq.gz;ftp.sra.ebi.ac.uk/vol1/fastq/ERR409/007/ERR4095927/ERR4095927_2.fastq.gz	ftp.sra.ebi.ac.uk/vol1/run/ERR409/ERR4095927/29210_5#54.cram;ftp.sra.ebi.ac.uk/vol1/run/ERR409/ERR4095927/29210_5#54.cram.crai	
ERR4095929	PRJEB30134	SAMEA5226346	ERX4091227	470	Acinetobacter baumannii	ftp.sra.ebi.ac.uk/vol1/fastq/ERR409/009/ERR4095929/ERR4095929_1.fastq.gz;ftp.sra.ebi.ac.uk/vol1/fastq/ERR409/009/ERR4095929/ERR4095929_2.fastq.gz	ftp.sra.ebi.ac.uk/vol1/run/ERR409/ERR4095929/29210_5#56.cram;ftp.sra.ebi.ac.uk/vol1/run/ERR409/ERR4095929/29210_5#56.cram.crai	
ERR4095930	PRJEB30134	SAMEA5226455	ERX4091228	562	Escherichia coli	ftp.sra.ebi.ac.uk/vol1/fastq/ERR409/000/ERR4095930/ERR4095930_1.fastq.gz;ftp.sra.ebi.ac.uk/vol1/fastq/ERR409/000/ERR4095930/ERR4095930_2.fastq.gz	ftp.sra.ebi.ac.uk/vol1/run/ERR409/ERR4095930/29210_5#57.cram;ftp.sra.ebi.ac.uk/vol1/run/ERR409/ERR4095930/29210_5#57.cram.crai	
ERR4095936	PRJEB30134	SAMEA5226350	ERX4091234	573	Klebsiella pneumoniae	ftp.sra.ebi.ac.uk/vol1/fastq/ERR409/006/ERR4095936/ERR4095936_1.fastq.gz;ftp.sra.ebi.ac.uk/vol1/fastq/ERR409/006/ERR4095936/ERR4095936_2.fastq.gz	ftp.sra.ebi.ac.uk/vol1/run/ERR409/ERR4095936/29210_5#63.cram;ftp.sra.ebi.ac.uk/vol1/run/ERR409/ERR4095936/29210_5#63.cram.crai	
ERR4095939	PRJEB30134	SAMEA5226462	ERX4091237	48296	Acinetobacter pittii	ftp.sra.ebi.ac.uk/vol1/fastq/ERR409/009/ERR4095939/ERR4095939_1.fastq.gz;ftp.sra.ebi.ac.uk/vol1/fastq/ERR409/009/ERR4095939/ERR4095939_2.fastq.gz	ftp.sra.ebi.ac.uk/vol1/run/ERR409/ERR4095939/29210_5#66.cram	
ERR4095940	PRJEB30134	SAMEA5226352	ERX4091238	573	Klebsiella pneumoniae	ftp.sra.ebi.ac.uk/vol1/fastq/ERR409/000/ERR4095940/ERR4095940_1.fastq.gz;ftp.sra.ebi.ac.uk/vol1/fastq/ERR409/000/ERR4095940/ERR4095940_2.fastq.gz	ftp.sra.ebi.ac.uk/vol1/run/ERR409/ERR4095940/29210_5#67.cram;ftp.sra.ebi.ac.uk/vol1/run/ERR409/ERR4095940/29210_5#67.cram.crai	
ERR4095941	PRJEB30134	SAMEA5226353	ERX4091239	573	Klebsiella pneumoniae	ftp.sra.ebi.ac.uk/vol1/fastq/ERR409/001/ERR4095941/ERR4095941_1.fastq.gz;ftp.sra.ebi.ac.uk/vol1/fastq/ERR409/001/ERR4095941/ERR4095941_2.fastq.gz	ftp.sra.ebi.ac.uk/vol1/run/ERR409/ERR4095941/29210_5#68.cram;ftp.sra.ebi.ac.uk/vol1/run/ERR409/ERR4095941/29210_5#68.cram.crai	
ERR4095945	PRJEB30134	SAMEA5226355	ERX4091243	573	Klebsiella pneumoniae	ftp.sra.ebi.ac.uk/vol1/fastq/ERR409/005/ERR4095945/ERR4095945_1.fastq.gz;ftp.sra.ebi.ac.uk/vol1/fastq/ERR409/005/ERR4095945/ERR4095945_2.fastq.gz	ftp.sra.ebi.ac.uk/vol1/run/ERR409/ERR4095945/29210_5#72.cram;ftp.sra.ebi.ac.uk/vol1/run/ERR409/ERR4095945/29210_5#72.cram.crai	
ERR4095950	PRJEB30134	SAMEA5226359	ERX4091248	571	Klebsiella oxytoca	ftp.sra.ebi.ac.uk/vol1/fastq/ERR409/000/ERR4095950/ERR4095950_1.fastq.gz;ftp.sra.ebi.ac.uk/vol1/fastq/ERR409/000/ERR4095950/ERR4095950_2.fastq.gz	ftp.sra.ebi.ac.uk/vol1/run/ERR409/ERR4095950/29210_5#77.cram	
ERR4095951	PRJEB30134	SAMEA5226360	ERX4091249	573	Klebsiella pneumoniae	ftp.sra.ebi.ac.uk/vol1/fastq/ERR409/001/ERR4095951/ERR4095951_1.fastq.gz;ftp.sra.ebi.ac.uk/vol1/fastq/ERR409/001/ERR4095951/ERR4095951_2.fastq.gz	ftp.sra.ebi.ac.uk/vol1/run/ERR409/ERR4095951/29210_5#78.cram;ftp.sra.ebi.ac.uk/vol1/run/ERR409/ERR4095951/29210_5#78.cram.crai	
ERR4095953	PRJEB30134	SAMEA5226471	ERX4091251	562	Escherichia coli	ftp.sra.ebi.ac.uk/vol1/fastq/ERR409/003/ERR4095953/ERR4095953_1.fastq.gz;ftp.sra.ebi.ac.uk/vol1/fastq/ERR409/003/ERR4095953/ERR4095953_2.fastq.gz	ftp.sra.ebi.ac.uk/vol1/run/ERR409/ERR4095953/29210_5#80.cram;ftp.sra.ebi.ac.uk/vol1/run/ERR409/ERR4095953/29210_5#80.cram.crai	
ERR4095954	PRJEB30134	SAMEA5226361	ERX4091252	573	Klebsiella pneumoniae	ftp.sra.ebi.ac.uk/vol1/fastq/ERR409/004/ERR4095954/ERR4095954_1.fastq.gz;ftp.sra.ebi.ac.uk/vol1/fastq/ERR409/004/ERR4095954/ERR4095954_2.fastq.gz	ftp.sra.ebi.ac.uk/vol1/run/ERR409/ERR4095954/29210_5#81.cram;ftp.sra.ebi.ac.uk/vol1/run/ERR409/ERR4095954/29210_5#81.cram.crai	
ERR4095956	PRJEB30134	SAMEA5226472	ERX4091254	573	Klebsiella pneumoniae	ftp.sra.ebi.ac.uk/vol1/fastq/ERR409/006/ERR4095956/ERR4095956_1.fastq.gz;ftp.sra.ebi.ac.uk/vol1/fastq/ERR409/006/ERR4095956/ERR4095956_2.fastq.gz	ftp.sra.ebi.ac.uk/vol1/run/ERR409/ERR4095956/29210_5#83.cram;ftp.sra.ebi.ac.uk/vol1/run/ERR409/ERR4095956/29210_5#83.cram.crai	
ERR4095959	PRJEB30134	SAMEA5226364	ERX4091257	573	Klebsiella pneumoniae	ftp.sra.ebi.ac.uk/vol1/fastq/ERR409/009/ERR4095959/ERR4095959_1.fastq.gz;ftp.sra.ebi.ac.uk/vol1/fastq/ERR409/009/ERR4095959/ERR4095959_2.fastq.gz	ftp.sra.ebi.ac.uk/vol1/run/ERR409/ERR4095959/29210_5#86.cram;ftp.sra.ebi.ac.uk/vol1/run/ERR409/ERR4095959/29210_5#86.cram.crai	
ERR4095960	PRJEB30134	SAMEA5226474	ERX4091258	573	Klebsiella pneumoniae	ftp.sra.ebi.ac.uk/vol1/fastq/ERR409/000/ERR4095960/ERR4095960_1.fastq.gz;ftp.sra.ebi.ac.uk/vol1/fastq/ERR409/000/ERR4095960/ERR4095960_2.fastq.gz	ftp.sra.ebi.ac.uk/vol1/run/ERR409/ERR4095960/29210_5#87.cram;ftp.sra.ebi.ac.uk/vol1/run/ERR409/ERR4095960/29210_5#87.cram.crai	
ERR4095968	PRJEB30134	SAMEA5226478	ERX4091266	287	Pseudomonas aeruginosa	ftp.sra.ebi.ac.uk/vol1/fastq/ERR409/008/ERR4095968/ERR4095968_1.fastq.gz;ftp.sra.ebi.ac.uk/vol1/fastq/ERR409/008/ERR4095968/ERR4095968_2.fastq.gz	ftp.sra.ebi.ac.uk/vol1/run/ERR409/ERR4095968/29210_5#95.cram;ftp.sra.ebi.ac.uk/vol1/run/ERR409/ERR4095968/29210_5#95.cram.crai	
ERR4095975	PRJEB30134	SAMEA5226372	ERX4091273	571	Klebsiella oxytoca	ftp.sra.ebi.ac.uk/vol1/fastq/ERR409/005/ERR4095975/ERR4095975_1.fastq.gz;ftp.sra.ebi.ac.uk/vol1/fastq/ERR409/005/ERR4095975/ERR4095975_2.fastq.gz	ftp.sra.ebi.ac.uk/vol1/run/ERR409/ERR4095975/29210_5#102.cram	
ERR4095976	PRJEB30134	SAMEA5226482	ERX4091274	573	Klebsiella pneumoniae	ftp.sra.ebi.ac.uk/vol1/fastq/ERR409/006/ERR4095976/ERR4095976_1.fastq.gz;ftp.sra.ebi.ac.uk/vol1/fastq/ERR409/006/ERR4095976/ERR4095976_2.fastq.gz	ftp.sra.ebi.ac.uk/vol1/run/ERR409/ERR4095976/29210_5#103.cram;ftp.sra.ebi.ac.uk/vol1/run/ERR409/ERR4095976/29210_5#103.cram.crai	
ERR4095977	PRJEB30134	SAMEA5226483	ERX4091275	573	Klebsiella pneumoniae	ftp.sra.ebi.ac.uk/vol1/fastq/ERR409/007/ERR4095977/ERR4095977_1.fastq.gz;ftp.sra.ebi.ac.uk/vol1/fastq/ERR409/007/ERR4095977/ERR4095977_2.fastq.gz	ftp.sra.ebi.ac.uk/vol1/run/ERR409/ERR4095977/29210_5#104.cram;ftp.sra.ebi.ac.uk/vol1/run/ERR409/ERR4095977/29210_5#104.cram.crai	
ERR4095978	PRJEB30134	SAMEA5226373	ERX4091276	571	Klebsiella oxytoca	ftp.sra.ebi.ac.uk/vol1/fastq/ERR409/008/ERR4095978/ERR4095978_1.fastq.gz;ftp.sra.ebi.ac.uk/vol1/fastq/ERR409/008/ERR4095978/ERR4095978_2.fastq.gz	ftp.sra.ebi.ac.uk/vol1/run/ERR409/ERR4095978/29210_5#105.cram	
ERR4095979	PRJEB30134	SAMEA5226485	ERX4091277	573	Klebsiella pneumoniae	ftp.sra.ebi.ac.uk/vol1/fastq/ERR409/009/ERR4095979/ERR4095979_1.fastq.gz;ftp.sra.ebi.ac.uk/vol1/fastq/ERR409/009/ERR4095979/ERR4095979_2.fastq.gz	ftp.sra.ebi.ac.uk/vol1/run/ERR409/ERR4095979/29210_5#106.cram;ftp.sra.ebi.ac.uk/vol1/run/ERR409/ERR4095979/29210_5#106.cram.crai	
ERR4095980	PRJEB30134	SAMEA5226374	ERX4091278	573	Klebsiella pneumoniae	ftp.sra.ebi.ac.uk/vol1/fastq/ERR409/000/ERR4095980/ERR4095980_1.fastq.gz;ftp.sra.ebi.ac.uk/vol1/fastq/ERR409/000/ERR4095980/ERR4095980_2.fastq.gz	ftp.sra.ebi.ac.uk/vol1/run/ERR409/ERR4095980/29210_5#107.cram;ftp.sra.ebi.ac.uk/vol1/run/ERR409/ERR4095980/29210_5#107.cram.crai	
ERR4095981	PRJEB30134	SAMEA5226375	ERX4091279	573	Klebsiella pneumoniae	ftp.sra.ebi.ac.uk/vol1/fastq/ERR409/001/ERR4095981/ERR4095981_1.fastq.gz;ftp.sra.ebi.ac.uk/vol1/fastq/ERR409/001/ERR4095981/ERR4095981_2.fastq.gz	ftp.sra.ebi.ac.uk/vol1/run/ERR409/ERR4095981/29210_5#108.cram;ftp.sra.ebi.ac.uk/vol1/run/ERR409/ERR4095981/29210_5#108.cram.crai	
ERR4095985	PRJEB30134	SAMEA5226377	ERX4091283	573	Klebsiella pneumoniae	ftp.sra.ebi.ac.uk/vol1/fastq/ERR409/005/ERR4095985/ERR4095985_1.fastq.gz;ftp.sra.ebi.ac.uk/vol1/fastq/ERR409/005/ERR4095985/ERR4095985_2.fastq.gz	ftp.sra.ebi.ac.uk/vol1/run/ERR409/ERR4095985/29210_5#112.cram;ftp.sra.ebi.ac.uk/vol1/run/ERR409/ERR4095985/29210_5#112.cram.crai	
ERR4095990	PRJEB30134	SAMEA5226492	ERX4091288	545	Citrobacter koseri	ftp.sra.ebi.ac.uk/vol1/fastq/ERR409/000/ERR4095990/ERR4095990_1.fastq.gz;ftp.sra.ebi.ac.uk/vol1/fastq/ERR409/000/ERR4095990/ERR4095990_2.fastq.gz	ftp.sra.ebi.ac.uk/vol1/run/ERR409/ERR4095990/29210_5#117.cram	
ERR4095996	PRJEB30134	SAMEA5226382	ERX4091294	573	Klebsiella pneumoniae	ftp.sra.ebi.ac.uk/vol1/fastq/ERR409/006/ERR4095996/ERR4095996_1.fastq.gz;ftp.sra.ebi.ac.uk/vol1/fastq/ERR409/006/ERR4095996/ERR4095996_2.fastq.gz	ftp.sra.ebi.ac.uk/vol1/run/ERR409/ERR4095996/29210_5#123.cram;ftp.sra.ebi.ac.uk/vol1/run/ERR409/ERR4095996/29210_5#123.cram.crai	
ERR4096001	PRJEB30134	SAMEA5226385	ERX4091299	573	Klebsiella pneumoniae	ftp.sra.ebi.ac.uk/vol1/fastq/ERR409/001/ERR4096001/ERR4096001_1.fastq.gz;ftp.sra.ebi.ac.uk/vol1/fastq/ERR409/001/ERR4096001/ERR4096001_2.fastq.gz	ftp.sra.ebi.ac.uk/vol1/run/ERR409/ERR4096001/29210_5#128.cram;ftp.sra.ebi.ac.uk/vol1/run/ERR409/ERR4096001/29210_5#128.cram.crai	
ERR4096002	PRJEB30134	SAMEA5226498	ERX4091300	546	Citrobacter freundii	ftp.sra.ebi.ac.uk/vol1/fastq/ERR409/002/ERR4096002/ERR4096002_1.fastq.gz;ftp.sra.ebi.ac.uk/vol1/fastq/ERR409/002/ERR4096002/ERR4096002_2.fastq.gz	ftp.sra.ebi.ac.uk/vol1/run/ERR409/ERR4096002/29210_5#129.cram	
ERR4096006	PRJEB30134	SAMEA5226500	ERX4091304	550	Enterobacter cloacae	ftp.sra.ebi.ac.uk/vol1/fastq/ERR409/006/ERR4096006/ERR4096006_1.fastq.gz;ftp.sra.ebi.ac.uk/vol1/fastq/ERR409/006/ERR4096006/ERR4096006_2.fastq.gz	ftp.sra.ebi.ac.uk/vol1/run/ERR409/ERR4096006/29210_5#133.cram	
ERR4096007	PRJEB30134	SAMEA5226501	ERX4091305	550	Enterobacter cloacae	ftp.sra.ebi.ac.uk/vol1/fastq/ERR409/007/ERR4096007/ERR4096007_1.fastq.gz;ftp.sra.ebi.ac.uk/vol1/fastq/ERR409/007/ERR4096007/ERR4096007_2.fastq.gz	ftp.sra.ebi.ac.uk/vol1/run/ERR409/ERR4096007/29210_5#134.cram	
ERR4096009	PRJEB30134	SAMEA5226389	ERX4091307	573	Klebsiella pneumoniae	ftp.sra.ebi.ac.uk/vol1/fastq/ERR409/009/ERR4096009/ERR4096009_1.fastq.gz;ftp.sra.ebi.ac.uk/vol1/fastq/ERR409/009/ERR4096009/ERR4096009_2.fastq.gz	ftp.sra.ebi.ac.uk/vol1/run/ERR409/ERR4096009/29210_5#136.cram;ftp.sra.ebi.ac.uk/vol1/run/ERR409/ERR4096009/29210_5#136.cram.crai	
ERR4096013	PRJEB30134	SAMEA5226504	ERX4091311	562	Escherichia coli	ftp.sra.ebi.ac.uk/vol1/fastq/ERR409/003/ERR4096013/ERR4096013_1.fastq.gz;ftp.sra.ebi.ac.uk/vol1/fastq/ERR409/003/ERR4096013/ERR4096013_2.fastq.gz	ftp.sra.ebi.ac.uk/vol1/run/ERR409/ERR4096013/29210_5#140.cram;ftp.sra.ebi.ac.uk/vol1/run/ERR409/ERR4096013/29210_5#140.cram.crai	
ERR4096021	PRJEB30134	SAMEA5226507	ERX4091319	584	Proteus mirabilis	ftp.sra.ebi.ac.uk/vol1/fastq/ERR409/001/ERR4096021/ERR4096021_1.fastq.gz;ftp.sra.ebi.ac.uk/vol1/fastq/ERR409/001/ERR4096021/ERR4096021_2.fastq.gz	ftp.sra.ebi.ac.uk/vol1/run/ERR409/ERR4096021/29210_5#148.cram	
ERR4096022	PRJEB30134	SAMEA5226396	ERX4091320	573	Klebsiella pneumoniae	ftp.sra.ebi.ac.uk/vol1/fastq/ERR409/002/ERR4096022/ERR4096022_1.fastq.gz;ftp.sra.ebi.ac.uk/vol1/fastq/ERR409/002/ERR4096022/ERR4096022_2.fastq.gz	ftp.sra.ebi.ac.uk/vol1/run/ERR409/ERR4096022/29210_5#149.cram;ftp.sra.ebi.ac.uk/vol1/run/ERR409/ERR4096022/29210_5#149.cram.crai	
ERR4096026	PRJEB30134	SAMEA5226399	ERX4091324	573	Klebsiella pneumoniae	ftp.sra.ebi.ac.uk/vol1/fastq/ERR409/006/ERR4096026/ERR4096026_1.fastq.gz;ftp.sra.ebi.ac.uk/vol1/fastq/ERR409/006/ERR4096026/ERR4096026_2.fastq.gz	ftp.sra.ebi.ac.uk/vol1/run/ERR409/ERR4096026/29210_5#153.cram;ftp.sra.ebi.ac.uk/vol1/run/ERR409/ERR4096026/29210_5#153.cram.crai	
ERR4096027	PRJEB30134	SAMEA5226401	ERX4091325	571	Klebsiella oxytoca	ftp.sra.ebi.ac.uk/vol1/fastq/ERR409/007/ERR4096027/ERR4096027_1.fastq.gz;ftp.sra.ebi.ac.uk/vol1/fastq/ERR409/007/ERR4096027/ERR4096027_2.fastq.gz	ftp.sra.ebi.ac.uk/vol1/run/ERR409/ERR4096027/29210_5#154.cram	
ERR4096029	PRJEB30134	SAMEA5226510	ERX4091327	287	Pseudomonas aeruginosa	ftp.sra.ebi.ac.uk/vol1/fastq/ERR409/009/ERR4096029/ERR4096029_1.fastq.gz;ftp.sra.ebi.ac.uk/vol1/fastq/ERR409/009/ERR4096029/ERR4096029_2.fastq.gz	ftp.sra.ebi.ac.uk/vol1/run/ERR409/ERR4096029/29210_5#156.cram;ftp.sra.ebi.ac.uk/vol1/run/ERR409/ERR4096029/29210_5#156.cram.crai	
ERR4096032	PRJEB30134	SAMEA5226511	ERX4091330	287	Pseudomonas aeruginosa	ftp.sra.ebi.ac.uk/vol1/fastq/ERR409/002/ERR4096032/ERR4096032_1.fastq.gz;ftp.sra.ebi.ac.uk/vol1/fastq/ERR409/002/ERR4096032/ERR4096032_2.fastq.gz	ftp.sra.ebi.ac.uk/vol1/run/ERR409/ERR4096032/29210_5#159.cram;ftp.sra.ebi.ac.uk/vol1/run/ERR409/ERR4096032/29210_5#159.cram.crai	
ERR4096035	PRJEB30134	SAMEA5226406	ERX4091333	573	Klebsiella pneumoniae	ftp.sra.ebi.ac.uk/vol1/fastq/ERR409/005/ERR4096035/ERR4096035_1.fastq.gz;ftp.sra.ebi.ac.uk/vol1/fastq/ERR409/005/ERR4096035/ERR4096035_2.fastq.gz	ftp.sra.ebi.ac.uk/vol1/run/ERR409/ERR4096035/29210_5#162.cram;ftp.sra.ebi.ac.uk/vol1/run/ERR409/ERR4096035/29210_5#162.cram.crai	
ERR4096042	PRJEB30134	SAMEA5226409	ERX4091340	573	Klebsiella pneumoniae	ftp.sra.ebi.ac.uk/vol1/fastq/ERR409/002/ERR4096042/ERR4096042_1.fastq.gz;ftp.sra.ebi.ac.uk/vol1/fastq/ERR409/002/ERR4096042/ERR4096042_2.fastq.gz	ftp.sra.ebi.ac.uk/vol1/run/ERR409/ERR4096042/29210_5#169.cram;ftp.sra.ebi.ac.uk/vol1/run/ERR409/ERR4096042/29210_5#169.cram.crai	
ERR4096043	PRJEB30134	SAMEA5226517	ERX4091341	615	Serratia marcescens	ftp.sra.ebi.ac.uk/vol1/fastq/ERR409/003/ERR4096043/ERR4096043_1.fastq.gz;ftp.sra.ebi.ac.uk/vol1/fastq/ERR409/003/ERR4096043/ERR4096043_2.fastq.gz	ftp.sra.ebi.ac.uk/vol1/run/ERR409/ERR4096043/29210_5#170.cram	
ERR4096044	PRJEB30134	SAMEA5226410	ERX4091342	573	Klebsiella pneumoniae	ftp.sra.ebi.ac.uk/vol1/fastq/ERR409/004/ERR4096044/ERR4096044_1.fastq.gz;ftp.sra.ebi.ac.uk/vol1/fastq/ERR409/004/ERR4096044/ERR4096044_2.fastq.gz	ftp.sra.ebi.ac.uk/vol1/run/ERR409/ERR4096044/29210_5#171.cram;ftp.sra.ebi.ac.uk/vol1/run/ERR409/ERR4096044/29210_5#171.cram.crai	
ERR4096045	PRJEB30134	SAMEA5226411	ERX4091343	573	Klebsiella pneumoniae	ftp.sra.ebi.ac.uk/vol1/fastq/ERR409/005/ERR4096045/ERR4096045_1.fastq.gz;ftp.sra.ebi.ac.uk/vol1/fastq/ERR409/005/ERR4096045/ERR4096045_2.fastq.gz	ftp.sra.ebi.ac.uk/vol1/run/ERR409/ERR4096045/29210_5#172.cram;ftp.sra.ebi.ac.uk/vol1/run/ERR409/ERR4096045/29210_5#172.cram.crai	
ERR4096046	PRJEB30134	SAMEA5226518	ERX4091344	615	Serratia marcescens	ftp.sra.ebi.ac.uk/vol1/fastq/ERR409/006/ERR4096046/ERR4096046_1.fastq.gz;ftp.sra.ebi.ac.uk/vol1/fastq/ERR409/006/ERR4096046/ERR4096046_2.fastq.gz	ftp.sra.ebi.ac.uk/vol1/run/ERR409/ERR4096046/29210_5#173.cram	
ERR4096050	PRJEB30134	SAMEA5226521	ERX4091348	615	Serratia marcescens	ftp.sra.ebi.ac.uk/vol1/fastq/ERR409/000/ERR4096050/ERR4096050_1.fastq.gz;ftp.sra.ebi.ac.uk/vol1/fastq/ERR409/000/ERR4096050/ERR4096050_2.fastq.gz	ftp.sra.ebi.ac.uk/vol1/run/ERR409/ERR4096050/29210_5#177.cram	
ERR4096052	PRJEB30134	SAMEA5226414	ERX4091350	573	Klebsiella pneumoniae	ftp.sra.ebi.ac.uk/vol1/fastq/ERR409/002/ERR4096052/ERR4096052_1.fastq.gz;ftp.sra.ebi.ac.uk/vol1/fastq/ERR409/002/ERR4096052/ERR4096052_2.fastq.gz	ftp.sra.ebi.ac.uk/vol1/run/ERR409/ERR4096052/29210_5#179.cram;ftp.sra.ebi.ac.uk/vol1/run/ERR409/ERR4096052/29210_5#179.cram.crai	
ERR4096053	PRJEB30134	SAMEA5226415	ERX4091351	573	Klebsiella pneumoniae	ftp.sra.ebi.ac.uk/vol1/fastq/ERR409/003/ERR4096053/ERR4096053_1.fastq.gz;ftp.sra.ebi.ac.uk/vol1/fastq/ERR409/003/ERR4096053/ERR4096053_2.fastq.gz	ftp.sra.ebi.ac.uk/vol1/run/ERR409/ERR4096053/29210_5#180.cram;ftp.sra.ebi.ac.uk/vol1/run/ERR409/ERR4096053/29210_5#180.cram.crai	
ERR4096055	PRJEB30134	SAMEA5226524	ERX4091353	573	Klebsiella pneumoniae	ftp.sra.ebi.ac.uk/vol1/fastq/ERR409/005/ERR4096055/ERR4096055_1.fastq.gz;ftp.sra.ebi.ac.uk/vol1/fastq/ERR409/005/ERR4096055/ERR4096055_2.fastq.gz	ftp.sra.ebi.ac.uk/vol1/run/ERR409/ERR4096055/29210_5#182.cram;ftp.sra.ebi.ac.uk/vol1/run/ERR409/ERR4096055/29210_5#182.cram.crai	
ERR4096056	PRJEB30134	SAMEA5226416	ERX4091354	573	Klebsiella pneumoniae	ftp.sra.ebi.ac.uk/vol1/fastq/ERR409/006/ERR4096056/ERR4096056_1.fastq.gz;ftp.sra.ebi.ac.uk/vol1/fastq/ERR409/006/ERR4096056/ERR4096056_2.fastq.gz	ftp.sra.ebi.ac.uk/vol1/run/ERR409/ERR4096056/29210_5#183.cram;ftp.sra.ebi.ac.uk/vol1/run/ERR409/ERR4096056/29210_5#183.cram.crai	
ERR4096058	PRJEB30134	SAMEA5226525	ERX4091356	573	Klebsiella pneumoniae	ftp.sra.ebi.ac.uk/vol1/fastq/ERR409/008/ERR4096058/ERR4096058_1.fastq.gz;ftp.sra.ebi.ac.uk/vol1/fastq/ERR409/008/ERR4096058/ERR4096058_2.fastq.gz	ftp.sra.ebi.ac.uk/vol1/run/ERR409/ERR4096058/29210_5#185.cram;ftp.sra.ebi.ac.uk/vol1/run/ERR409/ERR4096058/29210_5#185.cram.crai	
ERR4096059	PRJEB30134	SAMEA5226526	ERX4091357	573	Klebsiella pneumoniae	ftp.sra.ebi.ac.uk/vol1/fastq/ERR409/009/ERR4096059/ERR4096059_1.fastq.gz;ftp.sra.ebi.ac.uk/vol1/fastq/ERR409/009/ERR4096059/ERR4096059_2.fastq.gz	ftp.sra.ebi.ac.uk/vol1/run/ERR409/ERR4096059/29210_5#186.cram;ftp.sra.ebi.ac.uk/vol1/run/ERR409/ERR4096059/29210_5#186.cram.crai	
ERR4096062	PRJEB30134	SAMEA5226527	ERX4091360	573	Klebsiella pneumoniae	ftp.sra.ebi.ac.uk/vol1/fastq/ERR409/002/ERR4096062/ERR4096062_1.fastq.gz;ftp.sra.ebi.ac.uk/vol1/fastq/ERR409/002/ERR4096062/ERR4096062_2.fastq.gz	ftp.sra.ebi.ac.uk/vol1/run/ERR409/ERR4096062/29210_5#189.cram;ftp.sra.ebi.ac.uk/vol1/run/ERR409/ERR4096062/29210_5#189.cram.crai	
ERR4244417	PRJEB30134	SAMEA5226440	ERX4203211	1314	Streptococcus pyogenes	ftp.sra.ebi.ac.uk/vol1/fastq/ERR424/007/ERR4244417/ERR4244417_1.fastq.gz;ftp.sra.ebi.ac.uk/vol1/fastq/ERR424/007/ERR4244417/ERR4244417_2.fastq.gz	ftp.sra.ebi.ac.uk/vol1/run/ERR424/ERR4244417/29791_4#1.cram;ftp.sra.ebi.ac.uk/vol1/run/ERR424/ERR4244417/29791_4#1.cram.crai	
ERR5311105	PRJEB30134	SAMEA6450663	ERX5100508	562	Escherichia coli	ftp.sra.ebi.ac.uk/vol1/fastq/ERR531/005/ERR5311105/ERR5311105_1.fastq.gz;ftp.sra.ebi.ac.uk/vol1/fastq/ERR531/005/ERR5311105/ERR5311105_2.fastq.gz	ftp.sra.ebi.ac.uk/vol1/run/ERR531/ERR5311105/33226_5#1.cram;ftp.sra.ebi.ac.uk/vol1/run/ERR531/ERR5311105/33226_5#1.cram.crai	
ERR5311107	PRJEB30134	SAMEA6450665	ERX5100510	562	Escherichia coli	ftp.sra.ebi.ac.uk/vol1/fastq/ERR531/007/ERR5311107/ERR5311107_1.fastq.gz;ftp.sra.ebi.ac.uk/vol1/fastq/ERR531/007/ERR5311107/ERR5311107_2.fastq.gz	ftp.sra.ebi.ac.uk/vol1/run/ERR531/ERR5311107/33226_5#3.cram;ftp.sra.ebi.ac.uk/vol1/run/ERR531/ERR5311107/33226_5#3.cram.crai	
ERR5311109	PRJEB30134	SAMEA6450924	ERX5100512	562	Escherichia coli	ftp.sra.ebi.ac.uk/vol1/fastq/ERR531/009/ERR5311109/ERR5311109_1.fastq.gz;ftp.sra.ebi.ac.uk/vol1/fastq/ERR531/009/ERR5311109/ERR5311109_2.fastq.gz	ftp.sra.ebi.ac.uk/vol1/run/ERR531/ERR5311109/33226_5#5.cram;ftp.sra.ebi.ac.uk/vol1/run/ERR531/ERR5311109/33226_5#5.cram.crai	
ERR5311116	PRJEB30134	SAMEA6450711	ERX5100519	562	Escherichia coli	ftp.sra.ebi.ac.uk/vol1/fastq/ERR531/006/ERR5311116/ERR5311116_1.fastq.gz;ftp.sra.ebi.ac.uk/vol1/fastq/ERR531/006/ERR5311116/ERR5311116_2.fastq.gz	ftp.sra.ebi.ac.uk/vol1/run/ERR531/ERR5311116/33226_5#12.cram;ftp.sra.ebi.ac.uk/vol1/run/ERR531/ERR5311116/33226_5#12.cram.crai	
ERR5311117	PRJEB30134	SAMEA6450927	ERX5100520	562	Escherichia coli	ftp.sra.ebi.ac.uk/vol1/fastq/ERR531/007/ERR5311117/ERR5311117_1.fastq.gz;ftp.sra.ebi.ac.uk/vol1/fastq/ERR531/007/ERR5311117/ERR5311117_2.fastq.gz	ftp.sra.ebi.ac.uk/vol1/run/ERR531/ERR5311117/33226_5#13.cram;ftp.sra.ebi.ac.uk/vol1/run/ERR531/ERR5311117/33226_5#13.cram.crai	
ERR5311118	PRJEB30134	SAMEA6450715	ERX5100521	562	Escherichia coli	ftp.sra.ebi.ac.uk/vol1/fastq/ERR531/008/ERR5311118/ERR5311118_1.fastq.gz;ftp.sra.ebi.ac.uk/vol1/fastq/ERR531/008/ERR5311118/ERR5311118_2.fastq.gz	ftp.sra.ebi.ac.uk/vol1/run/ERR531/ERR5311118/33226_5#14.cram;ftp.sra.ebi.ac.uk/vol1/run/ERR531/ERR5311118/33226_5#14.cram.crai	
ERR5311119	PRJEB30134	SAMEA6450931	ERX5100522	562	Escherichia coli	ftp.sra.ebi.ac.uk/vol1/fastq/ERR531/009/ERR5311119/ERR5311119_1.fastq.gz;ftp.sra.ebi.ac.uk/vol1/fastq/ERR531/009/ERR5311119/ERR5311119_2.fastq.gz	ftp.sra.ebi.ac.uk/vol1/run/ERR531/ERR5311119/33226_5#15.cram;ftp.sra.ebi.ac.uk/vol1/run/ERR531/ERR5311119/33226_5#15.cram.crai	
ERR5311120	PRJEB30134	SAMEA6450714	ERX5100523	562	Escherichia coli	ftp.sra.ebi.ac.uk/vol1/fastq/ERR531/000/ERR5311120/ERR5311120_1.fastq.gz;ftp.sra.ebi.ac.uk/vol1/fastq/ERR531/000/ERR5311120/ERR5311120_2.fastq.gz	ftp.sra.ebi.ac.uk/vol1/run/ERR531/ERR5311120/33226_5#16.cram;ftp.sra.ebi.ac.uk/vol1/run/ERR531/ERR5311120/33226_5#16.cram.crai	
ERR5311123	PRJEB30134	SAMEA6450725	ERX5100526	562	Escherichia coli	ftp.sra.ebi.ac.uk/vol1/fastq/ERR531/003/ERR5311123/ERR5311123_1.fastq.gz;ftp.sra.ebi.ac.uk/vol1/fastq/ERR531/003/ERR5311123/ERR5311123_2.fastq.gz	ftp.sra.ebi.ac.uk/vol1/run/ERR531/ERR5311123/33226_5#19.cram;ftp.sra.ebi.ac.uk/vol1/run/ERR531/ERR5311123/33226_5#19.cram.crai	
ERR5311124	PRJEB30134	SAMEA6450933	ERX5100527	562	Escherichia coli	ftp.sra.ebi.ac.uk/vol1/fastq/ERR531/004/ERR5311124/ERR5311124_1.fastq.gz;ftp.sra.ebi.ac.uk/vol1/fastq/ERR531/004/ERR5311124/ERR5311124_2.fastq.gz	ftp.sra.ebi.ac.uk/vol1/run/ERR531/ERR5311124/33226_5#20.cram;ftp.sra.ebi.ac.uk/vol1/run/ERR531/ERR5311124/33226_5#20.cram.crai	
ERR5311126	PRJEB30134	SAMEA6450938	ERX5100529	562	Escherichia coli	ftp.sra.ebi.ac.uk/vol1/fastq/ERR531/006/ERR5311126/ERR5311126_1.fastq.gz;ftp.sra.ebi.ac.uk/vol1/fastq/ERR531/006/ERR5311126/ERR5311126_2.fastq.gz	ftp.sra.ebi.ac.uk/vol1/run/ERR531/ERR5311126/33226_5#22.cram;ftp.sra.ebi.ac.uk/vol1/run/ERR531/ERR5311126/33226_5#22.cram.crai	
ERR5311128	PRJEB30134	SAMEA6450936	ERX5100531	562	Escherichia coli	ftp.sra.ebi.ac.uk/vol1/fastq/ERR531/008/ERR5311128/ERR5311128_1.fastq.gz;ftp.sra.ebi.ac.uk/vol1/fastq/ERR531/008/ERR5311128/ERR5311128_2.fastq.gz	ftp.sra.ebi.ac.uk/vol1/run/ERR531/ERR5311128/33226_5#24.cram;ftp.sra.ebi.ac.uk/vol1/run/ERR531/ERR5311128/33226_5#24.cram.crai	
ERR5311130	PRJEB30134	SAMEA6450937	ERX5100533	562	Escherichia coli	ftp.sra.ebi.ac.uk/vol1/fastq/ERR531/000/ERR5311130/ERR5311130_1.fastq.gz;ftp.sra.ebi.ac.uk/vol1/fastq/ERR531/000/ERR5311130/ERR5311130_2.fastq.gz	ftp.sra.ebi.ac.uk/vol1/run/ERR531/ERR5311130/33226_5#26.cram;ftp.sra.ebi.ac.uk/vol1/run/ERR531/ERR5311130/33226_5#26.cram.crai	
ERR5311132	PRJEB30134	SAMEA6450934	ERX5100535	562	Escherichia coli	ftp.sra.ebi.ac.uk/vol1/fastq/ERR531/002/ERR5311132/ERR5311132_1.fastq.gz;ftp.sra.ebi.ac.uk/vol1/fastq/ERR531/002/ERR5311132/ERR5311132_2.fastq.gz	ftp.sra.ebi.ac.uk/vol1/run/ERR531/ERR5311132/33226_5#28.cram;ftp.sra.ebi.ac.uk/vol1/run/ERR531/ERR5311132/33226_5#28.cram.crai	
ERR5311145	PRJEB30134	SAMEA6450776	ERX5100548	562	Escherichia coli	ftp.sra.ebi.ac.uk/vol1/fastq/ERR531/005/ERR5311145/ERR5311145_1.fastq.gz;ftp.sra.ebi.ac.uk/vol1/fastq/ERR531/005/ERR5311145/ERR5311145_2.fastq.gz	ftp.sra.ebi.ac.uk/vol1/run/ERR531/ERR5311145/33226_5#41.cram;ftp.sra.ebi.ac.uk/vol1/run/ERR531/ERR5311145/33226_5#41.cram.crai	
ERR5311149	PRJEB30134	SAMEA6450973	ERX5100552	562	Escherichia coli	ftp.sra.ebi.ac.uk/vol1/fastq/ERR531/009/ERR5311149/ERR5311149_1.fastq.gz;ftp.sra.ebi.ac.uk/vol1/fastq/ERR531/009/ERR5311149/ERR5311149_2.fastq.gz	ftp.sra.ebi.ac.uk/vol1/run/ERR531/ERR5311149/33226_5#45.cram;ftp.sra.ebi.ac.uk/vol1/run/ERR531/ERR5311149/33226_5#45.cram.crai	
ERR5311151	PRJEB30134	SAMEA6450970	ERX5100554	562	Escherichia coli	ftp.sra.ebi.ac.uk/vol1/fastq/ERR531/001/ERR5311151/ERR5311151_1.fastq.gz;ftp.sra.ebi.ac.uk/vol1/fastq/ERR531/001/ERR5311151/ERR5311151_2.fastq.gz	ftp.sra.ebi.ac.uk/vol1/run/ERR531/ERR5311151/33226_5#47.cram;ftp.sra.ebi.ac.uk/vol1/run/ERR531/ERR5311151/33226_5#47.cram.crai	
ERR5311153	PRJEB30134	SAMEA6450974	ERX5100556	562	Escherichia coli	ftp.sra.ebi.ac.uk/vol1/fastq/ERR531/003/ERR5311153/ERR5311153_1.fastq.gz;ftp.sra.ebi.ac.uk/vol1/fastq/ERR531/003/ERR5311153/ERR5311153_2.fastq.gz	ftp.sra.ebi.ac.uk/vol1/run/ERR531/ERR5311153/33226_5#49.cram;ftp.sra.ebi.ac.uk/vol1/run/ERR531/ERR5311153/33226_5#49.cram.crai	
ERR5311155	PRJEB30134	SAMEA6450971	ERX5100558	562	Escherichia coli	ftp.sra.ebi.ac.uk/vol1/fastq/ERR531/005/ERR5311155/ERR5311155_1.fastq.gz;ftp.sra.ebi.ac.uk/vol1/fastq/ERR531/005/ERR5311155/ERR5311155_2.fastq.gz	ftp.sra.ebi.ac.uk/vol1/run/ERR531/ERR5311155/33226_5#51.cram;ftp.sra.ebi.ac.uk/vol1/run/ERR531/ERR5311155/33226_5#51.cram.crai	
ERR5311163	PRJEB30134	SAMEA6450798	ERX5100566	562	Escherichia coli	ftp.sra.ebi.ac.uk/vol1/fastq/ERR531/003/ERR5311163/ERR5311163_1.fastq.gz;ftp.sra.ebi.ac.uk/vol1/fastq/ERR531/003/ERR5311163/ERR5311163_2.fastq.gz	ftp.sra.ebi.ac.uk/vol1/run/ERR531/ERR5311163/33226_5#59.cram;ftp.sra.ebi.ac.uk/vol1/run/ERR531/ERR5311163/33226_5#59.cram.crai	
ERR5311166	PRJEB30134	SAMEA6450980	ERX5100569	562	Escherichia coli	ftp.sra.ebi.ac.uk/vol1/fastq/ERR531/006/ERR5311166/ERR5311166_1.fastq.gz;ftp.sra.ebi.ac.uk/vol1/fastq/ERR531/006/ERR5311166/ERR5311166_2.fastq.gz	ftp.sra.ebi.ac.uk/vol1/run/ERR531/ERR5311166/33226_5#62.cram;ftp.sra.ebi.ac.uk/vol1/run/ERR531/ERR5311166/33226_5#62.cram.crai	
ERR5311168	PRJEB30134	SAMEA6450978	ERX5100571	562	Escherichia coli	ftp.sra.ebi.ac.uk/vol1/fastq/ERR531/008/ERR5311168/ERR5311168_1.fastq.gz;ftp.sra.ebi.ac.uk/vol1/fastq/ERR531/008/ERR5311168/ERR5311168_2.fastq.gz	ftp.sra.ebi.ac.uk/vol1/run/ERR531/ERR5311168/33226_5#64.cram;ftp.sra.ebi.ac.uk/vol1/run/ERR531/ERR5311168/33226_5#64.cram.crai	
ERR5311169	PRJEB30134	SAMEA6450801	ERX5100572	562	Escherichia coli	ftp.sra.ebi.ac.uk/vol1/fastq/ERR531/009/ERR5311169/ERR5311169_1.fastq.gz;ftp.sra.ebi.ac.uk/vol1/fastq/ERR531/009/ERR5311169/ERR5311169_2.fastq.gz	ftp.sra.ebi.ac.uk/vol1/run/ERR531/ERR5311169/33226_5#65.cram;ftp.sra.ebi.ac.uk/vol1/run/ERR531/ERR5311169/33226_5#65.cram.crai	
ERR5311176	PRJEB30134	SAMEA6450941	ERX5100579	562	Escherichia coli	ftp.sra.ebi.ac.uk/vol1/fastq/ERR531/006/ERR5311176/ERR5311176_1.fastq.gz;ftp.sra.ebi.ac.uk/vol1/fastq/ERR531/006/ERR5311176/ERR5311176_2.fastq.gz	ftp.sra.ebi.ac.uk/vol1/run/ERR531/ERR5311176/33226_5#72.cram;ftp.sra.ebi.ac.uk/vol1/run/ERR531/ERR5311176/33226_5#72.cram.crai	
ERR5311177	PRJEB30134	SAMEA6450811	ERX5100580	562	Escherichia coli	ftp.sra.ebi.ac.uk/vol1/fastq/ERR531/007/ERR5311177/ERR5311177_1.fastq.gz;ftp.sra.ebi.ac.uk/vol1/fastq/ERR531/007/ERR5311177/ERR5311177_2.fastq.gz	ftp.sra.ebi.ac.uk/vol1/run/ERR531/ERR5311177/33226_5#73.cram;ftp.sra.ebi.ac.uk/vol1/run/ERR531/ERR5311177/33226_5#73.cram.crai	
ERR5311178	PRJEB30134	SAMEA6450947	ERX5100581	562	Escherichia coli	ftp.sra.ebi.ac.uk/vol1/fastq/ERR531/008/ERR5311178/ERR5311178_1.fastq.gz;ftp.sra.ebi.ac.uk/vol1/fastq/ERR531/008/ERR5311178/ERR5311178_2.fastq.gz	ftp.sra.ebi.ac.uk/vol1/run/ERR531/ERR5311178/33226_5#74.cram;ftp.sra.ebi.ac.uk/vol1/run/ERR531/ERR5311178/33226_5#74.cram.crai	
ERR5311180	PRJEB30134	SAMEA6450946	ERX5100583	562	Escherichia coli	ftp.sra.ebi.ac.uk/vol1/fastq/ERR531/000/ERR5311180/ERR5311180_1.fastq.gz;ftp.sra.ebi.ac.uk/vol1/fastq/ERR531/000/ERR5311180/ERR5311180_2.fastq.gz	ftp.sra.ebi.ac.uk/vol1/run/ERR531/ERR5311180/33226_5#76.cram;ftp.sra.ebi.ac.uk/vol1/run/ERR531/ERR5311180/33226_5#76.cram.crai	
ERR5311181	PRJEB30134	SAMEA6450815	ERX5100584	562	Escherichia coli	ftp.sra.ebi.ac.uk/vol1/fastq/ERR531/001/ERR5311181/ERR5311181_1.fastq.gz;ftp.sra.ebi.ac.uk/vol1/fastq/ERR531/001/ERR5311181/ERR5311181_2.fastq.gz	ftp.sra.ebi.ac.uk/vol1/run/ERR531/ERR5311181/33226_5#77.cram;ftp.sra.ebi.ac.uk/vol1/run/ERR531/ERR5311181/33226_5#77.cram.crai	
ERR5311186	PRJEB30134	SAMEA6450949	ERX5100589	562	Escherichia coli	ftp.sra.ebi.ac.uk/vol1/fastq/ERR531/006/ERR5311186/ERR5311186_1.fastq.gz;ftp.sra.ebi.ac.uk/vol1/fastq/ERR531/006/ERR5311186/ERR5311186_2.fastq.gz	ftp.sra.ebi.ac.uk/vol1/run/ERR531/ERR5311186/33226_5#82.cram;ftp.sra.ebi.ac.uk/vol1/run/ERR531/ERR5311186/33226_5#82.cram.crai	
ERR5311195	PRJEB30134	SAMEA6450953	ERX5100598	562	Escherichia coli	ftp.sra.ebi.ac.uk/vol1/fastq/ERR531/005/ERR5311195/ERR5311195_1.fastq.gz;ftp.sra.ebi.ac.uk/vol1/fastq/ERR531/005/ERR5311195/ERR5311195_2.fastq.gz	ftp.sra.ebi.ac.uk/vol1/run/ERR531/ERR5311195/33226_5#91.cram;ftp.sra.ebi.ac.uk/vol1/run/ERR531/ERR5311195/33226_5#91.cram.crai	
ERR5311198	PRJEB30134	SAMEA6450835	ERX5100601	562	Escherichia coli	ftp.sra.ebi.ac.uk/vol1/fastq/ERR531/008/ERR5311198/ERR5311198_1.fastq.gz;ftp.sra.ebi.ac.uk/vol1/fastq/ERR531/008/ERR5311198/ERR5311198_2.fastq.gz	ftp.sra.ebi.ac.uk/vol1/run/ERR531/ERR5311198/33226_5#94.cram;ftp.sra.ebi.ac.uk/vol1/run/ERR531/ERR5311198/33226_5#94.cram.crai	
ERR5311199	PRJEB30134	SAMEA6450957	ERX5100602	562	Escherichia coli	ftp.sra.ebi.ac.uk/vol1/fastq/ERR531/009/ERR5311199/ERR5311199_1.fastq.gz;ftp.sra.ebi.ac.uk/vol1/fastq/ERR531/009/ERR5311199/ERR5311199_2.fastq.gz	ftp.sra.ebi.ac.uk/vol1/run/ERR531/ERR5311199/33226_5#95.cram;ftp.sra.ebi.ac.uk/vol1/run/ERR531/ERR5311199/33226_5#95.cram.crai	
ERR5311200	PRJEB30134	SAMEA6450836	ERX5100603	562	Escherichia coli	ftp.sra.ebi.ac.uk/vol1/fastq/ERR531/000/ERR5311200/ERR5311200_1.fastq.gz;ftp.sra.ebi.ac.uk/vol1/fastq/ERR531/000/ERR5311200/ERR5311200_2.fastq.gz	ftp.sra.ebi.ac.uk/vol1/run/ERR531/ERR5311200/33226_5#96.cram;ftp.sra.ebi.ac.uk/vol1/run/ERR531/ERR5311200/33226_5#96.cram.crai	
ERR5311201	PRJEB30134	SAMEA6450954	ERX5100604	562	Escherichia coli	ftp.sra.ebi.ac.uk/vol1/fastq/ERR531/001/ERR5311201/ERR5311201_1.fastq.gz;ftp.sra.ebi.ac.uk/vol1/fastq/ERR531/001/ERR5311201/ERR5311201_2.fastq.gz	ftp.sra.ebi.ac.uk/vol1/run/ERR531/ERR5311201/33226_5#97.cram;ftp.sra.ebi.ac.uk/vol1/run/ERR531/ERR5311201/33226_5#97.cram.crai	
ERR5311202	PRJEB30134	SAMEA6450839	ERX5100605	562	Escherichia coli	ftp.sra.ebi.ac.uk/vol1/fastq/ERR531/002/ERR5311202/ERR5311202_1.fastq.gz;ftp.sra.ebi.ac.uk/vol1/fastq/ERR531/002/ERR5311202/ERR5311202_2.fastq.gz	ftp.sra.ebi.ac.uk/vol1/run/ERR531/ERR5311202/33226_5#98.cram;ftp.sra.ebi.ac.uk/vol1/run/ERR531/ERR5311202/33226_5#98.cram.crai	
ERR5311203	PRJEB30134	SAMEA6450962	ERX5100606	562	Escherichia coli	ftp.sra.ebi.ac.uk/vol1/fastq/ERR531/003/ERR5311203/ERR5311203_1.fastq.gz;ftp.sra.ebi.ac.uk/vol1/fastq/ERR531/003/ERR5311203/ERR5311203_2.fastq.gz	ftp.sra.ebi.ac.uk/vol1/run/ERR531/ERR5311203/33226_5#99.cram;ftp.sra.ebi.ac.uk/vol1/run/ERR531/ERR5311203/33226_5#99.cram.crai	
ERR5311204	PRJEB30134	SAMEA6450838	ERX5100607	562	Escherichia coli	ftp.sra.ebi.ac.uk/vol1/fastq/ERR531/004/ERR5311204/ERR5311204_1.fastq.gz;ftp.sra.ebi.ac.uk/vol1/fastq/ERR531/004/ERR5311204/ERR5311204_2.fastq.gz	ftp.sra.ebi.ac.uk/vol1/run/ERR531/ERR5311204/33226_5#100.cram;ftp.sra.ebi.ac.uk/vol1/run/ERR531/ERR5311204/33226_5#100.cram.crai	
ERR5311205	PRJEB30134	SAMEA6450841	ERX5100608	562	Escherichia coli	ftp.sra.ebi.ac.uk/vol1/fastq/ERR531/005/ERR5311205/ERR5311205_1.fastq.gz;ftp.sra.ebi.ac.uk/vol1/fastq/ERR531/005/ERR5311205/ERR5311205_2.fastq.gz	ftp.sra.ebi.ac.uk/vol1/run/ERR531/ERR5311205/33226_5#101.cram;ftp.sra.ebi.ac.uk/vol1/run/ERR531/ERR5311205/33226_5#101.cram.crai	
ERR5311206	PRJEB30134	SAMEA6450958	ERX5100609	562	Escherichia coli	ftp.sra.ebi.ac.uk/vol1/fastq/ERR531/006/ERR5311206/ERR5311206_1.fastq.gz;ftp.sra.ebi.ac.uk/vol1/fastq/ERR531/006/ERR5311206/ERR5311206_2.fastq.gz	ftp.sra.ebi.ac.uk/vol1/run/ERR531/ERR5311206/33226_5#102.cram;ftp.sra.ebi.ac.uk/vol1/run/ERR531/ERR5311206/33226_5#102.cram.crai	
ERR5311208	PRJEB30134	SAMEA6450959	ERX5100611	562	Escherichia coli	ftp.sra.ebi.ac.uk/vol1/fastq/ERR531/008/ERR5311208/ERR5311208_1.fastq.gz;ftp.sra.ebi.ac.uk/vol1/fastq/ERR531/008/ERR5311208/ERR5311208_2.fastq.gz	ftp.sra.ebi.ac.uk/vol1/run/ERR531/ERR5311208/33226_5#104.cram;ftp.sra.ebi.ac.uk/vol1/run/ERR531/ERR5311208/33226_5#104.cram.crai	
ERR5311209	PRJEB30134	SAMEA6450847	ERX5100612	562	Escherichia coli	ftp.sra.ebi.ac.uk/vol1/fastq/ERR531/009/ERR5311209/ERR5311209_1.fastq.gz;ftp.sra.ebi.ac.uk/vol1/fastq/ERR531/009/ERR5311209/ERR5311209_2.fastq.gz	ftp.sra.ebi.ac.uk/vol1/run/ERR531/ERR5311209/33226_5#105.cram;ftp.sra.ebi.ac.uk/vol1/run/ERR531/ERR5311209/33226_5#105.cram.crai	
ERR5311216	PRJEB30134	SAMEA6450985	ERX5100619	562	Escherichia coli	ftp.sra.ebi.ac.uk/vol1/fastq/ERR531/006/ERR5311216/ERR5311216_1.fastq.gz;ftp.sra.ebi.ac.uk/vol1/fastq/ERR531/006/ERR5311216/ERR5311216_2.fastq.gz	ftp.sra.ebi.ac.uk/vol1/run/ERR531/ERR5311216/33226_5#112.cram;ftp.sra.ebi.ac.uk/vol1/run/ERR531/ERR5311216/33226_5#112.cram.crai	
ERR5311217	PRJEB30134	SAMEA6450856	ERX5100620	562	Escherichia coli	ftp.sra.ebi.ac.uk/vol1/fastq/ERR531/007/ERR5311217/ERR5311217_1.fastq.gz;ftp.sra.ebi.ac.uk/vol1/fastq/ERR531/007/ERR5311217/ERR5311217_2.fastq.gz	ftp.sra.ebi.ac.uk/vol1/run/ERR531/ERR5311217/33226_5#113.cram;ftp.sra.ebi.ac.uk/vol1/run/ERR531/ERR5311217/33226_5#113.cram.crai	
ERR5311219	PRJEB30134	SAMEA6450861	ERX5100622	562	Escherichia coli	ftp.sra.ebi.ac.uk/vol1/fastq/ERR531/009/ERR5311219/ERR5311219_1.fastq.gz;ftp.sra.ebi.ac.uk/vol1/fastq/ERR531/009/ERR5311219/ERR5311219_2.fastq.gz	ftp.sra.ebi.ac.uk/vol1/run/ERR531/ERR5311219/33226_5#115.cram;ftp.sra.ebi.ac.uk/vol1/run/ERR531/ERR5311219/33226_5#115.cram.crai	
ERR5311221	PRJEB30134	SAMEA6450862	ERX5100624	562	Escherichia coli	ftp.sra.ebi.ac.uk/vol1/fastq/ERR531/001/ERR5311221/ERR5311221_1.fastq.gz;ftp.sra.ebi.ac.uk/vol1/fastq/ERR531/001/ERR5311221/ERR5311221_2.fastq.gz	ftp.sra.ebi.ac.uk/vol1/run/ERR531/ERR5311221/33226_5#117.cram;ftp.sra.ebi.ac.uk/vol1/run/ERR531/ERR5311221/33226_5#117.cram.crai	
ERR5311222	PRJEB30134	SAMEA6450990	ERX5100625	562	Escherichia coli	ftp.sra.ebi.ac.uk/vol1/fastq/ERR531/002/ERR5311222/ERR5311222_1.fastq.gz;ftp.sra.ebi.ac.uk/vol1/fastq/ERR531/002/ERR5311222/ERR5311222_2.fastq.gz	ftp.sra.ebi.ac.uk/vol1/run/ERR531/ERR5311222/33226_5#118.cram;ftp.sra.ebi.ac.uk/vol1/run/ERR531/ERR5311222/33226_5#118.cram.crai	
ERR5311224	PRJEB30134	SAMEA6450988	ERX5100627	562	Escherichia coli	ftp.sra.ebi.ac.uk/vol1/fastq/ERR531/004/ERR5311224/ERR5311224_1.fastq.gz;ftp.sra.ebi.ac.uk/vol1/fastq/ERR531/004/ERR5311224/ERR5311224_2.fastq.gz	ftp.sra.ebi.ac.uk/vol1/run/ERR531/ERR5311224/33226_5#120.cram;ftp.sra.ebi.ac.uk/vol1/run/ERR531/ERR5311224/33226_5#120.cram.crai	
ERR5311230	PRJEB30134	SAMEA6450993	ERX5100633	562	Escherichia coli	ftp.sra.ebi.ac.uk/vol1/fastq/ERR531/000/ERR5311230/ERR5311230_1.fastq.gz;ftp.sra.ebi.ac.uk/vol1/fastq/ERR531/000/ERR5311230/ERR5311230_2.fastq.gz	ftp.sra.ebi.ac.uk/vol1/run/ERR531/ERR5311230/33226_5#126.cram;ftp.sra.ebi.ac.uk/vol1/run/ERR531/ERR5311230/33226_5#126.cram.crai	
ERR5311237	PRJEB30134	SAMEA6450996	ERX5100640	562	Escherichia coli	ftp.sra.ebi.ac.uk/vol1/fastq/ERR531/007/ERR5311237/ERR5311237_1.fastq.gz;ftp.sra.ebi.ac.uk/vol1/fastq/ERR531/007/ERR5311237/ERR5311237_2.fastq.gz	ftp.sra.ebi.ac.uk/vol1/run/ERR531/ERR5311237/33226_5#133.cram;ftp.sra.ebi.ac.uk/vol1/run/ERR531/ERR5311237/33226_5#133.cram.crai	
ERR5311243	PRJEB30134	SAMEA6451001	ERX5100646	562	Escherichia coli	ftp.sra.ebi.ac.uk/vol1/fastq/ERR531/003/ERR5311243/ERR5311243_1.fastq.gz;ftp.sra.ebi.ac.uk/vol1/fastq/ERR531/003/ERR5311243/ERR5311243_2.fastq.gz	ftp.sra.ebi.ac.uk/vol1/run/ERR531/ERR5311243/33226_5#139.cram;ftp.sra.ebi.ac.uk/vol1/run/ERR531/ERR5311243/33226_5#139.cram.crai	
ERR5311248	PRJEB30134	SAMEA6451004	ERX5100651	562	Escherichia coli	ftp.sra.ebi.ac.uk/vol1/fastq/ERR531/008/ERR5311248/ERR5311248_1.fastq.gz;ftp.sra.ebi.ac.uk/vol1/fastq/ERR531/008/ERR5311248/ERR5311248_2.fastq.gz	ftp.sra.ebi.ac.uk/vol1/run/ERR531/ERR5311248/33226_5#144.cram;ftp.sra.ebi.ac.uk/vol1/run/ERR531/ERR5311248/33226_5#144.cram.crai	
ERR5311254	PRJEB30134	SAMEA6451008	ERX5100657	562	Escherichia coli	ftp.sra.ebi.ac.uk/vol1/fastq/ERR531/004/ERR5311254/ERR5311254_1.fastq.gz;ftp.sra.ebi.ac.uk/vol1/fastq/ERR531/004/ERR5311254/ERR5311254_2.fastq.gz	ftp.sra.ebi.ac.uk/vol1/run/ERR531/ERR5311254/33226_5#150.cram;ftp.sra.ebi.ac.uk/vol1/run/ERR531/ERR5311254/33226_5#150.cram.crai	
ERR5311255	PRJEB30134	SAMEA6450888	ERX5100658	562	Escherichia coli	ftp.sra.ebi.ac.uk/vol1/fastq/ERR531/005/ERR5311255/ERR5311255_1.fastq.gz;ftp.sra.ebi.ac.uk/vol1/fastq/ERR531/005/ERR5311255/ERR5311255_2.fastq.gz	ftp.sra.ebi.ac.uk/vol1/run/ERR531/ERR5311255/33226_5#151.cram;ftp.sra.ebi.ac.uk/vol1/run/ERR531/ERR5311255/33226_5#151.cram.crai	
ERR5311259	PRJEB30134	SAMEA6450891	ERX5100662	562	Escherichia coli	ftp.sra.ebi.ac.uk/vol1/fastq/ERR531/009/ERR5311259/ERR5311259_1.fastq.gz;ftp.sra.ebi.ac.uk/vol1/fastq/ERR531/009/ERR5311259/ERR5311259_2.fastq.gz	ftp.sra.ebi.ac.uk/vol1/run/ERR531/ERR5311259/33226_5#155.cram;ftp.sra.ebi.ac.uk/vol1/run/ERR531/ERR5311259/33226_5#155.cram.crai	
ERR5311261	PRJEB30134	SAMEA6450889	ERX5100664	562	Escherichia coli	ftp.sra.ebi.ac.uk/vol1/fastq/ERR531/001/ERR5311261/ERR5311261_1.fastq.gz;ftp.sra.ebi.ac.uk/vol1/fastq/ERR531/001/ERR5311261/ERR5311261_2.fastq.gz	ftp.sra.ebi.ac.uk/vol1/run/ERR531/ERR5311261/33226_5#157.cram;ftp.sra.ebi.ac.uk/vol1/run/ERR531/ERR5311261/33226_5#157.cram.crai	
ERR5311263	PRJEB30134	SAMEA6450895	ERX5100666	562	Escherichia coli	ftp.sra.ebi.ac.uk/vol1/fastq/ERR531/003/ERR5311263/ERR5311263_1.fastq.gz;ftp.sra.ebi.ac.uk/vol1/fastq/ERR531/003/ERR5311263/ERR5311263_2.fastq.gz	ftp.sra.ebi.ac.uk/vol1/run/ERR531/ERR5311263/33226_5#159.cram;ftp.sra.ebi.ac.uk/vol1/run/ERR531/ERR5311263/33226_5#159.cram.crai	
ERR5311266	PRJEB30134	SAMEA6451012	ERX5100669	562	Escherichia coli	ftp.sra.ebi.ac.uk/vol1/fastq/ERR531/006/ERR5311266/ERR5311266_1.fastq.gz;ftp.sra.ebi.ac.uk/vol1/fastq/ERR531/006/ERR5311266/ERR5311266_2.fastq.gz	ftp.sra.ebi.ac.uk/vol1/run/ERR531/ERR5311266/33226_5#162.cram;ftp.sra.ebi.ac.uk/vol1/run/ERR531/ERR5311266/33226_5#162.cram.crai	
ERR5311267	PRJEB30134	SAMEA6450894	ERX5100670	562	Escherichia coli	ftp.sra.ebi.ac.uk/vol1/fastq/ERR531/007/ERR5311267/ERR5311267_1.fastq.gz;ftp.sra.ebi.ac.uk/vol1/fastq/ERR531/007/ERR5311267/ERR5311267_2.fastq.gz	ftp.sra.ebi.ac.uk/vol1/run/ERR531/ERR5311267/33226_5#163.cram;ftp.sra.ebi.ac.uk/vol1/run/ERR531/ERR5311267/33226_5#163.cram.crai	
ERR5311276	PRJEB30134	SAMEA6450897	ERX5100679	562	Escherichia coli	ftp.sra.ebi.ac.uk/vol1/fastq/ERR531/006/ERR5311276/ERR5311276_1.fastq.gz;ftp.sra.ebi.ac.uk/vol1/fastq/ERR531/006/ERR5311276/ERR5311276_2.fastq.gz	ftp.sra.ebi.ac.uk/vol1/run/ERR531/ERR5311276/33226_5#172.cram;ftp.sra.ebi.ac.uk/vol1/run/ERR531/ERR5311276/33226_5#172.cram.crai	
ERR5311282	PRJEB30134	SAMEA6450907	ERX5100685	562	Escherichia coli	ftp.sra.ebi.ac.uk/vol1/fastq/ERR531/002/ERR5311282/ERR5311282_1.fastq.gz;ftp.sra.ebi.ac.uk/vol1/fastq/ERR531/002/ERR5311282/ERR5311282_2.fastq.gz	ftp.sra.ebi.ac.uk/vol1/run/ERR531/ERR5311282/33226_5#178.cram;ftp.sra.ebi.ac.uk/vol1/run/ERR531/ERR5311282/33226_5#178.cram.crai	
ERR5311284	PRJEB30134	SAMEA6450905	ERX5100687	562	Escherichia coli	ftp.sra.ebi.ac.uk/vol1/fastq/ERR531/004/ERR5311284/ERR5311284_1.fastq.gz;ftp.sra.ebi.ac.uk/vol1/fastq/ERR531/004/ERR5311284/ERR5311284_2.fastq.gz	ftp.sra.ebi.ac.uk/vol1/run/ERR531/ERR5311284/33226_5#180.cram;ftp.sra.ebi.ac.uk/vol1/run/ERR531/ERR5311284/33226_5#180.cram.crai	
ERR5311286	PRJEB30134	SAMEA6450904	ERX5100689	562	Escherichia coli	ftp.sra.ebi.ac.uk/vol1/fastq/ERR531/006/ERR5311286/ERR5311286_1.fastq.gz;ftp.sra.ebi.ac.uk/vol1/fastq/ERR531/006/ERR5311286/ERR5311286_2.fastq.gz	ftp.sra.ebi.ac.uk/vol1/run/ERR531/ERR5311286/33226_5#182.cram;ftp.sra.ebi.ac.uk/vol1/run/ERR531/ERR5311286/33226_5#182.cram.crai	
ERR5311290	PRJEB30134	SAMEA6451029	ERX5100693	562	Escherichia coli	ftp.sra.ebi.ac.uk/vol1/fastq/ERR531/000/ERR5311290/ERR5311290_1.fastq.gz;ftp.sra.ebi.ac.uk/vol1/fastq/ERR531/000/ERR5311290/ERR5311290_2.fastq.gz	ftp.sra.ebi.ac.uk/vol1/run/ERR531/ERR5311290/33226_5#186.cram;ftp.sra.ebi.ac.uk/vol1/run/ERR531/ERR5311290/33226_5#186.cram.crai	
ERR5311291	PRJEB30134	SAMEA6450914	ERX5100694	562	Escherichia coli	ftp.sra.ebi.ac.uk/vol1/fastq/ERR531/001/ERR5311291/ERR5311291_1.fastq.gz;ftp.sra.ebi.ac.uk/vol1/fastq/ERR531/001/ERR5311291/ERR5311291_2.fastq.gz	ftp.sra.ebi.ac.uk/vol1/run/ERR531/ERR5311291/33226_5#187.cram;ftp.sra.ebi.ac.uk/vol1/run/ERR531/ERR5311291/33226_5#187.cram.crai	
ERR5311293	PRJEB30134	SAMEA6450912	ERX5100696	562	Escherichia coli	ftp.sra.ebi.ac.uk/vol1/fastq/ERR531/003/ERR5311293/ERR5311293_1.fastq.gz;ftp.sra.ebi.ac.uk/vol1/fastq/ERR531/003/ERR5311293/ERR5311293_2.fastq.gz	ftp.sra.ebi.ac.uk/vol1/run/ERR531/ERR5311293/33226_5#189.cram;ftp.sra.ebi.ac.uk/vol1/run/ERR531/ERR5311293/33226_5#189.cram.crai	
ERR5311296	PRJEB30134	SAMEA6451033	ERX5100699	562	Escherichia coli	ftp.sra.ebi.ac.uk/vol1/fastq/ERR531/006/ERR5311296/ERR5311296_1.fastq.gz;ftp.sra.ebi.ac.uk/vol1/fastq/ERR531/006/ERR5311296/ERR5311296_2.fastq.gz	ftp.sra.ebi.ac.uk/vol1/run/ERR531/ERR5311296/33226_5#192.cram;ftp.sra.ebi.ac.uk/vol1/run/ERR531/ERR5311296/33226_5#192.cram.crai	
ERR5386278	PRJEB30134	SAMEA6451143	ERX5171204	573	Klebsiella pneumoniae	ftp.sra.ebi.ac.uk/vol1/fastq/ERR538/008/ERR5386278/ERR5386278_1.fastq.gz;ftp.sra.ebi.ac.uk/vol1/fastq/ERR538/008/ERR5386278/ERR5386278_2.fastq.gz	ftp.sra.ebi.ac.uk/vol1/run/ERR538/ERR5386278/33431_1#2.cram;ftp.sra.ebi.ac.uk/vol1/run/ERR538/ERR5386278/33431_1#2.cram.crai	
ERR5386279	PRJEB30134	SAMEA6451035	ERX5171205	562	Escherichia coli	ftp.sra.ebi.ac.uk/vol1/fastq/ERR538/009/ERR5386279/ERR5386279_1.fastq.gz;ftp.sra.ebi.ac.uk/vol1/fastq/ERR538/009/ERR5386279/ERR5386279_2.fastq.gz	ftp.sra.ebi.ac.uk/vol1/run/ERR538/ERR5386279/33431_1#3.cram;ftp.sra.ebi.ac.uk/vol1/run/ERR538/ERR5386279/33431_1#3.cram.crai	
ERR5386282	PRJEB30134	SAMEA6451145	ERX5171208	550	Enterobacter cloacae	ftp.sra.ebi.ac.uk/vol1/fastq/ERR538/002/ERR5386282/ERR5386282_1.fastq.gz;ftp.sra.ebi.ac.uk/vol1/fastq/ERR538/002/ERR5386282/ERR5386282_2.fastq.gz	ftp.sra.ebi.ac.uk/vol1/run/ERR538/ERR5386282/33431_1#6.cram	
ERR5386283	PRJEB30134	SAMEA6451032	ERX5171209	562	Escherichia coli	ftp.sra.ebi.ac.uk/vol1/fastq/ERR538/003/ERR5386283/ERR5386283_1.fastq.gz;ftp.sra.ebi.ac.uk/vol1/fastq/ERR538/003/ERR5386283/ERR5386283_2.fastq.gz	ftp.sra.ebi.ac.uk/vol1/run/ERR538/ERR5386283/33431_1#7.cram;ftp.sra.ebi.ac.uk/vol1/run/ERR538/ERR5386283/33431_1#7.cram.crai	
ERR5386285	PRJEB30134	SAMEA6451036	ERX5171211	562	Escherichia coli	ftp.sra.ebi.ac.uk/vol1/fastq/ERR538/005/ERR5386285/ERR5386285_1.fastq.gz;ftp.sra.ebi.ac.uk/vol1/fastq/ERR538/005/ERR5386285/ERR5386285_2.fastq.gz	ftp.sra.ebi.ac.uk/vol1/run/ERR538/ERR5386285/33431_1#9.cram;ftp.sra.ebi.ac.uk/vol1/run/ERR538/ERR5386285/33431_1#9.cram.crai	
ERR5386292	PRJEB30134	SAMEA6451043	ERX5171218	562	Escherichia coli	ftp.sra.ebi.ac.uk/vol1/fastq/ERR538/002/ERR5386292/ERR5386292_1.fastq.gz;ftp.sra.ebi.ac.uk/vol1/fastq/ERR538/002/ERR5386292/ERR5386292_2.fastq.gz	ftp.sra.ebi.ac.uk/vol1/run/ERR538/ERR5386292/33431_1#16.cram;ftp.sra.ebi.ac.uk/vol1/run/ERR538/ERR5386292/33431_1#16.cram.crai	
ERR5386296	PRJEB30134	SAMEA6451044	ERX5171222	562	Escherichia coli	ftp.sra.ebi.ac.uk/vol1/fastq/ERR538/006/ERR5386296/ERR5386296_1.fastq.gz;ftp.sra.ebi.ac.uk/vol1/fastq/ERR538/006/ERR5386296/ERR5386296_2.fastq.gz	ftp.sra.ebi.ac.uk/vol1/run/ERR538/ERR5386296/33431_1#20.cram;ftp.sra.ebi.ac.uk/vol1/run/ERR538/ERR5386296/33431_1#20.cram.crai	
ERR5386297	PRJEB30134	SAMEA6451156	ERX5171223	562	Escherichia coli	ftp.sra.ebi.ac.uk/vol1/fastq/ERR538/007/ERR5386297/ERR5386297_1.fastq.gz;ftp.sra.ebi.ac.uk/vol1/fastq/ERR538/007/ERR5386297/ERR5386297_2.fastq.gz	ftp.sra.ebi.ac.uk/vol1/run/ERR538/ERR5386297/33431_1#21.cram;ftp.sra.ebi.ac.uk/vol1/run/ERR538/ERR5386297/33431_1#21.cram.crai	
ERR5386298	PRJEB30134	SAMEA6451041	ERX5171224	562	Escherichia coli	ftp.sra.ebi.ac.uk/vol1/fastq/ERR538/008/ERR5386298/ERR5386298_1.fastq.gz;ftp.sra.ebi.ac.uk/vol1/fastq/ERR538/008/ERR5386298/ERR5386298_2.fastq.gz	ftp.sra.ebi.ac.uk/vol1/run/ERR538/ERR5386298/33431_1#22.cram;ftp.sra.ebi.ac.uk/vol1/run/ERR538/ERR5386298/33431_1#22.cram.crai	
ERR5386312	PRJEB30134	SAMEA6451166	ERX5171238	562	Escherichia coli	ftp.sra.ebi.ac.uk/vol1/fastq/ERR538/002/ERR5386312/ERR5386312_1.fastq.gz;ftp.sra.ebi.ac.uk/vol1/fastq/ERR538/002/ERR5386312/ERR5386312_2.fastq.gz	ftp.sra.ebi.ac.uk/vol1/run/ERR538/ERR5386312/33431_1#36.cram;ftp.sra.ebi.ac.uk/vol1/run/ERR538/ERR5386312/33431_1#36.cram.crai	
ERR5386314	PRJEB30134	SAMEA6451162	ERX5171240	546	Citrobacter freundii	ftp.sra.ebi.ac.uk/vol1/fastq/ERR538/004/ERR5386314/ERR5386314_1.fastq.gz;ftp.sra.ebi.ac.uk/vol1/fastq/ERR538/004/ERR5386314/ERR5386314_2.fastq.gz	ftp.sra.ebi.ac.uk/vol1/run/ERR538/ERR5386314/33431_1#38.cram	
ERR5386316	PRJEB30134	SAMEA6451161	ERX5171242	562	Escherichia coli	ftp.sra.ebi.ac.uk/vol1/fastq/ERR538/006/ERR5386316/ERR5386316_1.fastq.gz;ftp.sra.ebi.ac.uk/vol1/fastq/ERR538/006/ERR5386316/ERR5386316_2.fastq.gz	ftp.sra.ebi.ac.uk/vol1/run/ERR538/ERR5386316/33431_1#40.cram;ftp.sra.ebi.ac.uk/vol1/run/ERR538/ERR5386316/33431_1#40.cram.crai	
ERR5386318	PRJEB30134	SAMEA6451164	ERX5171244	573	Klebsiella pneumoniae	ftp.sra.ebi.ac.uk/vol1/fastq/ERR538/008/ERR5386318/ERR5386318_1.fastq.gz;ftp.sra.ebi.ac.uk/vol1/fastq/ERR538/008/ERR5386318/ERR5386318_2.fastq.gz	ftp.sra.ebi.ac.uk/vol1/run/ERR538/ERR5386318/33431_1#42.cram;ftp.sra.ebi.ac.uk/vol1/run/ERR538/ERR5386318/33431_1#42.cram.crai	
ERR5386321	PRJEB30134	SAMEA6451056	ERX5171247	562	Escherichia coli	ftp.sra.ebi.ac.uk/vol1/fastq/ERR538/001/ERR5386321/ERR5386321_1.fastq.gz;ftp.sra.ebi.ac.uk/vol1/fastq/ERR538/001/ERR5386321/ERR5386321_2.fastq.gz	ftp.sra.ebi.ac.uk/vol1/run/ERR538/ERR5386321/33431_1#45.cram;ftp.sra.ebi.ac.uk/vol1/run/ERR538/ERR5386321/33431_1#45.cram.crai	
ERR5386322	PRJEB30134	SAMEA6451165	ERX5171248	573	Klebsiella pneumoniae	ftp.sra.ebi.ac.uk/vol1/fastq/ERR538/002/ERR5386322/ERR5386322_1.fastq.gz;ftp.sra.ebi.ac.uk/vol1/fastq/ERR538/002/ERR5386322/ERR5386322_2.fastq.gz	ftp.sra.ebi.ac.uk/vol1/run/ERR538/ERR5386322/33431_1#46.cram;ftp.sra.ebi.ac.uk/vol1/run/ERR538/ERR5386322/33431_1#46.cram.crai	
ERR5386326	PRJEB30134	SAMEA6451169	ERX5171252	562	Escherichia coli	ftp.sra.ebi.ac.uk/vol1/fastq/ERR538/006/ERR5386326/ERR5386326_1.fastq.gz;ftp.sra.ebi.ac.uk/vol1/fastq/ERR538/006/ERR5386326/ERR5386326_2.fastq.gz	ftp.sra.ebi.ac.uk/vol1/run/ERR538/ERR5386326/33431_1#50.cram;ftp.sra.ebi.ac.uk/vol1/run/ERR538/ERR5386326/33431_1#50.cram.crai	
ERR5386327	PRJEB30134	SAMEA6451068	ERX5171253	562	Escherichia coli	ftp.sra.ebi.ac.uk/vol1/fastq/ERR538/007/ERR5386327/ERR5386327_1.fastq.gz;ftp.sra.ebi.ac.uk/vol1/fastq/ERR538/007/ERR5386327/ERR5386327_2.fastq.gz	ftp.sra.ebi.ac.uk/vol1/run/ERR538/ERR5386327/33431_1#51.cram;ftp.sra.ebi.ac.uk/vol1/run/ERR538/ERR5386327/33431_1#51.cram.crai	
ERR5386329	PRJEB30134	SAMEA6451067	ERX5171255	562	Escherichia coli	ftp.sra.ebi.ac.uk/vol1/fastq/ERR538/009/ERR5386329/ERR5386329_1.fastq.gz;ftp.sra.ebi.ac.uk/vol1/fastq/ERR538/009/ERR5386329/ERR5386329_2.fastq.gz	ftp.sra.ebi.ac.uk/vol1/run/ERR538/ERR5386329/33431_1#53.cram;ftp.sra.ebi.ac.uk/vol1/run/ERR538/ERR5386329/33431_1#53.cram.crai	
ERR5386331	PRJEB30134	SAMEA6451069	ERX5171257	562	Escherichia coli	ftp.sra.ebi.ac.uk/vol1/fastq/ERR538/001/ERR5386331/ERR5386331_1.fastq.gz;ftp.sra.ebi.ac.uk/vol1/fastq/ERR538/001/ERR5386331/ERR5386331_2.fastq.gz	ftp.sra.ebi.ac.uk/vol1/run/ERR538/ERR5386331/33431_1#55.cram;ftp.sra.ebi.ac.uk/vol1/run/ERR538/ERR5386331/33431_1#55.cram.crai	
ERR5386337	PRJEB30134	SAMEA6451175	ERX5171263	573	Klebsiella pneumoniae	ftp.sra.ebi.ac.uk/vol1/fastq/ERR538/007/ERR5386337/ERR5386337_1.fastq.gz;ftp.sra.ebi.ac.uk/vol1/fastq/ERR538/007/ERR5386337/ERR5386337_2.fastq.gz	ftp.sra.ebi.ac.uk/vol1/run/ERR538/ERR5386337/33431_1#61.cram;ftp.sra.ebi.ac.uk/vol1/run/ERR538/ERR5386337/33431_1#61.cram.crai	
ERR5386338	PRJEB30134	SAMEA6451070	ERX5171264	562	Escherichia coli	ftp.sra.ebi.ac.uk/vol1/fastq/ERR538/008/ERR5386338/ERR5386338_1.fastq.gz;ftp.sra.ebi.ac.uk/vol1/fastq/ERR538/008/ERR5386338/ERR5386338_2.fastq.gz	ftp.sra.ebi.ac.uk/vol1/run/ERR538/ERR5386338/33431_1#62.cram;ftp.sra.ebi.ac.uk/vol1/run/ERR538/ERR5386338/33431_1#62.cram.crai	
ERR5386340	PRJEB30134	SAMEA6451073	ERX5171266	562	Escherichia coli	ftp.sra.ebi.ac.uk/vol1/fastq/ERR538/000/ERR5386340/ERR5386340_1.fastq.gz;ftp.sra.ebi.ac.uk/vol1/fastq/ERR538/000/ERR5386340/ERR5386340_2.fastq.gz	ftp.sra.ebi.ac.uk/vol1/run/ERR538/ERR5386340/33431_1#64.cram;ftp.sra.ebi.ac.uk/vol1/run/ERR538/ERR5386340/33431_1#64.cram.crai	
ERR5386341	PRJEB30134	SAMEA6451179	ERX5171267	573	Klebsiella pneumoniae	ftp.sra.ebi.ac.uk/vol1/fastq/ERR538/001/ERR5386341/ERR5386341_1.fastq.gz;ftp.sra.ebi.ac.uk/vol1/fastq/ERR538/001/ERR5386341/ERR5386341_2.fastq.gz	ftp.sra.ebi.ac.uk/vol1/run/ERR538/ERR5386341/33431_1#65.cram;ftp.sra.ebi.ac.uk/vol1/run/ERR538/ERR5386341/33431_1#65.cram.crai	
ERR5386345	PRJEB30134	SAMEA6451077	ERX5171271	562	Escherichia coli	ftp.sra.ebi.ac.uk/vol1/fastq/ERR538/005/ERR5386345/ERR5386345_1.fastq.gz;ftp.sra.ebi.ac.uk/vol1/fastq/ERR538/005/ERR5386345/ERR5386345_2.fastq.gz	ftp.sra.ebi.ac.uk/vol1/run/ERR538/ERR5386345/33431_1#69.cram;ftp.sra.ebi.ac.uk/vol1/run/ERR538/ERR5386345/33431_1#69.cram.crai	
ERR5386346	PRJEB30134	SAMEA6451177	ERX5171272	573	Klebsiella pneumoniae	ftp.sra.ebi.ac.uk/vol1/fastq/ERR538/006/ERR5386346/ERR5386346_1.fastq.gz;ftp.sra.ebi.ac.uk/vol1/fastq/ERR538/006/ERR5386346/ERR5386346_2.fastq.gz	ftp.sra.ebi.ac.uk/vol1/run/ERR538/ERR5386346/33431_1#70.cram;ftp.sra.ebi.ac.uk/vol1/run/ERR538/ERR5386346/33431_1#70.cram.crai	
ERR5386349	PRJEB30134	SAMEA6451078	ERX5171275	562	Escherichia coli	ftp.sra.ebi.ac.uk/vol1/fastq/ERR538/009/ERR5386349/ERR5386349_1.fastq.gz;ftp.sra.ebi.ac.uk/vol1/fastq/ERR538/009/ERR5386349/ERR5386349_2.fastq.gz	ftp.sra.ebi.ac.uk/vol1/run/ERR538/ERR5386349/33431_1#73.cram;ftp.sra.ebi.ac.uk/vol1/run/ERR538/ERR5386349/33431_1#73.cram.crai	
ERR5386358	PRJEB30134	SAMEA6451183	ERX5171284	571	Klebsiella oxytoca	ftp.sra.ebi.ac.uk/vol1/fastq/ERR538/008/ERR5386358/ERR5386358_1.fastq.gz;ftp.sra.ebi.ac.uk/vol1/fastq/ERR538/008/ERR5386358/ERR5386358_2.fastq.gz	ftp.sra.ebi.ac.uk/vol1/run/ERR538/ERR5386358/33431_1#82.cram	
ERR5386366	PRJEB30134	SAMEA6451190	ERX5171292	573	Klebsiella pneumoniae	ftp.sra.ebi.ac.uk/vol1/fastq/ERR538/006/ERR5386366/ERR5386366_1.fastq.gz;ftp.sra.ebi.ac.uk/vol1/fastq/ERR538/006/ERR5386366/ERR5386366_2.fastq.gz	ftp.sra.ebi.ac.uk/vol1/run/ERR538/ERR5386366/33431_1#90.cram;ftp.sra.ebi.ac.uk/vol1/run/ERR538/ERR5386366/33431_1#90.cram.crai	
ERR5386370	PRJEB30134	SAMEA6451193	ERX5171296	573	Klebsiella pneumoniae	ftp.sra.ebi.ac.uk/vol1/fastq/ERR538/000/ERR5386370/ERR5386370_1.fastq.gz;ftp.sra.ebi.ac.uk/vol1/fastq/ERR538/000/ERR5386370/ERR5386370_2.fastq.gz	ftp.sra.ebi.ac.uk/vol1/run/ERR538/ERR5386370/33431_1#94.cram;ftp.sra.ebi.ac.uk/vol1/run/ERR538/ERR5386370/33431_1#94.cram.crai	
ERR5386372	PRJEB30134	SAMEA6451191	ERX5171298	573	Klebsiella pneumoniae	ftp.sra.ebi.ac.uk/vol1/fastq/ERR538/002/ERR5386372/ERR5386372_1.fastq.gz;ftp.sra.ebi.ac.uk/vol1/fastq/ERR538/002/ERR5386372/ERR5386372_2.fastq.gz	ftp.sra.ebi.ac.uk/vol1/run/ERR538/ERR5386372/33431_1#96.cram;ftp.sra.ebi.ac.uk/vol1/run/ERR538/ERR5386372/33431_1#96.cram.crai	
ERR5386377	PRJEB30134	SAMEA6451195	ERX5171303	573	Klebsiella pneumoniae	ftp.sra.ebi.ac.uk/vol1/fastq/ERR538/007/ERR5386377/ERR5386377_1.fastq.gz;ftp.sra.ebi.ac.uk/vol1/fastq/ERR538/007/ERR5386377/ERR5386377_2.fastq.gz	ftp.sra.ebi.ac.uk/vol1/run/ERR538/ERR5386377/33431_1#101.cram;ftp.sra.ebi.ac.uk/vol1/run/ERR538/ERR5386377/33431_1#101.cram.crai	
ERR5386378	PRJEB30134	SAMEA6451093	ERX5171304	562	Escherichia coli	ftp.sra.ebi.ac.uk/vol1/fastq/ERR538/008/ERR5386378/ERR5386378_1.fastq.gz;ftp.sra.ebi.ac.uk/vol1/fastq/ERR538/008/ERR5386378/ERR5386378_2.fastq.gz	ftp.sra.ebi.ac.uk/vol1/run/ERR538/ERR5386378/33431_1#102.cram;ftp.sra.ebi.ac.uk/vol1/run/ERR538/ERR5386378/33431_1#102.cram.crai	
ERR5386379	PRJEB30134	SAMEA6451199	ERX5171305	573	Klebsiella pneumoniae	ftp.sra.ebi.ac.uk/vol1/fastq/ERR538/009/ERR5386379/ERR5386379_1.fastq.gz;ftp.sra.ebi.ac.uk/vol1/fastq/ERR538/009/ERR5386379/ERR5386379_2.fastq.gz	ftp.sra.ebi.ac.uk/vol1/run/ERR538/ERR5386379/33431_1#103.cram;ftp.sra.ebi.ac.uk/vol1/run/ERR538/ERR5386379/33431_1#103.cram.crai	
ERR5386385	PRJEB30134	SAMEA6451196	ERX5171311	573	Klebsiella pneumoniae	ftp.sra.ebi.ac.uk/vol1/fastq/ERR538/005/ERR5386385/ERR5386385_1.fastq.gz;ftp.sra.ebi.ac.uk/vol1/fastq/ERR538/005/ERR5386385/ERR5386385_2.fastq.gz	ftp.sra.ebi.ac.uk/vol1/run/ERR538/ERR5386385/33431_1#109.cram;ftp.sra.ebi.ac.uk/vol1/run/ERR538/ERR5386385/33431_1#109.cram.crai	
ERR5386386	PRJEB30134	SAMEA6451096	ERX5171312	562	Escherichia coli	ftp.sra.ebi.ac.uk/vol1/fastq/ERR538/006/ERR5386386/ERR5386386_1.fastq.gz;ftp.sra.ebi.ac.uk/vol1/fastq/ERR538/006/ERR5386386/ERR5386386_2.fastq.gz	ftp.sra.ebi.ac.uk/vol1/run/ERR538/ERR5386386/33431_1#110.cram;ftp.sra.ebi.ac.uk/vol1/run/ERR538/ERR5386386/33431_1#110.cram.crai	
ERR5386396	PRJEB30134	SAMEA6451205	ERX5171322	571	Klebsiella oxytoca	ftp.sra.ebi.ac.uk/vol1/fastq/ERR538/006/ERR5386396/ERR5386396_1.fastq.gz;ftp.sra.ebi.ac.uk/vol1/fastq/ERR538/006/ERR5386396/ERR5386396_2.fastq.gz	ftp.sra.ebi.ac.uk/vol1/run/ERR538/ERR5386396/33431_1#120.cram	
ERR5386398	PRJEB30134	SAMEA6451208	ERX5171324	573	Klebsiella pneumoniae	ftp.sra.ebi.ac.uk/vol1/fastq/ERR538/008/ERR5386398/ERR5386398_1.fastq.gz;ftp.sra.ebi.ac.uk/vol1/fastq/ERR538/008/ERR5386398/ERR5386398_2.fastq.gz	ftp.sra.ebi.ac.uk/vol1/run/ERR538/ERR5386398/33431_1#122.cram;ftp.sra.ebi.ac.uk/vol1/run/ERR538/ERR5386398/33431_1#122.cram.crai	
ERR5386401	PRJEB30134	SAMEA6451110	ERX5171327	550	Enterobacter cloacae	ftp.sra.ebi.ac.uk/vol1/fastq/ERR538/001/ERR5386401/ERR5386401_1.fastq.gz;ftp.sra.ebi.ac.uk/vol1/fastq/ERR538/001/ERR5386401/ERR5386401_2.fastq.gz	ftp.sra.ebi.ac.uk/vol1/run/ERR538/ERR5386401/33431_1#125.cram	
ERR5386406	PRJEB30134	SAMEA6451210	ERX5171332	571	Klebsiella oxytoca	ftp.sra.ebi.ac.uk/vol1/fastq/ERR538/006/ERR5386406/ERR5386406_1.fastq.gz;ftp.sra.ebi.ac.uk/vol1/fastq/ERR538/006/ERR5386406/ERR5386406_2.fastq.gz	ftp.sra.ebi.ac.uk/vol1/run/ERR538/ERR5386406/33431_1#130.cram	
ERR5386408	PRJEB30134	SAMEA6451211	ERX5171334	573	Klebsiella pneumoniae	ftp.sra.ebi.ac.uk/vol1/fastq/ERR538/008/ERR5386408/ERR5386408_1.fastq.gz;ftp.sra.ebi.ac.uk/vol1/fastq/ERR538/008/ERR5386408/ERR5386408_2.fastq.gz	ftp.sra.ebi.ac.uk/vol1/run/ERR538/ERR5386408/33431_1#132.cram;ftp.sra.ebi.ac.uk/vol1/run/ERR538/ERR5386408/33431_1#132.cram.crai	
ERR5386409	PRJEB30134	SAMEA6451111	ERX5171335	562	Escherichia coli	ftp.sra.ebi.ac.uk/vol1/fastq/ERR538/009/ERR5386409/ERR5386409_1.fastq.gz;ftp.sra.ebi.ac.uk/vol1/fastq/ERR538/009/ERR5386409/ERR5386409_2.fastq.gz	ftp.sra.ebi.ac.uk/vol1/run/ERR538/ERR5386409/33431_1#133.cram;ftp.sra.ebi.ac.uk/vol1/run/ERR538/ERR5386409/33431_1#133.cram.crai	
ERR5386415	PRJEB30134	SAMEA6451230	ERX5171341	573	Klebsiella pneumoniae	ftp.sra.ebi.ac.uk/vol1/fastq/ERR538/005/ERR5386415/ERR5386415_1.fastq.gz;ftp.sra.ebi.ac.uk/vol1/fastq/ERR538/005/ERR5386415/ERR5386415_2.fastq.gz	ftp.sra.ebi.ac.uk/vol1/run/ERR538/ERR5386415/33431_1#139.cram;ftp.sra.ebi.ac.uk/vol1/run/ERR538/ERR5386415/33431_1#139.cram.crai	
ERR5386417	PRJEB30134	SAMEA6451233	ERX5171343	573	Klebsiella pneumoniae	ftp.sra.ebi.ac.uk/vol1/fastq/ERR538/007/ERR5386417/ERR5386417_1.fastq.gz;ftp.sra.ebi.ac.uk/vol1/fastq/ERR538/007/ERR5386417/ERR5386417_2.fastq.gz	ftp.sra.ebi.ac.uk/vol1/run/ERR538/ERR5386417/33431_1#141.cram;ftp.sra.ebi.ac.uk/vol1/run/ERR538/ERR5386417/33431_1#141.cram.crai	
ERR5386418	PRJEB30134	SAMEA6451115	ERX5171344	562	Escherichia coli	ftp.sra.ebi.ac.uk/vol1/fastq/ERR538/008/ERR5386418/ERR5386418_1.fastq.gz;ftp.sra.ebi.ac.uk/vol1/fastq/ERR538/008/ERR5386418/ERR5386418_2.fastq.gz	ftp.sra.ebi.ac.uk/vol1/run/ERR538/ERR5386418/33431_1#142.cram;ftp.sra.ebi.ac.uk/vol1/run/ERR538/ERR5386418/33431_1#142.cram.crai	
ERR5386420	PRJEB30134	SAMEA6451118	ERX5171346	40324	Stenotrophomonas maltophilia	ftp.sra.ebi.ac.uk/vol1/fastq/ERR538/000/ERR5386420/ERR5386420_1.fastq.gz;ftp.sra.ebi.ac.uk/vol1/fastq/ERR538/000/ERR5386420/ERR5386420_2.fastq.gz	ftp.sra.ebi.ac.uk/vol1/run/ERR538/ERR5386420/33431_1#144.cram	
ERR5386421	PRJEB30134	SAMEA6451235	ERX5171347	573	Klebsiella pneumoniae	ftp.sra.ebi.ac.uk/vol1/fastq/ERR538/001/ERR5386421/ERR5386421_1.fastq.gz;ftp.sra.ebi.ac.uk/vol1/fastq/ERR538/001/ERR5386421/ERR5386421_2.fastq.gz	ftp.sra.ebi.ac.uk/vol1/run/ERR538/ERR5386421/33431_1#145.cram;ftp.sra.ebi.ac.uk/vol1/run/ERR538/ERR5386421/33431_1#145.cram.crai	
ERR5386422	PRJEB30134	SAMEA6451123	ERX5171348	571	Klebsiella oxytoca	ftp.sra.ebi.ac.uk/vol1/fastq/ERR538/002/ERR5386422/ERR5386422_1.fastq.gz;ftp.sra.ebi.ac.uk/vol1/fastq/ERR538/002/ERR5386422/ERR5386422_2.fastq.gz	ftp.sra.ebi.ac.uk/vol1/run/ERR538/ERR5386422/33431_1#146.cram	
ERR5386425	PRJEB30134	SAMEA6451236	ERX5171351	573	Klebsiella pneumoniae	ftp.sra.ebi.ac.uk/vol1/fastq/ERR538/005/ERR5386425/ERR5386425_1.fastq.gz;ftp.sra.ebi.ac.uk/vol1/fastq/ERR538/005/ERR5386425/ERR5386425_2.fastq.gz	ftp.sra.ebi.ac.uk/vol1/run/ERR538/ERR5386425/33431_1#149.cram;ftp.sra.ebi.ac.uk/vol1/run/ERR538/ERR5386425/33431_1#149.cram.crai	
ERR5386434	PRJEB30134	SAMEA6451217	ERX5171360	573	Klebsiella pneumoniae	ftp.sra.ebi.ac.uk/vol1/fastq/ERR538/004/ERR5386434/ERR5386434_1.fastq.gz;ftp.sra.ebi.ac.uk/vol1/fastq/ERR538/004/ERR5386434/ERR5386434_2.fastq.gz	ftp.sra.ebi.ac.uk/vol1/run/ERR538/ERR5386434/33431_1#158.cram;ftp.sra.ebi.ac.uk/vol1/run/ERR538/ERR5386434/33431_1#158.cram.crai	
ERR5386439	PRJEB30134	SAMEA6451126	ERX5171365	573	Klebsiella pneumoniae	ftp.sra.ebi.ac.uk/vol1/fastq/ERR538/009/ERR5386439/ERR5386439_1.fastq.gz;ftp.sra.ebi.ac.uk/vol1/fastq/ERR538/009/ERR5386439/ERR5386439_2.fastq.gz	ftp.sra.ebi.ac.uk/vol1/run/ERR538/ERR5386439/33431_1#163.cram;ftp.sra.ebi.ac.uk/vol1/run/ERR538/ERR5386439/33431_1#163.cram.crai	
ERR5386440	PRJEB30134	SAMEA6451218	ERX5171366	573	Klebsiella pneumoniae	ftp.sra.ebi.ac.uk/vol1/fastq/ERR538/000/ERR5386440/ERR5386440_1.fastq.gz;ftp.sra.ebi.ac.uk/vol1/fastq/ERR538/000/ERR5386440/ERR5386440_2.fastq.gz	ftp.sra.ebi.ac.uk/vol1/run/ERR538/ERR5386440/33431_1#164.cram;ftp.sra.ebi.ac.uk/vol1/run/ERR538/ERR5386440/33431_1#164.cram.crai	
ERR5386441	PRJEB30134	SAMEA6451128	ERX5171367	573	Klebsiella pneumoniae	ftp.sra.ebi.ac.uk/vol1/fastq/ERR538/001/ERR5386441/ERR5386441_1.fastq.gz;ftp.sra.ebi.ac.uk/vol1/fastq/ERR538/001/ERR5386441/ERR5386441_2.fastq.gz	ftp.sra.ebi.ac.uk/vol1/run/ERR538/ERR5386441/33431_1#165.cram;ftp.sra.ebi.ac.uk/vol1/run/ERR538/ERR5386441/33431_1#165.cram.crai	
ERR5386445	PRJEB30134	SAMEA6451130	ERX5171371	573	Klebsiella pneumoniae	ftp.sra.ebi.ac.uk/vol1/fastq/ERR538/005/ERR5386445/ERR5386445_1.fastq.gz;ftp.sra.ebi.ac.uk/vol1/fastq/ERR538/005/ERR5386445/ERR5386445_2.fastq.gz	ftp.sra.ebi.ac.uk/vol1/run/ERR538/ERR5386445/33431_1#169.cram;ftp.sra.ebi.ac.uk/vol1/run/ERR538/ERR5386445/33431_1#169.cram.crai	
ERR5386451	PRJEB30134	SAMEA6451139	ERX5171377	40216	Acinetobacter radioresistens	ftp.sra.ebi.ac.uk/vol1/fastq/ERR538/001/ERR5386451/ERR5386451_1.fastq.gz;ftp.sra.ebi.ac.uk/vol1/fastq/ERR538/001/ERR5386451/ERR5386451_2.fastq.gz	ftp.sra.ebi.ac.uk/vol1/run/ERR538/ERR5386451/33431_1#175.cram	
ERR5386452	PRJEB30134	SAMEA6451229	ERX5171378	28090	Acinetobacter lwoffii	ftp.sra.ebi.ac.uk/vol1/fastq/ERR538/002/ERR5386452/ERR5386452_1.fastq.gz;ftp.sra.ebi.ac.uk/vol1/fastq/ERR538/002/ERR5386452/ERR5386452_2.fastq.gz	ftp.sra.ebi.ac.uk/vol1/run/ERR538/ERR5386452/33431_1#176.cram	
ERR5386454	PRJEB30134	SAMEA6450661	ERX5171380	562	Escherichia coli	ftp.sra.ebi.ac.uk/vol1/fastq/ERR538/004/ERR5386454/ERR5386454_1.fastq.gz;ftp.sra.ebi.ac.uk/vol1/fastq/ERR538/004/ERR5386454/ERR5386454_2.fastq.gz	ftp.sra.ebi.ac.uk/vol1/run/ERR538/ERR5386454/33431_1#178.cram;ftp.sra.ebi.ac.uk/vol1/run/ERR538/ERR5386454/33431_1#178.cram.crai	
ERR5386455	PRJEB30134	SAMEA6450667	ERX5171381	562	Escherichia coli	ftp.sra.ebi.ac.uk/vol1/fastq/ERR538/005/ERR5386455/ERR5386455_1.fastq.gz;ftp.sra.ebi.ac.uk/vol1/fastq/ERR538/005/ERR5386455/ERR5386455_2.fastq.gz	ftp.sra.ebi.ac.uk/vol1/run/ERR538/ERR5386455/33431_1#179.cram;ftp.sra.ebi.ac.uk/vol1/run/ERR538/ERR5386455/33431_1#179.cram.crai	
ERR5386457	PRJEB30134	SAMEA6450669	ERX5171383	562	Escherichia coli	ftp.sra.ebi.ac.uk/vol1/fastq/ERR538/007/ERR5386457/ERR5386457_1.fastq.gz;ftp.sra.ebi.ac.uk/vol1/fastq/ERR538/007/ERR5386457/ERR5386457_2.fastq.gz	ftp.sra.ebi.ac.uk/vol1/run/ERR538/ERR5386457/33431_1#181.cram;ftp.sra.ebi.ac.uk/vol1/run/ERR538/ERR5386457/33431_1#181.cram.crai	
ERR5386459	PRJEB30134	SAMEA6450660	ERX5171385	562	Escherichia coli	ftp.sra.ebi.ac.uk/vol1/fastq/ERR538/009/ERR5386459/ERR5386459_1.fastq.gz;ftp.sra.ebi.ac.uk/vol1/fastq/ERR538/009/ERR5386459/ERR5386459_2.fastq.gz	ftp.sra.ebi.ac.uk/vol1/run/ERR538/ERR5386459/33431_1#183.cram;ftp.sra.ebi.ac.uk/vol1/run/ERR538/ERR5386459/33431_1#183.cram.crai	
ERR5386466	PRJEB30134	SAMEA6451142	ERX5171392	573	Klebsiella pneumoniae	ftp.sra.ebi.ac.uk/vol1/fastq/ERR538/006/ERR5386466/ERR5386466_1.fastq.gz;ftp.sra.ebi.ac.uk/vol1/fastq/ERR538/006/ERR5386466/ERR5386466_2.fastq.gz	ftp.sra.ebi.ac.uk/vol1/run/ERR538/ERR5386466/33431_1#190.cram;ftp.sra.ebi.ac.uk/vol1/run/ERR538/ERR5386466/33431_1#190.cram.crai	
ERR5386467	PRJEB30134	SAMEA6450670	ERX5171393	562	Escherichia coli	ftp.sra.ebi.ac.uk/vol1/fastq/ERR538/007/ERR5386467/ERR5386467_1.fastq.gz;ftp.sra.ebi.ac.uk/vol1/fastq/ERR538/007/ERR5386467/ERR5386467_2.fastq.gz	ftp.sra.ebi.ac.uk/vol1/run/ERR538/ERR5386467/33431_1#191.cram;ftp.sra.ebi.ac.uk/vol1/run/ERR538/ERR5386467/33431_1#191.cram.crai	
ERR5430073	PRJEB30134	SAMEA6450673	ERX5214765	562	Escherichia coli	ftp.sra.ebi.ac.uk/vol1/fastq/ERR543/003/ERR5430073/ERR5430073_1.fastq.gz;ftp.sra.ebi.ac.uk/vol1/fastq/ERR543/003/ERR5430073/ERR5430073_2.fastq.gz	ftp.sra.ebi.ac.uk/vol1/run/ERR543/ERR5430073/33515_3#5.cram;ftp.sra.ebi.ac.uk/vol1/run/ERR543/ERR5430073/33515_3#5.cram.crai	
ERR5430076	PRJEB30134	SAMEA6450675	ERX5214768	562	Escherichia coli	ftp.sra.ebi.ac.uk/vol1/fastq/ERR543/006/ERR5430076/ERR5430076_1.fastq.gz;ftp.sra.ebi.ac.uk/vol1/fastq/ERR543/006/ERR5430076/ERR5430076_2.fastq.gz	ftp.sra.ebi.ac.uk/vol1/run/ERR543/ERR5430076/33515_3#8.cram;ftp.sra.ebi.ac.uk/vol1/run/ERR543/ERR5430076/33515_3#8.cram.crai	
ERR5430077	PRJEB30134	SAMEA6450678	ERX5214769	562	Escherichia coli	ftp.sra.ebi.ac.uk/vol1/fastq/ERR543/007/ERR5430077/ERR5430077_1.fastq.gz;ftp.sra.ebi.ac.uk/vol1/fastq/ERR543/007/ERR5430077/ERR5430077_2.fastq.gz	ftp.sra.ebi.ac.uk/vol1/run/ERR543/ERR5430077/33515_3#9.cram;ftp.sra.ebi.ac.uk/vol1/run/ERR543/ERR5430077/33515_3#9.cram.crai	
ERR5430085	PRJEB30134	SAMEA6450817	ERX5214777	562	Escherichia coli	ftp.sra.ebi.ac.uk/vol1/fastq/ERR543/005/ERR5430085/ERR5430085_1.fastq.gz;ftp.sra.ebi.ac.uk/vol1/fastq/ERR543/005/ERR5430085/ERR5430085_2.fastq.gz	ftp.sra.ebi.ac.uk/vol1/run/ERR543/ERR5430085/33515_3#17.cram;ftp.sra.ebi.ac.uk/vol1/run/ERR543/ERR5430085/33515_3#17.cram.crai	
ERR5430088	PRJEB30134	SAMEA6450821	ERX5214780	562	Escherichia coli	ftp.sra.ebi.ac.uk/vol1/fastq/ERR543/008/ERR5430088/ERR5430088_1.fastq.gz;ftp.sra.ebi.ac.uk/vol1/fastq/ERR543/008/ERR5430088/ERR5430088_2.fastq.gz	ftp.sra.ebi.ac.uk/vol1/run/ERR543/ERR5430088/33515_3#20.cram;ftp.sra.ebi.ac.uk/vol1/run/ERR543/ERR5430088/33515_3#20.cram.crai	
ERR5430089	PRJEB30134	SAMEA6450822	ERX5214781	562	Escherichia coli	ftp.sra.ebi.ac.uk/vol1/fastq/ERR543/009/ERR5430089/ERR5430089_1.fastq.gz;ftp.sra.ebi.ac.uk/vol1/fastq/ERR543/009/ERR5430089/ERR5430089_2.fastq.gz	ftp.sra.ebi.ac.uk/vol1/run/ERR543/ERR5430089/33515_3#21.cram;ftp.sra.ebi.ac.uk/vol1/run/ERR543/ERR5430089/33515_3#21.cram.crai	
ERR5430090	PRJEB30134	SAMEA6450681	ERX5214782	562	Escherichia coli	ftp.sra.ebi.ac.uk/vol1/fastq/ERR543/000/ERR5430090/ERR5430090_1.fastq.gz;ftp.sra.ebi.ac.uk/vol1/fastq/ERR543/000/ERR5430090/ERR5430090_2.fastq.gz	ftp.sra.ebi.ac.uk/vol1/run/ERR543/ERR5430090/33515_3#22.cram;ftp.sra.ebi.ac.uk/vol1/run/ERR543/ERR5430090/33515_3#22.cram.crai	
ERR5430092	PRJEB30134	SAMEA6450820	ERX5214784	562	Escherichia coli	ftp.sra.ebi.ac.uk/vol1/fastq/ERR543/002/ERR5430092/ERR5430092_1.fastq.gz;ftp.sra.ebi.ac.uk/vol1/fastq/ERR543/002/ERR5430092/ERR5430092_2.fastq.gz	ftp.sra.ebi.ac.uk/vol1/run/ERR543/ERR5430092/33515_3#24.cram;ftp.sra.ebi.ac.uk/vol1/run/ERR543/ERR5430092/33515_3#24.cram.crai	
ERR5430094	PRJEB30134	SAMEA6450686	ERX5214786	562	Escherichia coli	ftp.sra.ebi.ac.uk/vol1/fastq/ERR543/004/ERR5430094/ERR5430094_1.fastq.gz;ftp.sra.ebi.ac.uk/vol1/fastq/ERR543/004/ERR5430094/ERR5430094_2.fastq.gz	ftp.sra.ebi.ac.uk/vol1/run/ERR543/ERR5430094/33515_3#26.cram;ftp.sra.ebi.ac.uk/vol1/run/ERR543/ERR5430094/33515_3#26.cram.crai	
ERR5430096	PRJEB30134	SAMEA6450827	ERX5214788	562	Escherichia coli	ftp.sra.ebi.ac.uk/vol1/fastq/ERR543/006/ERR5430096/ERR5430096_1.fastq.gz;ftp.sra.ebi.ac.uk/vol1/fastq/ERR543/006/ERR5430096/ERR5430096_2.fastq.gz	ftp.sra.ebi.ac.uk/vol1/run/ERR543/ERR5430096/33515_3#28.cram;ftp.sra.ebi.ac.uk/vol1/run/ERR543/ERR5430096/33515_3#28.cram.crai	
ERR5430100	PRJEB30134	SAMEA6450825	ERX5214792	562	Escherichia coli	ftp.sra.ebi.ac.uk/vol1/fastq/ERR543/000/ERR5430100/ERR5430100_1.fastq.gz;ftp.sra.ebi.ac.uk/vol1/fastq/ERR543/000/ERR5430100/ERR5430100_2.fastq.gz	ftp.sra.ebi.ac.uk/vol1/run/ERR543/ERR5430100/33515_3#32.cram;ftp.sra.ebi.ac.uk/vol1/run/ERR543/ERR5430100/33515_3#32.cram.crai	
ERR5430103	PRJEB30134	SAMEA6450831	ERX5214795	562	Escherichia coli	ftp.sra.ebi.ac.uk/vol1/fastq/ERR543/003/ERR5430103/ERR5430103_1.fastq.gz;ftp.sra.ebi.ac.uk/vol1/fastq/ERR543/003/ERR5430103/ERR5430103_2.fastq.gz	ftp.sra.ebi.ac.uk/vol1/run/ERR543/ERR5430103/33515_3#35.cram;ftp.sra.ebi.ac.uk/vol1/run/ERR543/ERR5430103/33515_3#35.cram.crai	
ERR5430106	PRJEB30134	SAMEA6450832	ERX5214798	562	Escherichia coli	ftp.sra.ebi.ac.uk/vol1/fastq/ERR543/006/ERR5430106/ERR5430106_1.fastq.gz;ftp.sra.ebi.ac.uk/vol1/fastq/ERR543/006/ERR5430106/ERR5430106_2.fastq.gz	ftp.sra.ebi.ac.uk/vol1/run/ERR543/ERR5430106/33515_3#38.cram;ftp.sra.ebi.ac.uk/vol1/run/ERR543/ERR5430106/33515_3#38.cram.crai	
ERR5430107	PRJEB30134	SAMEA6450834	ERX5214799	562	Escherichia coli	ftp.sra.ebi.ac.uk/vol1/fastq/ERR543/007/ERR5430107/ERR5430107_1.fastq.gz;ftp.sra.ebi.ac.uk/vol1/fastq/ERR543/007/ERR5430107/ERR5430107_2.fastq.gz	ftp.sra.ebi.ac.uk/vol1/run/ERR543/ERR5430107/33515_3#39.cram;ftp.sra.ebi.ac.uk/vol1/run/ERR543/ERR5430107/33515_3#39.cram.crai	
ERR5430108	PRJEB30134	SAMEA6450712	ERX5214800	562	Escherichia coli	ftp.sra.ebi.ac.uk/vol1/fastq/ERR543/008/ERR5430108/ERR5430108_1.fastq.gz;ftp.sra.ebi.ac.uk/vol1/fastq/ERR543/008/ERR5430108/ERR5430108_2.fastq.gz	ftp.sra.ebi.ac.uk/vol1/run/ERR543/ERR5430108/33515_3#40.cram;ftp.sra.ebi.ac.uk/vol1/run/ERR543/ERR5430108/33515_3#40.cram.crai	
ERR5430111	PRJEB30134	SAMEA6450840	ERX5214803	562	Escherichia coli	ftp.sra.ebi.ac.uk/vol1/fastq/ERR543/001/ERR5430111/ERR5430111_1.fastq.gz;ftp.sra.ebi.ac.uk/vol1/fastq/ERR543/001/ERR5430111/ERR5430111_2.fastq.gz	ftp.sra.ebi.ac.uk/vol1/run/ERR543/ERR5430111/33515_3#43.cram;ftp.sra.ebi.ac.uk/vol1/run/ERR543/ERR5430111/33515_3#43.cram.crai	
ERR5430117	PRJEB30134	SAMEA6450719	ERX5214808	562	Escherichia coli	ftp.sra.ebi.ac.uk/vol1/fastq/ERR543/007/ERR5430117/ERR5430117_1.fastq.gz;ftp.sra.ebi.ac.uk/vol1/fastq/ERR543/007/ERR5430117/ERR5430117_2.fastq.gz	ftp.sra.ebi.ac.uk/vol1/run/ERR543/ERR5430117/33515_3#48.cram;ftp.sra.ebi.ac.uk/vol1/run/ERR543/ERR5430117/33515_3#48.cram.crai	
ERR5430119	PRJEB30134	SAMEA6450720	ERX5214810	562	Escherichia coli	ftp.sra.ebi.ac.uk/vol1/fastq/ERR543/009/ERR5430119/ERR5430119_1.fastq.gz;ftp.sra.ebi.ac.uk/vol1/fastq/ERR543/009/ERR5430119/ERR5430119_2.fastq.gz	ftp.sra.ebi.ac.uk/vol1/run/ERR543/ERR5430119/33515_3#50.cram;ftp.sra.ebi.ac.uk/vol1/run/ERR543/ERR5430119/33515_3#50.cram.crai	
ERR5430120	PRJEB30134	SAMEA6450721	ERX5214811	562	Escherichia coli	ftp.sra.ebi.ac.uk/vol1/fastq/ERR543/000/ERR5430120/ERR5430120_1.fastq.gz;ftp.sra.ebi.ac.uk/vol1/fastq/ERR543/000/ERR5430120/ERR5430120_2.fastq.gz	ftp.sra.ebi.ac.uk/vol1/run/ERR543/ERR5430120/33515_3#51.cram;ftp.sra.ebi.ac.uk/vol1/run/ERR543/ERR5430120/33515_3#51.cram.crai	
ERR5430127	PRJEB30134	SAMEA6450690	ERX5214818	562	Escherichia coli	ftp.sra.ebi.ac.uk/vol1/fastq/ERR543/007/ERR5430127/ERR5430127_1.fastq.gz;ftp.sra.ebi.ac.uk/vol1/fastq/ERR543/007/ERR5430127/ERR5430127_2.fastq.gz	ftp.sra.ebi.ac.uk/vol1/run/ERR543/ERR5430127/33515_3#58.cram;ftp.sra.ebi.ac.uk/vol1/run/ERR543/ERR5430127/33515_3#58.cram.crai	
ERR5430130	PRJEB30134	SAMEA6450857	ERX5214821	562	Escherichia coli	ftp.sra.ebi.ac.uk/vol1/fastq/ERR543/000/ERR5430130/ERR5430130_1.fastq.gz;ftp.sra.ebi.ac.uk/vol1/fastq/ERR543/000/ERR5430130/ERR5430130_2.fastq.gz	ftp.sra.ebi.ac.uk/vol1/run/ERR543/ERR5430130/33515_3#61.cram;ftp.sra.ebi.ac.uk/vol1/run/ERR543/ERR5430130/33515_3#61.cram.crai	
ERR5430133	PRJEB30134	SAMEA6450858	ERX5214824	562	Escherichia coli	ftp.sra.ebi.ac.uk/vol1/fastq/ERR543/003/ERR5430133/ERR5430133_1.fastq.gz;ftp.sra.ebi.ac.uk/vol1/fastq/ERR543/003/ERR5430133/ERR5430133_2.fastq.gz	ftp.sra.ebi.ac.uk/vol1/run/ERR543/ERR5430133/33515_3#64.cram;ftp.sra.ebi.ac.uk/vol1/run/ERR543/ERR5430133/33515_3#64.cram.crai	
ERR5430135	PRJEB30134	SAMEA6450859	ERX5214826	562	Escherichia coli	ftp.sra.ebi.ac.uk/vol1/fastq/ERR543/005/ERR5430135/ERR5430135_1.fastq.gz;ftp.sra.ebi.ac.uk/vol1/fastq/ERR543/005/ERR5430135/ERR5430135_2.fastq.gz	ftp.sra.ebi.ac.uk/vol1/run/ERR543/ERR5430135/33515_3#66.cram;ftp.sra.ebi.ac.uk/vol1/run/ERR543/ERR5430135/33515_3#66.cram.crai	
ERR5430139	PRJEB30134	SAMEA6450867	ERX5214830	562	Escherichia coli	ftp.sra.ebi.ac.uk/vol1/fastq/ERR543/009/ERR5430139/ERR5430139_1.fastq.gz;ftp.sra.ebi.ac.uk/vol1/fastq/ERR543/009/ERR5430139/ERR5430139_2.fastq.gz	ftp.sra.ebi.ac.uk/vol1/run/ERR543/ERR5430139/33515_3#70.cram;ftp.sra.ebi.ac.uk/vol1/run/ERR543/ERR5430139/33515_3#70.cram.crai	
ERR5430142	PRJEB30134	SAMEA6450695	ERX5214833	562	Escherichia coli	ftp.sra.ebi.ac.uk/vol1/fastq/ERR543/002/ERR5430142/ERR5430142_1.fastq.gz;ftp.sra.ebi.ac.uk/vol1/fastq/ERR543/002/ERR5430142/ERR5430142_2.fastq.gz	ftp.sra.ebi.ac.uk/vol1/run/ERR543/ERR5430142/33515_3#73.cram;ftp.sra.ebi.ac.uk/vol1/run/ERR543/ERR5430142/33515_3#73.cram.crai	
ERR5430147	PRJEB30134	SAMEA6450878	ERX5214838	562	Escherichia coli	ftp.sra.ebi.ac.uk/vol1/fastq/ERR543/007/ERR5430147/ERR5430147_1.fastq.gz;ftp.sra.ebi.ac.uk/vol1/fastq/ERR543/007/ERR5430147/ERR5430147_2.fastq.gz	ftp.sra.ebi.ac.uk/vol1/run/ERR543/ERR5430147/33515_3#78.cram;ftp.sra.ebi.ac.uk/vol1/run/ERR543/ERR5430147/33515_3#78.cram.crai	
ERR5430149	PRJEB30134	SAMEA6450701	ERX5214840	562	Escherichia coli	ftp.sra.ebi.ac.uk/vol1/fastq/ERR543/009/ERR5430149/ERR5430149_1.fastq.gz;ftp.sra.ebi.ac.uk/vol1/fastq/ERR543/009/ERR5430149/ERR5430149_2.fastq.gz	ftp.sra.ebi.ac.uk/vol1/run/ERR543/ERR5430149/33515_3#80.cram;ftp.sra.ebi.ac.uk/vol1/run/ERR543/ERR5430149/33515_3#80.cram.crai	
ERR5430151	PRJEB30134	SAMEA6450702	ERX5214842	562	Escherichia coli	ftp.sra.ebi.ac.uk/vol1/fastq/ERR543/001/ERR5430151/ERR5430151_1.fastq.gz;ftp.sra.ebi.ac.uk/vol1/fastq/ERR543/001/ERR5430151/ERR5430151_2.fastq.gz	ftp.sra.ebi.ac.uk/vol1/run/ERR543/ERR5430151/33515_3#82.cram;ftp.sra.ebi.ac.uk/vol1/run/ERR543/ERR5430151/33515_3#82.cram.crai	
ERR5430152	PRJEB30134	SAMEA6450703	ERX5214843	562	Escherichia coli	ftp.sra.ebi.ac.uk/vol1/fastq/ERR543/002/ERR5430152/ERR5430152_1.fastq.gz;ftp.sra.ebi.ac.uk/vol1/fastq/ERR543/002/ERR5430152/ERR5430152_2.fastq.gz	ftp.sra.ebi.ac.uk/vol1/run/ERR543/ERR5430152/33515_3#83.cram;ftp.sra.ebi.ac.uk/vol1/run/ERR543/ERR5430152/33515_3#83.cram.crai	
ERR5430153	PRJEB30134	SAMEA6450887	ERX5214844	562	Escherichia coli	ftp.sra.ebi.ac.uk/vol1/fastq/ERR543/003/ERR5430153/ERR5430153_1.fastq.gz;ftp.sra.ebi.ac.uk/vol1/fastq/ERR543/003/ERR5430153/ERR5430153_2.fastq.gz	ftp.sra.ebi.ac.uk/vol1/run/ERR543/ERR5430153/33515_3#84.cram;ftp.sra.ebi.ac.uk/vol1/run/ERR543/ERR5430153/33515_3#84.cram.crai	
ERR5430154	PRJEB30134	SAMEA6450886	ERX5214845	562	Escherichia coli	ftp.sra.ebi.ac.uk/vol1/fastq/ERR543/004/ERR5430154/ERR5430154_1.fastq.gz;ftp.sra.ebi.ac.uk/vol1/fastq/ERR543/004/ERR5430154/ERR5430154_2.fastq.gz	ftp.sra.ebi.ac.uk/vol1/run/ERR543/ERR5430154/33515_3#85.cram;ftp.sra.ebi.ac.uk/vol1/run/ERR543/ERR5430154/33515_3#85.cram.crai	
ERR5430157	PRJEB30134	SAMEA6450892	ERX5214848	562	Escherichia coli	ftp.sra.ebi.ac.uk/vol1/fastq/ERR543/007/ERR5430157/ERR5430157_1.fastq.gz;ftp.sra.ebi.ac.uk/vol1/fastq/ERR543/007/ERR5430157/ERR5430157_2.fastq.gz	ftp.sra.ebi.ac.uk/vol1/run/ERR543/ERR5430157/33515_3#88.cram;ftp.sra.ebi.ac.uk/vol1/run/ERR543/ERR5430157/33515_3#88.cram.crai	
ERR5430161	PRJEB30134	SAMEA6450903	ERX5214852	562	Escherichia coli	ftp.sra.ebi.ac.uk/vol1/fastq/ERR543/001/ERR5430161/ERR5430161_1.fastq.gz;ftp.sra.ebi.ac.uk/vol1/fastq/ERR543/001/ERR5430161/ERR5430161_2.fastq.gz	ftp.sra.ebi.ac.uk/vol1/run/ERR543/ERR5430161/33515_3#92.cram;ftp.sra.ebi.ac.uk/vol1/run/ERR543/ERR5430161/33515_3#92.cram.crai	
ERR5430163	PRJEB30134	SAMEA6450731	ERX5214854	562	Escherichia coli	ftp.sra.ebi.ac.uk/vol1/fastq/ERR543/003/ERR5430163/ERR5430163_1.fastq.gz;ftp.sra.ebi.ac.uk/vol1/fastq/ERR543/003/ERR5430163/ERR5430163_2.fastq.gz	ftp.sra.ebi.ac.uk/vol1/run/ERR543/ERR5430163/33515_3#94.cram;ftp.sra.ebi.ac.uk/vol1/run/ERR543/ERR5430163/33515_3#94.cram.crai	
ERR5430164	PRJEB30134	SAMEA6450732	ERX5214855	562	Escherichia coli	ftp.sra.ebi.ac.uk/vol1/fastq/ERR543/004/ERR5430164/ERR5430164_1.fastq.gz;ftp.sra.ebi.ac.uk/vol1/fastq/ERR543/004/ERR5430164/ERR5430164_2.fastq.gz	ftp.sra.ebi.ac.uk/vol1/run/ERR543/ERR5430164/33515_3#95.cram;ftp.sra.ebi.ac.uk/vol1/run/ERR543/ERR5430164/33515_3#95.cram.crai	
ERR5430166	PRJEB30134	SAMEA6450734	ERX5214857	562	Escherichia coli	ftp.sra.ebi.ac.uk/vol1/fastq/ERR543/006/ERR5430166/ERR5430166_1.fastq.gz;ftp.sra.ebi.ac.uk/vol1/fastq/ERR543/006/ERR5430166/ERR5430166_2.fastq.gz	ftp.sra.ebi.ac.uk/vol1/run/ERR543/ERR5430166/33515_3#97.cram;ftp.sra.ebi.ac.uk/vol1/run/ERR543/ERR5430166/33515_3#97.cram.crai	
ERR5430171	PRJEB30134	SAMEA6450915	ERX5214862	562	Escherichia coli	ftp.sra.ebi.ac.uk/vol1/fastq/ERR543/001/ERR5430171/ERR5430171_1.fastq.gz;ftp.sra.ebi.ac.uk/vol1/fastq/ERR543/001/ERR5430171/ERR5430171_2.fastq.gz	ftp.sra.ebi.ac.uk/vol1/run/ERR543/ERR5430171/33515_3#102.cram;ftp.sra.ebi.ac.uk/vol1/run/ERR543/ERR5430171/33515_3#102.cram.crai	
ERR5430179	PRJEB30134	SAMEA6450921	ERX5214870	562	Escherichia coli	ftp.sra.ebi.ac.uk/vol1/fastq/ERR543/009/ERR5430179/ERR5430179_1.fastq.gz;ftp.sra.ebi.ac.uk/vol1/fastq/ERR543/009/ERR5430179/ERR5430179_2.fastq.gz	ftp.sra.ebi.ac.uk/vol1/run/ERR543/ERR5430179/33515_3#110.cram;ftp.sra.ebi.ac.uk/vol1/run/ERR543/ERR5430179/33515_3#110.cram.crai	
ERR5430186	PRJEB30134	SAMEA6450939	ERX5214877	562	Escherichia coli	ftp.sra.ebi.ac.uk/vol1/fastq/ERR543/006/ERR5430186/ERR5430186_1.fastq.gz;ftp.sra.ebi.ac.uk/vol1/fastq/ERR543/006/ERR5430186/ERR5430186_2.fastq.gz	ftp.sra.ebi.ac.uk/vol1/run/ERR543/ERR5430186/33515_3#117.cram;ftp.sra.ebi.ac.uk/vol1/run/ERR543/ERR5430186/33515_3#117.cram.crai	
ERR5430187	PRJEB30134	SAMEA6450745	ERX5214878	562	Escherichia coli	ftp.sra.ebi.ac.uk/vol1/fastq/ERR543/007/ERR5430187/ERR5430187_1.fastq.gz;ftp.sra.ebi.ac.uk/vol1/fastq/ERR543/007/ERR5430187/ERR5430187_2.fastq.gz	ftp.sra.ebi.ac.uk/vol1/run/ERR543/ERR5430187/33515_3#118.cram;ftp.sra.ebi.ac.uk/vol1/run/ERR543/ERR5430187/33515_3#118.cram.crai	
ERR5430189	PRJEB30134	SAMEA6450940	ERX5214880	562	Escherichia coli	ftp.sra.ebi.ac.uk/vol1/fastq/ERR543/009/ERR5430189/ERR5430189_1.fastq.gz;ftp.sra.ebi.ac.uk/vol1/fastq/ERR543/009/ERR5430189/ERR5430189_2.fastq.gz	ftp.sra.ebi.ac.uk/vol1/run/ERR543/ERR5430189/33515_3#120.cram;ftp.sra.ebi.ac.uk/vol1/run/ERR543/ERR5430189/33515_3#120.cram.crai	
ERR5430191	PRJEB30134	SAMEA6450746	ERX5214882	562	Escherichia coli	ftp.sra.ebi.ac.uk/vol1/fastq/ERR543/001/ERR5430191/ERR5430191_1.fastq.gz;ftp.sra.ebi.ac.uk/vol1/fastq/ERR543/001/ERR5430191/ERR5430191_2.fastq.gz	ftp.sra.ebi.ac.uk/vol1/run/ERR543/ERR5430191/33515_3#122.cram;ftp.sra.ebi.ac.uk/vol1/run/ERR543/ERR5430191/33515_3#122.cram.crai	
ERR5430198	PRJEB30134	SAMEA6450749	ERX5214889	562	Escherichia coli	ftp.sra.ebi.ac.uk/vol1/fastq/ERR543/008/ERR5430198/ERR5430198_1.fastq.gz;ftp.sra.ebi.ac.uk/vol1/fastq/ERR543/008/ERR5430198/ERR5430198_2.fastq.gz	ftp.sra.ebi.ac.uk/vol1/run/ERR543/ERR5430198/33515_3#129.cram;ftp.sra.ebi.ac.uk/vol1/run/ERR543/ERR5430198/33515_3#129.cram.crai	
ERR5430202	PRJEB30134	SAMEA6450752	ERX5214893	562	Escherichia coli	ftp.sra.ebi.ac.uk/vol1/fastq/ERR543/002/ERR5430202/ERR5430202_1.fastq.gz;ftp.sra.ebi.ac.uk/vol1/fastq/ERR543/002/ERR5430202/ERR5430202_2.fastq.gz	ftp.sra.ebi.ac.uk/vol1/run/ERR543/ERR5430202/33515_3#133.cram;ftp.sra.ebi.ac.uk/vol1/run/ERR543/ERR5430202/33515_3#133.cram.crai	
ERR5430203	PRJEB30134	SAMEA6450999	ERX5214894	562	Escherichia coli	ftp.sra.ebi.ac.uk/vol1/fastq/ERR543/003/ERR5430203/ERR5430203_1.fastq.gz;ftp.sra.ebi.ac.uk/vol1/fastq/ERR543/003/ERR5430203/ERR5430203_2.fastq.gz	ftp.sra.ebi.ac.uk/vol1/run/ERR543/ERR5430203/33515_3#134.cram;ftp.sra.ebi.ac.uk/vol1/run/ERR543/ERR5430203/33515_3#134.cram.crai	
ERR5430207	PRJEB30134	SAMEA6451019	ERX5214898	562	Escherichia coli	ftp.sra.ebi.ac.uk/vol1/fastq/ERR543/007/ERR5430207/ERR5430207_1.fastq.gz;ftp.sra.ebi.ac.uk/vol1/fastq/ERR543/007/ERR5430207/ERR5430207_2.fastq.gz	ftp.sra.ebi.ac.uk/vol1/run/ERR543/ERR5430207/33515_3#138.cram;ftp.sra.ebi.ac.uk/vol1/run/ERR543/ERR5430207/33515_3#138.cram.crai	
ERR5430208	PRJEB30134	SAMEA6451030	ERX5214899	562	Escherichia coli	ftp.sra.ebi.ac.uk/vol1/fastq/ERR543/008/ERR5430208/ERR5430208_1.fastq.gz;ftp.sra.ebi.ac.uk/vol1/fastq/ERR543/008/ERR5430208/ERR5430208_2.fastq.gz	ftp.sra.ebi.ac.uk/vol1/run/ERR543/ERR5430208/33515_3#139.cram;ftp.sra.ebi.ac.uk/vol1/run/ERR543/ERR5430208/33515_3#139.cram.crai	
ERR5430212	PRJEB30134	SAMEA6451045	ERX5214903	562	Escherichia coli	ftp.sra.ebi.ac.uk/vol1/fastq/ERR543/002/ERR5430212/ERR5430212_1.fastq.gz;ftp.sra.ebi.ac.uk/vol1/fastq/ERR543/002/ERR5430212/ERR5430212_2.fastq.gz	ftp.sra.ebi.ac.uk/vol1/run/ERR543/ERR5430212/33515_3#143.cram;ftp.sra.ebi.ac.uk/vol1/run/ERR543/ERR5430212/33515_3#143.cram.crai	
ERR5430213	PRJEB30134	SAMEA6450759	ERX5214904	562	Escherichia coli	ftp.sra.ebi.ac.uk/vol1/fastq/ERR543/003/ERR5430213/ERR5430213_1.fastq.gz;ftp.sra.ebi.ac.uk/vol1/fastq/ERR543/003/ERR5430213/ERR5430213_2.fastq.gz	ftp.sra.ebi.ac.uk/vol1/run/ERR543/ERR5430213/33515_3#144.cram;ftp.sra.ebi.ac.uk/vol1/run/ERR543/ERR5430213/33515_3#144.cram.crai	
ERR5430216	PRJEB30134	SAMEA6450763	ERX5214907	562	Escherichia coli	ftp.sra.ebi.ac.uk/vol1/fastq/ERR543/006/ERR5430216/ERR5430216_1.fastq.gz;ftp.sra.ebi.ac.uk/vol1/fastq/ERR543/006/ERR5430216/ERR5430216_2.fastq.gz	ftp.sra.ebi.ac.uk/vol1/run/ERR543/ERR5430216/33515_3#147.cram;ftp.sra.ebi.ac.uk/vol1/run/ERR543/ERR5430216/33515_3#147.cram.crai	
ERR5430219	PRJEB30134	SAMEA6450761	ERX5214910	562	Escherichia coli	ftp.sra.ebi.ac.uk/vol1/fastq/ERR543/009/ERR5430219/ERR5430219_1.fastq.gz;ftp.sra.ebi.ac.uk/vol1/fastq/ERR543/009/ERR5430219/ERR5430219_2.fastq.gz	ftp.sra.ebi.ac.uk/vol1/run/ERR543/ERR5430219/33515_3#150.cram;ftp.sra.ebi.ac.uk/vol1/run/ERR543/ERR5430219/33515_3#150.cram.crai	
ERR5430221	PRJEB30134	SAMEA6451060	ERX5214912	562	Escherichia coli	ftp.sra.ebi.ac.uk/vol1/fastq/ERR543/001/ERR5430221/ERR5430221_1.fastq.gz;ftp.sra.ebi.ac.uk/vol1/fastq/ERR543/001/ERR5430221/ERR5430221_2.fastq.gz	ftp.sra.ebi.ac.uk/vol1/run/ERR543/ERR5430221/33515_3#152.cram;ftp.sra.ebi.ac.uk/vol1/run/ERR543/ERR5430221/33515_3#152.cram.crai	
ERR5430224	PRJEB30134	SAMEA6450766	ERX5214915	562	Escherichia coli	ftp.sra.ebi.ac.uk/vol1/fastq/ERR543/004/ERR5430224/ERR5430224_1.fastq.gz;ftp.sra.ebi.ac.uk/vol1/fastq/ERR543/004/ERR5430224/ERR5430224_2.fastq.gz	ftp.sra.ebi.ac.uk/vol1/run/ERR543/ERR5430224/33515_3#155.cram;ftp.sra.ebi.ac.uk/vol1/run/ERR543/ERR5430224/33515_3#155.cram.crai	
ERR5430226	PRJEB30134	SAMEA6451064	ERX5214917	562	Escherichia coli	ftp.sra.ebi.ac.uk/vol1/fastq/ERR543/006/ERR5430226/ERR5430226_1.fastq.gz;ftp.sra.ebi.ac.uk/vol1/fastq/ERR543/006/ERR5430226/ERR5430226_2.fastq.gz	ftp.sra.ebi.ac.uk/vol1/run/ERR543/ERR5430226/33515_3#157.cram;ftp.sra.ebi.ac.uk/vol1/run/ERR543/ERR5430226/33515_3#157.cram.crai	
ERR5430231	PRJEB30134	SAMEA6451089	ERX5214922	1280	Staphylococcus aureus	ftp.sra.ebi.ac.uk/vol1/fastq/ERR543/001/ERR5430231/ERR5430231_1.fastq.gz;ftp.sra.ebi.ac.uk/vol1/fastq/ERR543/001/ERR5430231/ERR5430231_2.fastq.gz	ftp.sra.ebi.ac.uk/vol1/run/ERR543/ERR5430231/33515_3#162.cram;ftp.sra.ebi.ac.uk/vol1/run/ERR543/ERR5430231/33515_3#162.cram.crai	
ERR5430233	PRJEB30134	SAMEA6450772	ERX5214924	562	Escherichia coli	ftp.sra.ebi.ac.uk/vol1/fastq/ERR543/003/ERR5430233/ERR5430233_1.fastq.gz;ftp.sra.ebi.ac.uk/vol1/fastq/ERR543/003/ERR5430233/ERR5430233_2.fastq.gz	ftp.sra.ebi.ac.uk/vol1/run/ERR543/ERR5430233/33515_3#164.cram;ftp.sra.ebi.ac.uk/vol1/run/ERR543/ERR5430233/33515_3#164.cram.crai	
ERR5430235	PRJEB30134	SAMEA6451090	ERX5214926	1280	Staphylococcus aureus	ftp.sra.ebi.ac.uk/vol1/fastq/ERR543/005/ERR5430235/ERR5430235_1.fastq.gz;ftp.sra.ebi.ac.uk/vol1/fastq/ERR543/005/ERR5430235/ERR5430235_2.fastq.gz	ftp.sra.ebi.ac.uk/vol1/run/ERR543/ERR5430235/33515_3#166.cram;ftp.sra.ebi.ac.uk/vol1/run/ERR543/ERR5430235/33515_3#166.cram.crai	
ERR5430237	PRJEB30134	SAMEA6450773	ERX5214928	562	Escherichia coli	ftp.sra.ebi.ac.uk/vol1/fastq/ERR543/007/ERR5430237/ERR5430237_1.fastq.gz;ftp.sra.ebi.ac.uk/vol1/fastq/ERR543/007/ERR5430237/ERR5430237_2.fastq.gz	ftp.sra.ebi.ac.uk/vol1/run/ERR543/ERR5430237/33515_3#168.cram;ftp.sra.ebi.ac.uk/vol1/run/ERR543/ERR5430237/33515_3#168.cram.crai	
ERR5430241	PRJEB30134	SAMEA6450778	ERX5214932	562	Escherichia coli	ftp.sra.ebi.ac.uk/vol1/fastq/ERR543/001/ERR5430241/ERR5430241_1.fastq.gz;ftp.sra.ebi.ac.uk/vol1/fastq/ERR543/001/ERR5430241/ERR5430241_2.fastq.gz	ftp.sra.ebi.ac.uk/vol1/run/ERR543/ERR5430241/33515_3#172.cram;ftp.sra.ebi.ac.uk/vol1/run/ERR543/ERR5430241/33515_3#172.cram.crai	
ERR5430243	PRJEB30134	SAMEA6451224	ERX5214934	562	Escherichia coli	ftp.sra.ebi.ac.uk/vol1/fastq/ERR543/003/ERR5430243/ERR5430243_1.fastq.gz;ftp.sra.ebi.ac.uk/vol1/fastq/ERR543/003/ERR5430243/ERR5430243_2.fastq.gz	ftp.sra.ebi.ac.uk/vol1/run/ERR543/ERR5430243/33515_3#174.cram;ftp.sra.ebi.ac.uk/vol1/run/ERR543/ERR5430243/33515_3#174.cram.crai	
ERR5430245	PRJEB30134	SAMEA6450781	ERX5214936	562	Escherichia coli	ftp.sra.ebi.ac.uk/vol1/fastq/ERR543/005/ERR5430245/ERR5430245_1.fastq.gz;ftp.sra.ebi.ac.uk/vol1/fastq/ERR543/005/ERR5430245/ERR5430245_2.fastq.gz	ftp.sra.ebi.ac.uk/vol1/run/ERR543/ERR5430245/33515_3#176.cram;ftp.sra.ebi.ac.uk/vol1/run/ERR543/ERR5430245/33515_3#176.cram.crai	
ERR5430246	PRJEB30134	SAMEA6450785	ERX5214937	562	Escherichia coli	ftp.sra.ebi.ac.uk/vol1/fastq/ERR543/006/ERR5430246/ERR5430246_1.fastq.gz;ftp.sra.ebi.ac.uk/vol1/fastq/ERR543/006/ERR5430246/ERR5430246_2.fastq.gz	ftp.sra.ebi.ac.uk/vol1/run/ERR543/ERR5430246/33515_3#177.cram;ftp.sra.ebi.ac.uk/vol1/run/ERR543/ERR5430246/33515_3#177.cram.crai	
ERR5430249	PRJEB30134	SAMEA6450791	ERX5214940	562	Escherichia coli	ftp.sra.ebi.ac.uk/vol1/fastq/ERR543/009/ERR5430249/ERR5430249_1.fastq.gz;ftp.sra.ebi.ac.uk/vol1/fastq/ERR543/009/ERR5430249/ERR5430249_2.fastq.gz	ftp.sra.ebi.ac.uk/vol1/run/ERR543/ERR5430249/33515_3#180.cram;ftp.sra.ebi.ac.uk/vol1/run/ERR543/ERR5430249/33515_3#180.cram.crai	
ERR5430252	PRJEB30134	SAMEA6450794	ERX5214943	562	Escherichia coli	ftp.sra.ebi.ac.uk/vol1/fastq/ERR543/002/ERR5430252/ERR5430252_1.fastq.gz;ftp.sra.ebi.ac.uk/vol1/fastq/ERR543/002/ERR5430252/ERR5430252_2.fastq.gz	ftp.sra.ebi.ac.uk/vol1/run/ERR543/ERR5430252/33515_3#183.cram;ftp.sra.ebi.ac.uk/vol1/run/ERR543/ERR5430252/33515_3#183.cram.crai	
ERR8282740	PRJEB30134	SAMEA5226443	ERX7850171	573	Klebsiella pneumoniae	ftp.sra.ebi.ac.uk/vol1/fastq/ERR828/000/ERR8282740/ERR8282740.fastq.gz	ftp.sra.ebi.ac.uk/vol1/run/ERR828/ERR8282740/cpe003.fastq.gz	ftp.sra.ebi.ac.uk/vol1/err/ERR828/000/ERR8282740.bam
ERR8282741	PRJEB30134	SAMEA5226444	ERX7850172	573	Klebsiella pneumoniae	ftp.sra.ebi.ac.uk/vol1/fastq/ERR828/001/ERR8282741/ERR8282741.fastq.gz	ftp.sra.ebi.ac.uk/vol1/run/ERR828/ERR8282741/cpe004.fastq.gz	ftp.sra.ebi.ac.uk/vol1/err/ERR828/001/ERR8282741.bam
ERR8282747	PRJEB30134	SAMEA6451150	ERX7850178	573	Klebsiella pneumoniae	ftp.sra.ebi.ac.uk/vol1/fastq/ERR828/007/ERR8282747/ERR8282747.fastq.gz	ftp.sra.ebi.ac.uk/vol1/run/ERR828/ERR8282747/cpe010.fastq.gz	ftp.sra.ebi.ac.uk/vol1/err/ERR828/007/ERR8282747.bam
ERR8282748	PRJEB30134	SAMEA6451152	ERX7850179	470	Acinetobacter baumannii	ftp.sra.ebi.ac.uk/vol1/fastq/ERR828/008/ERR8282748/ERR8282748.fastq.gz	ftp.sra.ebi.ac.uk/vol1/run/ERR828/ERR8282748/cpe011.fastq.gz	ftp.sra.ebi.ac.uk/vol1/err/ERR828/008/ERR8282748.bam
ERR8282749	PRJEB30134	SAMEA6451147	ERX7850180	562	Escherichia coli	ftp.sra.ebi.ac.uk/vol1/fastq/ERR828/009/ERR8282749/ERR8282749.fastq.gz	ftp.sra.ebi.ac.uk/vol1/run/ERR828/ERR8282749/cpe012.fastq.gz	ftp.sra.ebi.ac.uk/vol1/err/ERR828/009/ERR8282749.bam
ERR8282751	PRJEB30134	SAMEA5226450	ERX7850182	562	Escherichia coli	ftp.sra.ebi.ac.uk/vol1/fastq/ERR828/001/ERR8282751/ERR8282751.fastq.gz	ftp.sra.ebi.ac.uk/vol1/run/ERR828/ERR8282751/cpe014.fastq.gz	ftp.sra.ebi.ac.uk/vol1/err/ERR828/001/ERR8282751.bam
ERR8282757	PRJEB30134	SAMEA6451156	ERX7850188	562	Escherichia coli	ftp.sra.ebi.ac.uk/vol1/fastq/ERR828/007/ERR8282757/ERR8282757.fastq.gz	ftp.sra.ebi.ac.uk/vol1/run/ERR828/ERR8282757/cpe020.fastq.gz	ftp.sra.ebi.ac.uk/vol1/err/ERR828/007/ERR8282757.bam
ERR8282758	PRJEB30134	SAMEA6451160	ERX7850189	573	Klebsiella pneumoniae	ftp.sra.ebi.ac.uk/vol1/fastq/ERR828/008/ERR8282758/ERR8282758.fastq.gz	ftp.sra.ebi.ac.uk/vol1/run/ERR828/ERR8282758/cpe022.fastq.gz	ftp.sra.ebi.ac.uk/vol1/err/ERR828/008/ERR8282758.bam
ERR8282762	PRJEB30134	SAMEA5226455	ERX7850193	562	Escherichia coli	ftp.sra.ebi.ac.uk/vol1/fastq/ERR828/002/ERR8282762/ERR8282762.fastq.gz	ftp.sra.ebi.ac.uk/vol1/run/ERR828/ERR8282762/cpe026.fastq.gz	ftp.sra.ebi.ac.uk/vol1/err/ERR828/002/ERR8282762.bam
ERR8282764	PRJEB30134	SAMEA6451159	ERX7850195	562	Escherichia coli	ftp.sra.ebi.ac.uk/vol1/fastq/ERR828/004/ERR8282764/ERR8282764.fastq.gz	ftp.sra.ebi.ac.uk/vol1/run/ERR828/ERR8282764/cpe028.fastq.gz	ftp.sra.ebi.ac.uk/vol1/err/ERR828/004/ERR8282764.bam
ERR8282765	PRJEB30134	SAMEA6451158	ERX7850196	573	Klebsiella pneumoniae	ftp.sra.ebi.ac.uk/vol1/fastq/ERR828/005/ERR8282765/ERR8282765.fastq.gz	ftp.sra.ebi.ac.uk/vol1/run/ERR828/ERR8282765/cpe029.fastq.gz	ftp.sra.ebi.ac.uk/vol1/err/ERR828/005/ERR8282765.bam
ERR8282766	PRJEB30134	SAMEA6451166	ERX7850197	562	Escherichia coli	ftp.sra.ebi.ac.uk/vol1/fastq/ERR828/006/ERR8282766/ERR8282766.fastq.gz	ftp.sra.ebi.ac.uk/vol1/run/ERR828/ERR8282766/cpe032.fastq.gz	ftp.sra.ebi.ac.uk/vol1/err/ERR828/006/ERR8282766.bam
ERR8282770	PRJEB30134	SAMEA5226462	ERX7850201	48296	Acinetobacter pittii	ftp.sra.ebi.ac.uk/vol1/fastq/ERR828/000/ERR8282770/ERR8282770.fastq.gz	ftp.sra.ebi.ac.uk/vol1/run/ERR828/ERR8282770/cpe037.fastq.gz	ftp.sra.ebi.ac.uk/vol1/err/ERR828/000/ERR8282770.bam
ERR8282774	PRJEB30134	SAMEA5226468	ERX7850205	573	Klebsiella pneumoniae	ftp.sra.ebi.ac.uk/vol1/fastq/ERR828/004/ERR8282774/ERR8282774.fastq.gz	ftp.sra.ebi.ac.uk/vol1/run/ERR828/ERR8282774/cpe043.fastq.gz	ftp.sra.ebi.ac.uk/vol1/err/ERR828/004/ERR8282774.bam
ERR8282777	PRJEB30134	SAMEA5226471	ERX7850208	562	Escherichia coli	ftp.sra.ebi.ac.uk/vol1/fastq/ERR828/007/ERR8282777/ERR8282777.fastq.gz	ftp.sra.ebi.ac.uk/vol1/run/ERR828/ERR8282777/cpe046.fastq.gz	ftp.sra.ebi.ac.uk/vol1/err/ERR828/007/ERR8282777.bam
ERR8282778	PRJEB30134	SAMEA5226472	ERX7850209	573	Klebsiella pneumoniae	ftp.sra.ebi.ac.uk/vol1/fastq/ERR828/008/ERR8282778/ERR8282778.fastq.gz	ftp.sra.ebi.ac.uk/vol1/run/ERR828/ERR8282778/cpe047.fastq.gz	ftp.sra.ebi.ac.uk/vol1/err/ERR828/008/ERR8282778.bam
ERR8282779	PRJEB30134	SAMEA5226473	ERX7850210	470	Acinetobacter baumannii	ftp.sra.ebi.ac.uk/vol1/fastq/ERR828/009/ERR8282779/ERR8282779.fastq.gz	ftp.sra.ebi.ac.uk/vol1/run/ERR828/ERR8282779/cpe048.fastq.gz	ftp.sra.ebi.ac.uk/vol1/err/ERR828/009/ERR8282779.bam
ERR8282780	PRJEB30134	SAMEA5226474	ERX7850211	573	Klebsiella pneumoniae	ftp.sra.ebi.ac.uk/vol1/fastq/ERR828/000/ERR8282780/ERR8282780.fastq.gz	ftp.sra.ebi.ac.uk/vol1/run/ERR828/ERR8282780/cpe049.fastq.gz	ftp.sra.ebi.ac.uk/vol1/err/ERR828/000/ERR8282780.bam
ERR8282787	PRJEB30134	SAMEA5226483	ERX7850218	573	Klebsiella pneumoniae	ftp.sra.ebi.ac.uk/vol1/fastq/ERR828/007/ERR8282787/ERR8282787.fastq.gz	ftp.sra.ebi.ac.uk/vol1/run/ERR828/ERR8282787/cpe058.fastq.gz	ftp.sra.ebi.ac.uk/vol1/err/ERR828/007/ERR8282787.bam
ERR8282789	PRJEB30134	SAMEA5226485	ERX7850220	573	Klebsiella pneumoniae	ftp.sra.ebi.ac.uk/vol1/fastq/ERR828/009/ERR8282789/ERR8282789.fastq.gz	ftp.sra.ebi.ac.uk/vol1/run/ERR828/ERR8282789/cpe060.fastq.gz	ftp.sra.ebi.ac.uk/vol1/err/ERR828/009/ERR8282789.bam
ERR8282790	PRJEB30134	SAMEA5226486	ERX7850221	573	Klebsiella pneumoniae	ftp.sra.ebi.ac.uk/vol1/fastq/ERR828/000/ERR8282790/ERR8282790.fastq.gz	ftp.sra.ebi.ac.uk/vol1/run/ERR828/ERR8282790/cpe061.fastq.gz	ftp.sra.ebi.ac.uk/vol1/err/ERR828/000/ERR8282790.bam
ERR8282793	PRJEB30134	SAMEA6451163	ERX7850224	562	Escherichia coli	ftp.sra.ebi.ac.uk/vol1/fastq/ERR828/003/ERR8282793/ERR8282793.fastq.gz	ftp.sra.ebi.ac.uk/vol1/run/ERR828/ERR8282793/cpe069.fastq.gz	ftp.sra.ebi.ac.uk/vol1/err/ERR828/003/ERR8282793.bam
ERR8282794	PRJEB30134	SAMEA6451165	ERX7850225	573	Klebsiella pneumoniae	ftp.sra.ebi.ac.uk/vol1/fastq/ERR828/004/ERR8282794/ERR8282794.fastq.gz	ftp.sra.ebi.ac.uk/vol1/run/ERR828/ERR8282794/cpe070.fastq.gz	ftp.sra.ebi.ac.uk/vol1/err/ERR828/004/ERR8282794.bam
ERR8282795	PRJEB30134	SAMEA6451169	ERX7850226	562	Escherichia coli	ftp.sra.ebi.ac.uk/vol1/fastq/ERR828/005/ERR8282795/ERR8282795.fastq.gz	ftp.sra.ebi.ac.uk/vol1/run/ERR828/ERR8282795/cpe072.fastq.gz	ftp.sra.ebi.ac.uk/vol1/err/ERR828/005/ERR8282795.bam
ERR8282796	PRJEB30134	SAMEA6451170	ERX7850227	573	Klebsiella pneumoniae	ftp.sra.ebi.ac.uk/vol1/fastq/ERR828/006/ERR8282796/ERR8282796.fastq.gz	ftp.sra.ebi.ac.uk/vol1/run/ERR828/ERR8282796/cpe073.fastq.gz	ftp.sra.ebi.ac.uk/vol1/err/ERR828/006/ERR8282796.bam
ERR8282797	PRJEB30134	SAMEA6451094	ERX7850228	573	Klebsiella pneumoniae	ftp.sra.ebi.ac.uk/vol1/fastq/ERR828/007/ERR8282797/ERR8282797.fastq.gz	ftp.sra.ebi.ac.uk/vol1/run/ERR828/ERR8282797/cpe076.fastq.gz	ftp.sra.ebi.ac.uk/vol1/err/ERR828/007/ERR8282797.bam
ERR8282799	PRJEB30134	SAMEA6451093	ERX7850230	562	Escherichia coli	ftp.sra.ebi.ac.uk/vol1/fastq/ERR828/009/ERR8282799/ERR8282799.fastq.gz	ftp.sra.ebi.ac.uk/vol1/run/ERR828/ERR8282799/cpe078.fastq.gz	ftp.sra.ebi.ac.uk/vol1/err/ERR828/009/ERR8282799.bam
ERR8282800	PRJEB30134	SAMEA6451098	ERX7850231	287	Pseudomonas aeruginosa	ftp.sra.ebi.ac.uk/vol1/fastq/ERR828/000/ERR8282800/ERR8282800.fastq.gz	ftp.sra.ebi.ac.uk/vol1/run/ERR828/ERR8282800/cpe079.fastq.gz	ftp.sra.ebi.ac.uk/vol1/err/ERR828/000/ERR8282800.bam
ERR8282804	PRJEB30134	SAMEA6451099	ERX7850235	573	Klebsiella pneumoniae	ftp.sra.ebi.ac.uk/vol1/fastq/ERR828/004/ERR8282804/ERR8282804.fastq.gz	ftp.sra.ebi.ac.uk/vol1/run/ERR828/ERR8282804/cpe083.fastq.gz	ftp.sra.ebi.ac.uk/vol1/err/ERR828/004/ERR8282804.bam
ERR8282811	PRJEB30134	SAMEA6451106	ERX7850242	562	Escherichia coli	ftp.sra.ebi.ac.uk/vol1/fastq/ERR828/001/ERR8282811/ERR8282811.fastq.gz	ftp.sra.ebi.ac.uk/vol1/run/ERR828/ERR8282811/cpe091.fastq.gz	ftp.sra.ebi.ac.uk/vol1/err/ERR828/001/ERR8282811.bam
ERR8282814	PRJEB30134	SAMEA6451113	ERX7850245	573	Klebsiella pneumoniae	ftp.sra.ebi.ac.uk/vol1/fastq/ERR828/004/ERR8282814/ERR8282814.fastq.gz	ftp.sra.ebi.ac.uk/vol1/run/ERR828/ERR8282814/cpe097.fastq.gz	ftp.sra.ebi.ac.uk/vol1/err/ERR828/004/ERR8282814.bam
ERR8282816	PRJEB30134	SAMEA6451114	ERX7850247	562	Escherichia coli	ftp.sra.ebi.ac.uk/vol1/fastq/ERR828/006/ERR8282816/ERR8282816.fastq.gz	ftp.sra.ebi.ac.uk/vol1/run/ERR828/ERR8282816/cpe099.fastq.gz	ftp.sra.ebi.ac.uk/vol1/err/ERR828/006/ERR8282816.bam
ERR8282818	PRJEB30134	SAMEA6451123	ERX7850249	571	Klebsiella oxytoca	ftp.sra.ebi.ac.uk/vol1/fastq/ERR828/008/ERR8282818/ERR8282818.fastq.gz	ftp.sra.ebi.ac.uk/vol1/run/ERR828/ERR8282818/cpe102.fastq.gz	ftp.sra.ebi.ac.uk/vol1/err/ERR828/008/ERR8282818.bam
ERR8282819	PRJEB30134	SAMEA6451119	ERX7850250	550	Enterobacter cloacae	ftp.sra.ebi.ac.uk/vol1/fastq/ERR828/009/ERR8282819/ERR8282819.fastq.gz	ftp.sra.ebi.ac.uk/vol1/run/ERR828/ERR8282819/cpe104.fastq.gz	ftp.sra.ebi.ac.uk/vol1/err/ERR828/009/ERR8282819.bam
ERR8282820	PRJEB30134	SAMEA6451122	ERX7850251	54291	Klebsiella ornithinolytica	ftp.sra.ebi.ac.uk/vol1/fastq/ERR828/000/ERR8282820/ERR8282820.fastq.gz	ftp.sra.ebi.ac.uk/vol1/run/ERR828/ERR8282820/cpe105.fastq.gz	ftp.sra.ebi.ac.uk/vol1/err/ERR828/000/ERR8282820.bam
ERR4095874	PRJEB30134	SAMEA5226338	ERX4091172	108980	Acinetobacter ursingii	ftp.sra.ebi.ac.uk/vol1/fastq/ERR409/004/ERR4095874/ERR4095874_1.fastq.gz;ftp.sra.ebi.ac.uk/vol1/fastq/ERR409/004/ERR4095874/ERR4095874_2.fastq.gz	ftp.sra.ebi.ac.uk/vol1/run/ERR409/ERR4095874/29210_5#1.cram	
ERR4095875	PRJEB30134	SAMEA5226422	ERX4091173	571	Klebsiella oxytoca	ftp.sra.ebi.ac.uk/vol1/fastq/ERR409/005/ERR4095875/ERR4095875_1.fastq.gz;ftp.sra.ebi.ac.uk/vol1/fastq/ERR409/005/ERR4095875/ERR4095875_2.fastq.gz	ftp.sra.ebi.ac.uk/vol1/run/ERR409/ERR4095875/29210_5#2.cram	
ERR4095876	PRJEB30134	SAMEA5226339	ERX4091174	28090	Acinetobacter lwoffii	ftp.sra.ebi.ac.uk/vol1/fastq/ERR409/006/ERR4095876/ERR4095876_1.fastq.gz;ftp.sra.ebi.ac.uk/vol1/fastq/ERR409/006/ERR4095876/ERR4095876_2.fastq.gz	ftp.sra.ebi.ac.uk/vol1/run/ERR409/ERR4095876/29210_5#3.cram	
ERR4095877	PRJEB30134	SAMEA5226423	ERX4091175	573	Klebsiella pneumoniae	ftp.sra.ebi.ac.uk/vol1/fastq/ERR409/007/ERR4095877/ERR4095877_1.fastq.gz;ftp.sra.ebi.ac.uk/vol1/fastq/ERR409/007/ERR4095877/ERR4095877_2.fastq.gz	ftp.sra.ebi.ac.uk/vol1/run/ERR409/ERR4095877/29210_5#4.cram;ftp.sra.ebi.ac.uk/vol1/run/ERR409/ERR4095877/29210_5#4.cram.crai	
ERR4095878	PRJEB30134	SAMEA5226341	ERX4091176	108980	Acinetobacter ursingii	ftp.sra.ebi.ac.uk/vol1/fastq/ERR409/008/ERR4095878/ERR4095878_1.fastq.gz;ftp.sra.ebi.ac.uk/vol1/fastq/ERR409/008/ERR4095878/ERR4095878_2.fastq.gz	ftp.sra.ebi.ac.uk/vol1/run/ERR409/ERR4095878/29210_5#5.cram	
ERR4095879	PRJEB30134	SAMEA5226424	ERX4091177	571	Klebsiella oxytoca	ftp.sra.ebi.ac.uk/vol1/fastq/ERR409/009/ERR4095879/ERR4095879_1.fastq.gz;ftp.sra.ebi.ac.uk/vol1/fastq/ERR409/009/ERR4095879/ERR4095879_2.fastq.gz	ftp.sra.ebi.ac.uk/vol1/run/ERR409/ERR4095879/29210_5#6.cram	
ERR4095883	PRJEB30134	SAMEA5226426	ERX4091181	573	Klebsiella pneumoniae	ftp.sra.ebi.ac.uk/vol1/fastq/ERR409/003/ERR4095883/ERR4095883_1.fastq.gz;ftp.sra.ebi.ac.uk/vol1/fastq/ERR409/003/ERR4095883/ERR4095883_2.fastq.gz	ftp.sra.ebi.ac.uk/vol1/run/ERR409/ERR4095883/29210_5#10.cram;ftp.sra.ebi.ac.uk/vol1/run/ERR409/ERR4095883/29210_5#10.cram.crai	
ERR4095884	PRJEB30134	SAMEA5936380	ERX4091182	470	Acinetobacter baumannii	ftp.sra.ebi.ac.uk/vol1/fastq/ERR409/004/ERR4095884/ERR4095884_1.fastq.gz;ftp.sra.ebi.ac.uk/vol1/fastq/ERR409/004/ERR4095884/ERR4095884_2.fastq.gz	ftp.sra.ebi.ac.uk/vol1/run/ERR409/ERR4095884/29210_5#11.cram	
ERR4095888	PRJEB30134	SAMEA5226357	ERX4091186	571	Klebsiella oxytoca	ftp.sra.ebi.ac.uk/vol1/fastq/ERR409/008/ERR4095888/ERR4095888_1.fastq.gz;ftp.sra.ebi.ac.uk/vol1/fastq/ERR409/008/ERR4095888/ERR4095888_2.fastq.gz	ftp.sra.ebi.ac.uk/vol1/run/ERR409/ERR4095888/29210_5#15.cram	
ERR4095889	PRJEB30134	SAMEA5226429	ERX4091187	573	Klebsiella pneumoniae	ftp.sra.ebi.ac.uk/vol1/fastq/ERR409/009/ERR4095889/ERR4095889_1.fastq.gz;ftp.sra.ebi.ac.uk/vol1/fastq/ERR409/009/ERR4095889/ERR4095889_2.fastq.gz	ftp.sra.ebi.ac.uk/vol1/run/ERR409/ERR4095889/29210_5#16.cram;ftp.sra.ebi.ac.uk/vol1/run/ERR409/ERR4095889/29210_5#16.cram.crai	
ERR4095890	PRJEB30134	SAMEA5226358	ERX4091188	573	Klebsiella pneumoniae	ftp.sra.ebi.ac.uk/vol1/fastq/ERR409/000/ERR4095890/ERR4095890_1.fastq.gz;ftp.sra.ebi.ac.uk/vol1/fastq/ERR409/000/ERR4095890/ERR4095890_2.fastq.gz	ftp.sra.ebi.ac.uk/vol1/run/ERR409/ERR4095890/29210_5#17.cram;ftp.sra.ebi.ac.uk/vol1/run/ERR409/ERR4095890/29210_5#17.cram.crai	
ERR4095894	PRJEB30134	SAMEA5226398	ERX4091192	573	Klebsiella pneumoniae	ftp.sra.ebi.ac.uk/vol1/fastq/ERR409/004/ERR4095894/ERR4095894_1.fastq.gz;ftp.sra.ebi.ac.uk/vol1/fastq/ERR409/004/ERR4095894/ERR4095894_2.fastq.gz	ftp.sra.ebi.ac.uk/vol1/run/ERR409/ERR4095894/29210_5#21.cram;ftp.sra.ebi.ac.uk/vol1/run/ERR409/ERR4095894/29210_5#21.cram.crai	
ERR4095896	PRJEB30134	SAMEA5226400	ERX4091194	573	Klebsiella pneumoniae	ftp.sra.ebi.ac.uk/vol1/fastq/ERR409/006/ERR4095896/ERR4095896_1.fastq.gz;ftp.sra.ebi.ac.uk/vol1/fastq/ERR409/006/ERR4095896/ERR4095896_2.fastq.gz	ftp.sra.ebi.ac.uk/vol1/run/ERR409/ERR4095896/29210_5#23.cram;ftp.sra.ebi.ac.uk/vol1/run/ERR409/ERR4095896/29210_5#23.cram.crai	
ERR4095906	PRJEB30134	SAMEA5226441	ERX4091204	1314	Streptococcus pyogenes	ftp.sra.ebi.ac.uk/vol1/fastq/ERR409/006/ERR4095906/ERR4095906_1.fastq.gz;ftp.sra.ebi.ac.uk/vol1/fastq/ERR409/006/ERR4095906/ERR4095906_2.fastq.gz	ftp.sra.ebi.ac.uk/vol1/run/ERR409/ERR4095906/29210_5#33.cram;ftp.sra.ebi.ac.uk/vol1/run/ERR409/ERR4095906/29210_5#33.cram.crai	
ERR4095907	PRJEB30134	SAMEA5226451	ERX4091205	470	Acinetobacter baumannii	ftp.sra.ebi.ac.uk/vol1/fastq/ERR409/007/ERR4095907/ERR4095907_1.fastq.gz;ftp.sra.ebi.ac.uk/vol1/fastq/ERR409/007/ERR4095907/ERR4095907_2.fastq.gz	ftp.sra.ebi.ac.uk/vol1/run/ERR409/ERR4095907/29210_5#34.cram;ftp.sra.ebi.ac.uk/vol1/run/ERR409/ERR4095907/29210_5#34.cram.crai	
ERR4095908	PRJEB30134	SAMEA5226443	ERX4091206	573	Klebsiella pneumoniae	ftp.sra.ebi.ac.uk/vol1/fastq/ERR409/008/ERR4095908/ERR4095908_1.fastq.gz;ftp.sra.ebi.ac.uk/vol1/fastq/ERR409/008/ERR4095908/ERR4095908_2.fastq.gz	ftp.sra.ebi.ac.uk/vol1/run/ERR409/ERR4095908/29210_5#35.cram;ftp.sra.ebi.ac.uk/vol1/run/ERR409/ERR4095908/29210_5#35.cram.crai	
ERR4095909	PRJEB30134	SAMEA5226444	ERX4091207	573	Klebsiella pneumoniae	ftp.sra.ebi.ac.uk/vol1/fastq/ERR409/009/ERR4095909/ERR4095909_1.fastq.gz;ftp.sra.ebi.ac.uk/vol1/fastq/ERR409/009/ERR4095909/ERR4095909_2.fastq.gz	ftp.sra.ebi.ac.uk/vol1/run/ERR409/ERR4095909/29210_5#36.cram;ftp.sra.ebi.ac.uk/vol1/run/ERR409/ERR4095909/29210_5#36.cram.crai	
ERR4095912	PRJEB30134	SAMEA5226445	ERX4091210	287	Pseudomonas aeruginosa	ftp.sra.ebi.ac.uk/vol1/fastq/ERR409/002/ERR4095912/ERR4095912_1.fastq.gz;ftp.sra.ebi.ac.uk/vol1/fastq/ERR409/002/ERR4095912/ERR4095912_2.fastq.gz	ftp.sra.ebi.ac.uk/vol1/run/ERR409/ERR4095912/29210_5#39.cram	
ERR4095913	PRJEB30134	SAMEA5226446	ERX4091211	303	Pseudomonas putida	ftp.sra.ebi.ac.uk/vol1/fastq/ERR409/003/ERR4095913/ERR4095913_1.fastq.gz;ftp.sra.ebi.ac.uk/vol1/fastq/ERR409/003/ERR4095913/ERR4095913_2.fastq.gz	ftp.sra.ebi.ac.uk/vol1/run/ERR409/ERR4095913/29210_5#40.cram	
ERR4095914	PRJEB30134	SAMEA5226463	ERX4091212	573	Klebsiella pneumoniae	ftp.sra.ebi.ac.uk/vol1/fastq/ERR409/004/ERR4095914/ERR4095914_1.fastq.gz;ftp.sra.ebi.ac.uk/vol1/fastq/ERR409/004/ERR4095914/ERR4095914_2.fastq.gz	ftp.sra.ebi.ac.uk/vol1/run/ERR409/ERR4095914/29210_5#41.cram;ftp.sra.ebi.ac.uk/vol1/run/ERR409/ERR4095914/29210_5#41.cram.crai	
ERR4095915	PRJEB30134	SAMEA5226447	ERX4091213	287	Pseudomonas aeruginosa	ftp.sra.ebi.ac.uk/vol1/fastq/ERR409/005/ERR4095915/ERR4095915_1.fastq.gz;ftp.sra.ebi.ac.uk/vol1/fastq/ERR409/005/ERR4095915/ERR4095915_2.fastq.gz	ftp.sra.ebi.ac.uk/vol1/run/ERR409/ERR4095915/29210_5#42.cram;ftp.sra.ebi.ac.uk/vol1/run/ERR409/ERR4095915/29210_5#42.cram.crai	
ERR4095920	PRJEB30134	SAMEA5226488	ERX4091218	208224	Enterobacter kobei	ftp.sra.ebi.ac.uk/vol1/fastq/ERR409/000/ERR4095920/ERR4095920_1.fastq.gz;ftp.sra.ebi.ac.uk/vol1/fastq/ERR409/000/ERR4095920/ERR4095920_2.fastq.gz	ftp.sra.ebi.ac.uk/vol1/run/ERR409/ERR4095920/29210_5#47.cram	
ERR4095921	PRJEB30134	SAMEA5226491	ERX4091219	546	Citrobacter freundii	ftp.sra.ebi.ac.uk/vol1/fastq/ERR409/001/ERR4095921/ERR4095921_1.fastq.gz;ftp.sra.ebi.ac.uk/vol1/fastq/ERR409/001/ERR4095921/ERR4095921_2.fastq.gz	ftp.sra.ebi.ac.uk/vol1/run/ERR409/ERR4095921/29210_5#48.cram	
ERR4095931	PRJEB30134	SAMEA5226456	ERX4091229	303	Pseudomonas putida	ftp.sra.ebi.ac.uk/vol1/fastq/ERR409/001/ERR4095931/ERR4095931_1.fastq.gz;ftp.sra.ebi.ac.uk/vol1/fastq/ERR409/001/ERR4095931/ERR4095931_2.fastq.gz	ftp.sra.ebi.ac.uk/vol1/run/ERR409/ERR4095931/29210_5#58.cram	
ERR4095932	PRJEB30134	SAMEA5226348	ERX4091230	573	Klebsiella pneumoniae	ftp.sra.ebi.ac.uk/vol1/fastq/ERR409/002/ERR4095932/ERR4095932_1.fastq.gz;ftp.sra.ebi.ac.uk/vol1/fastq/ERR409/002/ERR4095932/ERR4095932_2.fastq.gz	ftp.sra.ebi.ac.uk/vol1/run/ERR409/ERR4095932/29210_5#59.cram;ftp.sra.ebi.ac.uk/vol1/run/ERR409/ERR4095932/29210_5#59.cram.crai	
ERR4095934	PRJEB30134	SAMEA5226457	ERX4091232	573	Klebsiella pneumoniae	ftp.sra.ebi.ac.uk/vol1/fastq/ERR409/004/ERR4095934/ERR4095934_1.fastq.gz;ftp.sra.ebi.ac.uk/vol1/fastq/ERR409/004/ERR4095934/ERR4095934_2.fastq.gz	ftp.sra.ebi.ac.uk/vol1/run/ERR409/ERR4095934/29210_5#61.cram;ftp.sra.ebi.ac.uk/vol1/run/ERR409/ERR4095934/29210_5#61.cram.crai	
ERR4095938	PRJEB30134	SAMEA5226460	ERX4091236	573	Klebsiella pneumoniae	ftp.sra.ebi.ac.uk/vol1/fastq/ERR409/008/ERR4095938/ERR4095938_1.fastq.gz;ftp.sra.ebi.ac.uk/vol1/fastq/ERR409/008/ERR4095938/ERR4095938_2.fastq.gz	ftp.sra.ebi.ac.uk/vol1/run/ERR409/ERR4095938/29210_5#65.cram;ftp.sra.ebi.ac.uk/vol1/run/ERR409/ERR4095938/29210_5#65.cram.crai	
ERR4095942	PRJEB30134	SAMEA5226465	ERX4091240	562	Escherichia coli	ftp.sra.ebi.ac.uk/vol1/fastq/ERR409/002/ERR4095942/ERR4095942_1.fastq.gz;ftp.sra.ebi.ac.uk/vol1/fastq/ERR409/002/ERR4095942/ERR4095942_2.fastq.gz	ftp.sra.ebi.ac.uk/vol1/run/ERR409/ERR4095942/29210_5#69.cram;ftp.sra.ebi.ac.uk/vol1/run/ERR409/ERR4095942/29210_5#69.cram.crai	
ERR4095943	PRJEB30134	SAMEA5226466	ERX4091241	562	Escherichia coli	ftp.sra.ebi.ac.uk/vol1/fastq/ERR409/003/ERR4095943/ERR4095943_1.fastq.gz;ftp.sra.ebi.ac.uk/vol1/fastq/ERR409/003/ERR4095943/ERR4095943_2.fastq.gz	ftp.sra.ebi.ac.uk/vol1/run/ERR409/ERR4095943/29210_5#70.cram;ftp.sra.ebi.ac.uk/vol1/run/ERR409/ERR4095943/29210_5#70.cram.crai	
ERR4095949	PRJEB30134	SAMEA5226469	ERX4091247	470	Acinetobacter baumannii	ftp.sra.ebi.ac.uk/vol1/fastq/ERR409/009/ERR4095949/ERR4095949_1.fastq.gz;ftp.sra.ebi.ac.uk/vol1/fastq/ERR409/009/ERR4095949/ERR4095949_2.fastq.gz	ftp.sra.ebi.ac.uk/vol1/run/ERR409/ERR4095949/29210_5#76.cram;ftp.sra.ebi.ac.uk/vol1/run/ERR409/ERR4095949/29210_5#76.cram.crai	
ERR4095955	PRJEB30134	SAMEA5226362	ERX4091253	573	Klebsiella pneumoniae	ftp.sra.ebi.ac.uk/vol1/fastq/ERR409/005/ERR4095955/ERR4095955_1.fastq.gz;ftp.sra.ebi.ac.uk/vol1/fastq/ERR409/005/ERR4095955/ERR4095955_2.fastq.gz	ftp.sra.ebi.ac.uk/vol1/run/ERR409/ERR4095955/29210_5#82.cram;ftp.sra.ebi.ac.uk/vol1/run/ERR409/ERR4095955/29210_5#82.cram.crai	
ERR4095958	PRJEB30134	SAMEA5226363	ERX4091256	573	Klebsiella pneumoniae	ftp.sra.ebi.ac.uk/vol1/fastq/ERR409/008/ERR4095958/ERR4095958_1.fastq.gz;ftp.sra.ebi.ac.uk/vol1/fastq/ERR409/008/ERR4095958/ERR4095958_2.fastq.gz	ftp.sra.ebi.ac.uk/vol1/run/ERR409/ERR4095958/29210_5#85.cram;ftp.sra.ebi.ac.uk/vol1/run/ERR409/ERR4095958/29210_5#85.cram.crai	
ERR4095961	PRJEB30134	SAMEA5226475	ERX4091259	208224	Enterobacter kobei	ftp.sra.ebi.ac.uk/vol1/fastq/ERR409/001/ERR4095961/ERR4095961_1.fastq.gz;ftp.sra.ebi.ac.uk/vol1/fastq/ERR409/001/ERR4095961/ERR4095961_2.fastq.gz	ftp.sra.ebi.ac.uk/vol1/run/ERR409/ERR4095961/29210_5#88.cram	
ERR4095963	PRJEB30134	SAMEA5226366	ERX4091261	573	Klebsiella pneumoniae	ftp.sra.ebi.ac.uk/vol1/fastq/ERR409/003/ERR4095963/ERR4095963_1.fastq.gz;ftp.sra.ebi.ac.uk/vol1/fastq/ERR409/003/ERR4095963/ERR4095963_2.fastq.gz	ftp.sra.ebi.ac.uk/vol1/run/ERR409/ERR4095963/29210_5#90.cram;ftp.sra.ebi.ac.uk/vol1/run/ERR409/ERR4095963/29210_5#90.cram.crai	
ERR4095964	PRJEB30134	SAMEA5226476	ERX4091262	562	Escherichia coli	ftp.sra.ebi.ac.uk/vol1/fastq/ERR409/004/ERR4095964/ERR4095964_1.fastq.gz;ftp.sra.ebi.ac.uk/vol1/fastq/ERR409/004/ERR4095964/ERR4095964_2.fastq.gz	ftp.sra.ebi.ac.uk/vol1/run/ERR409/ERR4095964/29210_5#91.cram;ftp.sra.ebi.ac.uk/vol1/run/ERR409/ERR4095964/29210_5#91.cram.crai	
ERR4095969	PRJEB30134	SAMEA5226479	ERX4091267	573	Klebsiella pneumoniae	ftp.sra.ebi.ac.uk/vol1/fastq/ERR409/009/ERR4095969/ERR4095969_1.fastq.gz;ftp.sra.ebi.ac.uk/vol1/fastq/ERR409/009/ERR4095969/ERR4095969_2.fastq.gz	ftp.sra.ebi.ac.uk/vol1/run/ERR409/ERR4095969/29210_5#96.cram;ftp.sra.ebi.ac.uk/vol1/run/ERR409/ERR4095969/29210_5#96.cram.crai	
ERR4095970	PRJEB30134	SAMEA5226369	ERX4091268	573	Klebsiella pneumoniae	ftp.sra.ebi.ac.uk/vol1/fastq/ERR409/000/ERR4095970/ERR4095970_1.fastq.gz;ftp.sra.ebi.ac.uk/vol1/fastq/ERR409/000/ERR4095970/ERR4095970_2.fastq.gz	ftp.sra.ebi.ac.uk/vol1/run/ERR409/ERR4095970/29210_5#97.cram;ftp.sra.ebi.ac.uk/vol1/run/ERR409/ERR4095970/29210_5#97.cram.crai	
ERR4095971	PRJEB30134	SAMEA5226370	ERX4091269	573	Klebsiella pneumoniae	ftp.sra.ebi.ac.uk/vol1/fastq/ERR409/001/ERR4095971/ERR4095971_1.fastq.gz;ftp.sra.ebi.ac.uk/vol1/fastq/ERR409/001/ERR4095971/ERR4095971_2.fastq.gz	ftp.sra.ebi.ac.uk/vol1/run/ERR409/ERR4095971/29210_5#98.cram;ftp.sra.ebi.ac.uk/vol1/run/ERR409/ERR4095971/29210_5#98.cram.crai	
ERR4095972	PRJEB30134	SAMEA5226480	ERX4091270	470	Acinetobacter baumannii	ftp.sra.ebi.ac.uk/vol1/fastq/ERR409/002/ERR4095972/ERR4095972_1.fastq.gz;ftp.sra.ebi.ac.uk/vol1/fastq/ERR409/002/ERR4095972/ERR4095972_2.fastq.gz	ftp.sra.ebi.ac.uk/vol1/run/ERR409/ERR4095972/29210_5#99.cram;ftp.sra.ebi.ac.uk/vol1/run/ERR409/ERR4095972/29210_5#99.cram.crai	
ERR4095984	PRJEB30134	SAMEA5226376	ERX4091282	573	Klebsiella pneumoniae	ftp.sra.ebi.ac.uk/vol1/fastq/ERR409/004/ERR4095984/ERR4095984_1.fastq.gz;ftp.sra.ebi.ac.uk/vol1/fastq/ERR409/004/ERR4095984/ERR4095984_2.fastq.gz	ftp.sra.ebi.ac.uk/vol1/run/ERR409/ERR4095984/29210_5#111.cram;ftp.sra.ebi.ac.uk/vol1/run/ERR409/ERR4095984/29210_5#111.cram.crai	
ERR4095987	PRJEB30134	SAMEA5226490	ERX4091285	550	Enterobacter cloacae	ftp.sra.ebi.ac.uk/vol1/fastq/ERR409/007/ERR4095987/ERR4095987_1.fastq.gz;ftp.sra.ebi.ac.uk/vol1/fastq/ERR409/007/ERR4095987/ERR4095987_2.fastq.gz	ftp.sra.ebi.ac.uk/vol1/run/ERR409/ERR4095987/29210_5#114.cram	
ERR4095989	PRJEB30134	SAMEA5226379	ERX4091287	573	Klebsiella pneumoniae	ftp.sra.ebi.ac.uk/vol1/fastq/ERR409/009/ERR4095989/ERR4095989_1.fastq.gz;ftp.sra.ebi.ac.uk/vol1/fastq/ERR409/009/ERR4095989/ERR4095989_2.fastq.gz	ftp.sra.ebi.ac.uk/vol1/run/ERR409/ERR4095989/29210_5#116.cram;ftp.sra.ebi.ac.uk/vol1/run/ERR409/ERR4095989/29210_5#116.cram.crai	
ERR4095991	PRJEB30134	SAMEA5226493	ERX4091289	545	Citrobacter koseri	ftp.sra.ebi.ac.uk/vol1/fastq/ERR409/001/ERR4095991/ERR4095991_1.fastq.gz;ftp.sra.ebi.ac.uk/vol1/fastq/ERR409/001/ERR4095991/ERR4095991_2.fastq.gz	ftp.sra.ebi.ac.uk/vol1/run/ERR409/ERR4095991/29210_5#118.cram	
ERR4095997	PRJEB30134	SAMEA5226383	ERX4091295	573	Klebsiella pneumoniae	ftp.sra.ebi.ac.uk/vol1/fastq/ERR409/007/ERR4095997/ERR4095997_1.fastq.gz;ftp.sra.ebi.ac.uk/vol1/fastq/ERR409/007/ERR4095997/ERR4095997_2.fastq.gz	ftp.sra.ebi.ac.uk/vol1/run/ERR409/ERR4095997/29210_5#124.cram;ftp.sra.ebi.ac.uk/vol1/run/ERR409/ERR4095997/29210_5#124.cram.crai	
ERR4095998	PRJEB30134	SAMEA5226496	ERX4091296	545	Citrobacter koseri	ftp.sra.ebi.ac.uk/vol1/fastq/ERR409/008/ERR4095998/ERR4095998_1.fastq.gz;ftp.sra.ebi.ac.uk/vol1/fastq/ERR409/008/ERR4095998/ERR4095998_2.fastq.gz	ftp.sra.ebi.ac.uk/vol1/run/ERR409/ERR4095998/29210_5#125.cram	
ERR4095999	PRJEB30134	SAMEA5226497	ERX4091297	546	Citrobacter freundii	ftp.sra.ebi.ac.uk/vol1/fastq/ERR409/009/ERR4095999/ERR4095999_1.fastq.gz;ftp.sra.ebi.ac.uk/vol1/fastq/ERR409/009/ERR4095999/ERR4095999_2.fastq.gz	ftp.sra.ebi.ac.uk/vol1/run/ERR409/ERR4095999/29210_5#126.cram	
ERR4096000	PRJEB30134	SAMEA5226384	ERX4091298	573	Klebsiella pneumoniae	ftp.sra.ebi.ac.uk/vol1/fastq/ERR409/000/ERR4096000/ERR4096000_1.fastq.gz;ftp.sra.ebi.ac.uk/vol1/fastq/ERR409/000/ERR4096000/ERR4096000_2.fastq.gz	ftp.sra.ebi.ac.uk/vol1/run/ERR409/ERR4096000/29210_5#127.cram;ftp.sra.ebi.ac.uk/vol1/run/ERR409/ERR4096000/29210_5#127.cram.crai	
ERR4096004	PRJEB30134	SAMEA5226386	ERX4091302	573	Klebsiella pneumoniae	ftp.sra.ebi.ac.uk/vol1/fastq/ERR409/004/ERR4096004/ERR4096004_1.fastq.gz;ftp.sra.ebi.ac.uk/vol1/fastq/ERR409/004/ERR4096004/ERR4096004_2.fastq.gz	ftp.sra.ebi.ac.uk/vol1/run/ERR409/ERR4096004/29210_5#131.cram;ftp.sra.ebi.ac.uk/vol1/run/ERR409/ERR4096004/29210_5#131.cram.crai	
ERR4096005	PRJEB30134	SAMEA5226387	ERX4091303	573	Klebsiella pneumoniae	ftp.sra.ebi.ac.uk/vol1/fastq/ERR409/005/ERR4096005/ERR4096005_1.fastq.gz;ftp.sra.ebi.ac.uk/vol1/fastq/ERR409/005/ERR4096005/ERR4096005_2.fastq.gz	ftp.sra.ebi.ac.uk/vol1/run/ERR409/ERR4096005/29210_5#132.cram;ftp.sra.ebi.ac.uk/vol1/run/ERR409/ERR4096005/29210_5#132.cram.crai	
ERR4096008	PRJEB30134	SAMEA5226388	ERX4091306	573	Klebsiella pneumoniae	ftp.sra.ebi.ac.uk/vol1/fastq/ERR409/008/ERR4096008/ERR4096008_1.fastq.gz;ftp.sra.ebi.ac.uk/vol1/fastq/ERR409/008/ERR4096008/ERR4096008_2.fastq.gz	ftp.sra.ebi.ac.uk/vol1/run/ERR409/ERR4096008/29210_5#135.cram;ftp.sra.ebi.ac.uk/vol1/run/ERR409/ERR4096008/29210_5#135.cram.crai	
ERR4096010	PRJEB30134	SAMEA5226502	ERX4091308	562	Escherichia coli	ftp.sra.ebi.ac.uk/vol1/fastq/ERR409/000/ERR4096010/ERR4096010_1.fastq.gz;ftp.sra.ebi.ac.uk/vol1/fastq/ERR409/000/ERR4096010/ERR4096010_2.fastq.gz	ftp.sra.ebi.ac.uk/vol1/run/ERR409/ERR4096010/29210_5#137.cram;ftp.sra.ebi.ac.uk/vol1/run/ERR409/ERR4096010/29210_5#137.cram.crai	
ERR4096012	PRJEB30134	SAMEA5226390	ERX4091310	573	Klebsiella pneumoniae	ftp.sra.ebi.ac.uk/vol1/fastq/ERR409/002/ERR4096012/ERR4096012_1.fastq.gz;ftp.sra.ebi.ac.uk/vol1/fastq/ERR409/002/ERR4096012/ERR4096012_2.fastq.gz	ftp.sra.ebi.ac.uk/vol1/run/ERR409/ERR4096012/29210_5#139.cram;ftp.sra.ebi.ac.uk/vol1/run/ERR409/ERR4096012/29210_5#139.cram.crai	
ERR4096014	PRJEB30134	SAMEA5226391	ERX4091312	571	Klebsiella oxytoca	ftp.sra.ebi.ac.uk/vol1/fastq/ERR409/004/ERR4096014/ERR4096014_1.fastq.gz;ftp.sra.ebi.ac.uk/vol1/fastq/ERR409/004/ERR4096014/ERR4096014_2.fastq.gz	ftp.sra.ebi.ac.uk/vol1/run/ERR409/ERR4096014/29210_5#141.cram	
ERR4096016	PRJEB30134	SAMEA5226505	ERX4091314	562	Escherichia coli	ftp.sra.ebi.ac.uk/vol1/fastq/ERR409/006/ERR4096016/ERR4096016_1.fastq.gz;ftp.sra.ebi.ac.uk/vol1/fastq/ERR409/006/ERR4096016/ERR4096016_2.fastq.gz	ftp.sra.ebi.ac.uk/vol1/run/ERR409/ERR4096016/29210_5#143.cram;ftp.sra.ebi.ac.uk/vol1/run/ERR409/ERR4096016/29210_5#143.cram.crai	
ERR4096017	PRJEB30134	SAMEA5226506	ERX4091315	562	Escherichia coli	ftp.sra.ebi.ac.uk/vol1/fastq/ERR409/007/ERR4096017/ERR4096017_1.fastq.gz;ftp.sra.ebi.ac.uk/vol1/fastq/ERR409/007/ERR4096017/ERR4096017_2.fastq.gz	ftp.sra.ebi.ac.uk/vol1/run/ERR409/ERR4096017/29210_5#144.cram;ftp.sra.ebi.ac.uk/vol1/run/ERR409/ERR4096017/29210_5#144.cram.crai	
ERR4096018	PRJEB30134	SAMEA5226394	ERX4091316	573	Klebsiella pneumoniae	ftp.sra.ebi.ac.uk/vol1/fastq/ERR409/008/ERR4096018/ERR4096018_1.fastq.gz;ftp.sra.ebi.ac.uk/vol1/fastq/ERR409/008/ERR4096018/ERR4096018_2.fastq.gz	ftp.sra.ebi.ac.uk/vol1/run/ERR409/ERR4096018/29210_5#145.cram;ftp.sra.ebi.ac.uk/vol1/run/ERR409/ERR4096018/29210_5#145.cram.crai	
ERR4096019	PRJEB30134	SAMEA5226395	ERX4091317	573	Klebsiella pneumoniae	ftp.sra.ebi.ac.uk/vol1/fastq/ERR409/009/ERR4096019/ERR4096019_1.fastq.gz;ftp.sra.ebi.ac.uk/vol1/fastq/ERR409/009/ERR4096019/ERR4096019_2.fastq.gz	ftp.sra.ebi.ac.uk/vol1/run/ERR409/ERR4096019/29210_5#146.cram;ftp.sra.ebi.ac.uk/vol1/run/ERR409/ERR4096019/29210_5#146.cram.crai	
ERR4096024	PRJEB30134	SAMEA5936382	ERX4091322	584	Proteus mirabilis	ftp.sra.ebi.ac.uk/vol1/fastq/ERR409/004/ERR4096024/ERR4096024_1.fastq.gz;ftp.sra.ebi.ac.uk/vol1/fastq/ERR409/004/ERR4096024/ERR4096024_2.fastq.gz	ftp.sra.ebi.ac.uk/vol1/run/ERR409/ERR4096024/29210_5#151.cram	
ERR4096028	PRJEB30134	SAMEA5226509	ERX4091326	584	Proteus mirabilis	ftp.sra.ebi.ac.uk/vol1/fastq/ERR409/008/ERR4096028/ERR4096028_1.fastq.gz;ftp.sra.ebi.ac.uk/vol1/fastq/ERR409/008/ERR4096028/ERR4096028_2.fastq.gz	ftp.sra.ebi.ac.uk/vol1/run/ERR409/ERR4096028/29210_5#155.cram	
ERR4096030	PRJEB30134	SAMEA5226402	ERX4091328	571	Klebsiella oxytoca	ftp.sra.ebi.ac.uk/vol1/fastq/ERR409/000/ERR4096030/ERR4096030_1.fastq.gz;ftp.sra.ebi.ac.uk/vol1/fastq/ERR409/000/ERR4096030/ERR4096030_2.fastq.gz	ftp.sra.ebi.ac.uk/vol1/run/ERR409/ERR4096030/29210_5#157.cram	
ERR4096031	PRJEB30134	SAMEA5226403	ERX4091329	573	Klebsiella pneumoniae	ftp.sra.ebi.ac.uk/vol1/fastq/ERR409/001/ERR4096031/ERR4096031_1.fastq.gz;ftp.sra.ebi.ac.uk/vol1/fastq/ERR409/001/ERR4096031/ERR4096031_2.fastq.gz	ftp.sra.ebi.ac.uk/vol1/run/ERR409/ERR4096031/29210_5#158.cram;ftp.sra.ebi.ac.uk/vol1/run/ERR409/ERR4096031/29210_5#158.cram.crai	
ERR4096034	PRJEB30134	SAMEA5226405	ERX4091332	573	Klebsiella pneumoniae	ftp.sra.ebi.ac.uk/vol1/fastq/ERR409/004/ERR4096034/ERR4096034_1.fastq.gz;ftp.sra.ebi.ac.uk/vol1/fastq/ERR409/004/ERR4096034/ERR4096034_2.fastq.gz	ftp.sra.ebi.ac.uk/vol1/run/ERR409/ERR4096034/29210_5#161.cram;ftp.sra.ebi.ac.uk/vol1/run/ERR409/ERR4096034/29210_5#161.cram.crai	
ERR4096037	PRJEB30134	SAMEA5226514	ERX4091335	287	Pseudomonas aeruginosa	ftp.sra.ebi.ac.uk/vol1/fastq/ERR409/007/ERR4096037/ERR4096037_1.fastq.gz;ftp.sra.ebi.ac.uk/vol1/fastq/ERR409/007/ERR4096037/ERR4096037_2.fastq.gz	ftp.sra.ebi.ac.uk/vol1/run/ERR409/ERR4096037/29210_5#164.cram;ftp.sra.ebi.ac.uk/vol1/run/ERR409/ERR4096037/29210_5#164.cram.crai	
ERR4096038	PRJEB30134	SAMEA5226407	ERX4091336	571	Klebsiella oxytoca	ftp.sra.ebi.ac.uk/vol1/fastq/ERR409/008/ERR4096038/ERR4096038_1.fastq.gz;ftp.sra.ebi.ac.uk/vol1/fastq/ERR409/008/ERR4096038/ERR4096038_2.fastq.gz	ftp.sra.ebi.ac.uk/vol1/run/ERR409/ERR4096038/29210_5#165.cram	
ERR4096040	PRJEB30134	SAMEA5226515	ERX4091338	615	Serratia marcescens	ftp.sra.ebi.ac.uk/vol1/fastq/ERR409/000/ERR4096040/ERR4096040_1.fastq.gz;ftp.sra.ebi.ac.uk/vol1/fastq/ERR409/000/ERR4096040/ERR4096040_2.fastq.gz	ftp.sra.ebi.ac.uk/vol1/run/ERR409/ERR4096040/29210_5#167.cram	
ERR4096041	PRJEB30134	SAMEA5226516	ERX4091339	615	Serratia marcescens	ftp.sra.ebi.ac.uk/vol1/fastq/ERR409/001/ERR4096041/ERR4096041_1.fastq.gz;ftp.sra.ebi.ac.uk/vol1/fastq/ERR409/001/ERR4096041/ERR4096041_2.fastq.gz	ftp.sra.ebi.ac.uk/vol1/run/ERR409/ERR4096041/29210_5#168.cram	
ERR4096047	PRJEB30134	SAMEA5226519	ERX4091345	615	Serratia marcescens	ftp.sra.ebi.ac.uk/vol1/fastq/ERR409/007/ERR4096047/ERR4096047_1.fastq.gz;ftp.sra.ebi.ac.uk/vol1/fastq/ERR409/007/ERR4096047/ERR4096047_2.fastq.gz	ftp.sra.ebi.ac.uk/vol1/run/ERR409/ERR4096047/29210_5#174.cram	
ERR4096049	PRJEB30134	SAMEA5226413	ERX4091347	573	Klebsiella pneumoniae	ftp.sra.ebi.ac.uk/vol1/fastq/ERR409/009/ERR4096049/ERR4096049_1.fastq.gz;ftp.sra.ebi.ac.uk/vol1/fastq/ERR409/009/ERR4096049/ERR4096049_2.fastq.gz	ftp.sra.ebi.ac.uk/vol1/run/ERR409/ERR4096049/29210_5#176.cram;ftp.sra.ebi.ac.uk/vol1/run/ERR409/ERR4096049/29210_5#176.cram.crai	
ERR4096051	PRJEB30134	SAMEA5226522	ERX4091349	573	Klebsiella pneumoniae	ftp.sra.ebi.ac.uk/vol1/fastq/ERR409/001/ERR4096051/ERR4096051_1.fastq.gz;ftp.sra.ebi.ac.uk/vol1/fastq/ERR409/001/ERR4096051/ERR4096051_2.fastq.gz	ftp.sra.ebi.ac.uk/vol1/run/ERR409/ERR4096051/29210_5#178.cram;ftp.sra.ebi.ac.uk/vol1/run/ERR409/ERR4096051/29210_5#178.cram.crai	
ERR4096057	PRJEB30134	SAMEA5226417	ERX4091355	573	Klebsiella pneumoniae	ftp.sra.ebi.ac.uk/vol1/fastq/ERR409/007/ERR4096057/ERR4096057_1.fastq.gz;ftp.sra.ebi.ac.uk/vol1/fastq/ERR409/007/ERR4096057/ERR4096057_2.fastq.gz	ftp.sra.ebi.ac.uk/vol1/run/ERR409/ERR4096057/29210_5#184.cram;ftp.sra.ebi.ac.uk/vol1/run/ERR409/ERR4096057/29210_5#184.cram.crai	
ERR4096061	PRJEB30134	SAMEA5226420	ERX4091359	573	Klebsiella pneumoniae	ftp.sra.ebi.ac.uk/vol1/fastq/ERR409/001/ERR4096061/ERR4096061_1.fastq.gz;ftp.sra.ebi.ac.uk/vol1/fastq/ERR409/001/ERR4096061/ERR4096061_2.fastq.gz	ftp.sra.ebi.ac.uk/vol1/run/ERR409/ERR4096061/29210_5#188.cram;ftp.sra.ebi.ac.uk/vol1/run/ERR409/ERR4096061/29210_5#188.cram.crai	
ERR4096063	PRJEB30134	SAMEA5226520	ERX4091361	573	Klebsiella pneumoniae	ftp.sra.ebi.ac.uk/vol1/fastq/ERR409/003/ERR4096063/ERR4096063_1.fastq.gz;ftp.sra.ebi.ac.uk/vol1/fastq/ERR409/003/ERR4096063/ERR4096063_2.fastq.gz	ftp.sra.ebi.ac.uk/vol1/run/ERR409/ERR4096063/29210_5#190.cram;ftp.sra.ebi.ac.uk/vol1/run/ERR409/ERR4096063/29210_5#190.cram.crai	
ERR4096064	PRJEB30134	SAMEA5226421	ERX4091362	573	Klebsiella pneumoniae	ftp.sra.ebi.ac.uk/vol1/fastq/ERR409/004/ERR4096064/ERR4096064_1.fastq.gz;ftp.sra.ebi.ac.uk/vol1/fastq/ERR409/004/ERR4096064/ERR4096064_2.fastq.gz	ftp.sra.ebi.ac.uk/vol1/run/ERR409/ERR4096064/29210_5#191.cram;ftp.sra.ebi.ac.uk/vol1/run/ERR409/ERR4096064/29210_5#191.cram.crai	
